{
    "objects": [
        {
            "goal_pos": [
                -1.0350368785917623,
                -0.5828750707244701,
                0.07500000000000001
            ],
            "goal_quat": [
                0.9030967947950741,
                0.0,
                0.0,
                0.4294370492061249
            ],
            "shape": [
                0.03,
                0.3,
                0.05
            ],
            "start_pos": [
                0.4221348752151862,
                0.3457487432710813,
                0.15100000000000002
            ],
            "start_quat": [
                0.2137074578765301,
                -0.0,
                -0.0,
                -0.9768977031644364
            ]
        },
        {
            "goal_pos": [
                0.02328374131771188,
                -0.675855458589075,
                0.07500000000000001
            ],
            "goal_quat": [
                0.5481594944118806,
                0.0,
                0.0,
                0.8363738211386769
            ],
            "shape": [
                0.03,
                0.3,
                0.05
            ],
            "start_pos": [
                -0.39632187392775614,
                0.3473057616618962,
                0.551
            ],
            "start_quat": [
                0.9307006707473652,
                0.0,
                0.0,
                0.365781712870401
            ]
        }
    ]
}