{
    "objects": [
        {
            "goal_pos": [
                -0.4476485454741089,
                -0.982964564939699,
                0.07500000000000001
            ],
            "goal_quat": [
                0.19426899121422095,
                0.0,
                0.0,
                0.9809482958100335
            ],
            "shape": [
                0.03,
                0.3,
                0.05
            ],
            "start_pos": [
                0.40724596863791396,
                0.3144147660547236,
                0.15100000000000002
            ],
            "start_quat": [
                0.2448180793091971,
                -0.0,
                -0.0,
                -0.9695690321185778
            ]
        },
        {
            "goal_pos": [
                0.5114151693134313,
                -0.908050683954722,
                0.07500000000000001
            ],
            "goal_quat": [
                0.3191749579024096,
                0.0,
                0.0,
                0.9476958089218265
            ],
            "shape": [
                0.03,
                0.3,
                0.05
            ],
            "start_pos": [
                -0.38141942833793063,
                0.3093676697739587,
                0.551
            ],
            "start_quat": [
                0.8204610629439312,
                -0.0,
                -0.0,
                -0.5717024087695578
            ]
        },
        {
            "goal_pos": [
                0.14665721060059284,
                -0.9415321760688551,
                0.07500000000000001
            ],
            "goal_quat": [
                0.47098313770824923,
                -0.0,
                -0.0,
                -0.882142213021513
            ],
            "shape": [
                0.03,
                0.3,
                0.05
            ],
            "start_pos": [
                0.009853783000686976,
                0.27628121156073987,
                0.15100000000000002
            ],
            "start_quat": [
                0.5953046519875937,
                0.0,
                0.0,
                0.8035000754959081
            ]
        },
        {
            "goal_pos": [
                -0.9271334120307242,
                -0.6617677886294898,
                0.07500000000000001
            ],
            "goal_quat": [
                0.5479428643184724,
                -0.0,
                -0.0,
                -0.8365157604268243
            ],
            "shape": [
                0.03,
                0.3,
                0.05
            ],
            "start_pos": [
                0.012387250765024414,
                0.34874568976613496,
                0.551
            ],
            "start_quat": [
                0.5451222875465322,
                0.0,
                0.0,
                0.8383565420631224
            ]
        }
    ]
}