{
    "objects": [
        {
            "goal_pos": [
                0.3984913690588406,
                -0.9774347849215628,
                0.07500000000000001
            ],
            "goal_quat": [
                0.9754095122986097,
                -0.0,
                -0.0,
                -0.22040027975796297
            ],
            "shape": [
                0.03,
                0.3,
                0.05
            ],
            "start_pos": [
                0.4081328284593932,
                0.3244895814262235,
                0.15100000000000002
            ],
            "start_quat": [
                0.28465861497782435,
                0.0,
                0.0,
                0.9586289547676445
            ]
        },
        {
            "goal_pos": [
                -0.15359248757849508,
                -0.8953813237231052,
                0.07500000000000001
            ],
            "goal_quat": [
                0.9692387707703332,
                0.0,
                0.0,
                0.24612233794520497
            ],
            "shape": [
                0.03,
                0.3,
                0.05
            ],
            "start_pos": [
                -0.39816570914575655,
                0.3288330178754515,
                0.551
            ],
            "start_quat": [
                0.8259354294107699,
                0.0,
                0.0,
                0.5637647261438472
            ]
        }
    ]
}