{
    "objects": [
        {
            "goal_pos": [
                -0.30674802226033027,
                -0.8713322937585903,
                0.07500000000000001
            ],
            "goal_quat": [
                0.9882765563981295,
                -0.0,
                -0.0,
                -0.15267432028293051
            ],
            "shape": [
                0.03,
                0.3,
                0.05
            ],
            "start_pos": [
                0.37910231851995035,
                0.26752125169213925,
                0.15100000000000002
            ],
            "start_quat": [
                0.06366894864386914,
                -0.0,
                -0.0,
                -0.9979710742193806
            ]
        },
        {
            "goal_pos": [
                0.955713546497991,
                -0.37672800099347004,
                0.07500000000000001
            ],
            "goal_quat": [
                0.6449116487850305,
                -0.0,
                -0.0,
                -0.7642571329476575
            ],
            "shape": [
                0.03,
                0.3,
                0.05
            ],
            "start_pos": [
                -0.39655098770335867,
                0.3132261643528412,
                0.551
            ],
            "start_quat": [
                0.5628468991684705,
                -0.0,
                -0.0,
                -0.8265611702084955
            ]
        }
    ]
}