{
    "objects": [
        {
            "goal_pos": [
                0.6307217862939407,
                -0.8350937232144107,
                0.07500000000000001
            ],
            "goal_quat": [
                0.05310923833947975,
                0.0,
                0.0,
                0.9985887085296931
            ],
            "shape": [
                0.03,
                0.3,
                0.05
            ],
            "start_pos": [
                0.3824252431234485,
                0.2771266915897583,
                0.15100000000000002
            ],
            "start_quat": [
                0.29561344448487203,
                -0.0,
                -0.0,
                -0.9553076423015726
            ]
        },
        {
            "goal_pos": [
                1.0167982046460153,
                -0.5548628215463152,
                0.07500000000000001
            ],
            "goal_quat": [
                0.18134219770026072,
                -0.0,
                -0.0,
                -0.9834200564017593
            ],
            "shape": [
                0.03,
                0.3,
                0.05
            ],
            "start_pos": [
                -0.40376517081258523,
                0.3199079603144545,
                0.551
            ],
            "start_quat": [
                0.8598902230714335,
                -0.0,
                -0.0,
                -0.5104789949313884
            ]
        },
        {
            "goal_pos": [
                0.22215034779796486,
                -0.8204150354270234,
                0.07500000000000001
            ],
            "goal_quat": [
                0.9730756726507082,
                0.0,
                0.0,
                0.23048586788645392
            ],
            "shape": [
                0.03,
                0.3,
                0.05
            ],
            "start_pos": [
                0.020035865151214402,
                0.3488737180136424,
                0.15100000000000002
            ],
            "start_quat": [
                0.9945174853412946,
                -0.0,
                -0.0,
                -0.10457041336070111
            ]
        },
        {
            "goal_pos": [
                -0.8399789401420005,
                -0.5986961235950354,
                0.07500000000000001
            ],
            "goal_quat": [
                0.9962210812016933,
                0.0,
                0.0,
                0.08685365489908396
            ],
            "shape": [
                0.03,
                0.3,
                0.05
            ],
            "start_pos": [
                0.007068767608793838,
                0.2922088280308187,
                0.551
            ],
            "start_quat": [
                0.7515620625951367,
                -0.0,
                -0.0,
                -0.6596623879438207
            ]
        }
    ]
}