{
    "objects": [
        {
            "goal_pos": [
                -1.029288716716938,
                -0.5056488331177984,
                0.07500000000000001
            ],
            "goal_quat": [
                0.676988809144865,
                0.0,
                0.0,
                0.7359933099509924
            ],
            "shape": [
                0.03,
                0.3,
                0.05
            ],
            "start_pos": [
                0.39138028116207146,
                0.3382909993954831,
                0.15100000000000002
            ],
            "start_quat": [
                0.3299852085834895,
                0.0,
                0.0,
                0.9439861027134409
            ]
        },
        {
            "goal_pos": [
                0.22314888873757563,
                -0.9624205792349507,
                0.07500000000000001
            ],
            "goal_quat": [
                0.9261168911800173,
                -0.0,
                -0.0,
                -0.37723666824827623
            ],
            "shape": [
                0.03,
                0.3,
                0.05
            ],
            "start_pos": [
                -0.38526425184357005,
                0.3380231639387704,
                0.551
            ],
            "start_quat": [
                0.4191260015631338,
                0.0,
                0.0,
                0.9079280779961042
            ]
        },
        {
            "goal_pos": [
                -0.7694121224271713,
                -0.7737660893281637,
                0.07500000000000001
            ],
            "goal_quat": [
                0.2709017205367365,
                0.0,
                0.0,
                0.9626070110955124
            ],
            "shape": [
                0.03,
                0.3,
                0.05
            ],
            "start_pos": [
                0.018192108688931515,
                0.25958280098527253,
                0.15100000000000002
            ],
            "start_quat": [
                0.1886461704455346,
                0.0,
                0.0,
                0.9820451223728135
            ]
        },
        {
            "goal_pos": [
                0.6764736064826928,
                -0.8948407153413473,
                0.07500000000000001
            ],
            "goal_quat": [
                0.9187990713181938,
                0.0,
                0.0,
                0.39472555851480473
            ],
            "shape": [
                0.03,
                0.3,
                0.05
            ],
            "start_pos": [
                -0.023488768064270433,
                0.30355792472842746,
                0.551
            ],
            "start_quat": [
                0.22012120033096802,
                0.0,
                0.0,
                0.9754725301949071
            ]
        }
    ]
}