{
    "objects": [
        {
            "goal_pos": [
                -1.1507788003254993,
                0.23870273791568672,
                0.19
            ],
            "goal_quat": [
                0.08227041075255123,
                -0.0,
                -0.0,
                -0.9966100438559741
            ],
            "shape": [
                0.25,
                0.15,
                0.28
            ],
            "start_pos": [
                0.5819945891541076,
                0.9491576329694573,
                0.19
            ],
            "start_quat": [
                0.8836733290525598,
                0.0,
                0.0,
                0.46810409902196576
            ]
        },
        {
            "goal_pos": [
                -0.7510909322966364,
                0.8725101419526244,
                0.08
            ],
            "goal_quat": [
                0.8441603463079805,
                -0.0,
                -0.0,
                -0.5360907663084586
            ],
            "shape": [
                0.25,
                0.13,
                0.06
            ],
            "start_pos": [
                -0.7924788088303976,
                -0.3607169769813544,
                0.08
            ],
            "start_quat": [
                0.7288224913630693,
                0.0,
                0.0,
                0.6847026917453508
            ]
        }
    ]
}