{
    "objects": [
        {
            "goal_pos": [
                0.6319880725070806,
                -0.6551688928391259,
                0.14
            ],
            "goal_quat": [
                0.5909145236835879,
                -0.0,
                -0.0,
                -0.8067341728845993
            ],
            "shape": [
                0.22,
                0.2,
                0.18
            ],
            "start_pos": [
                0.13127843378519533,
                -0.335682900374372,
                0.14
            ],
            "start_quat": [
                0.5747784627739179,
                -0.0,
                -0.0,
                -0.8183090606435028
            ]
        },
        {
            "goal_pos": [
                -0.4935411587839911,
                -0.4645630098211122,
                0.175
            ],
            "goal_quat": [
                0.6407173242652965,
                -0.0,
                -0.0,
                -0.7677768623671326
            ],
            "shape": [
                0.25,
                0.09,
                0.25
            ],
            "start_pos": [
                -0.22625285084767832,
                -0.41648197918784235,
                0.175
            ],
            "start_quat": [
                0.7634270808731581,
                -0.0,
                -0.0,
                -0.6458940255099814
            ]
        },
        {
            "goal_pos": [
                0.4327811299835768,
                -0.42967695569140063,
                0.12000000000000001
            ],
            "goal_quat": [
                0.5102977794879021,
                -0.0,
                -0.0,
                -0.8599977768864966
            ],
            "shape": [
                0.08,
                0.15,
                0.14
            ],
            "start_pos": [
                0.33945689671699364,
                -0.6105955989458101,
                0.12000000000000001
            ],
            "start_quat": [
                0.8524469396013914,
                0.0,
                0.0,
                0.5228137480635161
            ]
        }
    ]
}