{
    "objects": [
        {
            "goal_pos": [
                1.0547497607965208,
                0.689121105049694,
                0.085
            ],
            "goal_quat": [
                0.9851062710166347,
                -0.0,
                -0.0,
                -0.17194660451343782
            ],
            "shape": [
                0.07,
                0.15,
                0.07
            ],
            "start_pos": [
                0.18692545708352004,
                0.4833493789345149,
                0.085
            ],
            "start_quat": [
                0.9983441765524249,
                0.0,
                0.0,
                0.05752308357399392
            ]
        },
        {
            "goal_pos": [
                1.1087429099795414,
                -0.6416504639761033,
                0.14500000000000002
            ],
            "goal_quat": [
                0.8775512690151442,
                -0.0,
                -0.0,
                -0.47948281538540044
            ],
            "shape": [
                0.08,
                0.05,
                0.19
            ],
            "start_pos": [
                -0.6695369615610376,
                -0.8161094736246458,
                0.14500000000000002
            ],
            "start_quat": [
                0.9969477109831492,
                0.0,
                0.0,
                0.0780721561471141
            ]
        },
        {
            "goal_pos": [
                -1.0750461546896652,
                0.04933619401822259,
                0.07500000000000001
            ],
            "goal_quat": [
                0.11672474930718604,
                0.0,
                0.0,
                0.9931643030733508
            ],
            "shape": [
                0.18,
                0.11,
                0.05
            ],
            "start_pos": [
                -0.45640072153520633,
                1.0819292195691448,
                0.07500000000000001
            ],
            "start_quat": [
                0.952978459232604,
                0.0,
                0.0,
                0.3030380442100497
            ]
        }
    ]
}