{
    "objects": [
        {
            "goal_pos": [
                -1.089281296825765,
                -0.3569306241243033,
                0.09
            ],
            "goal_quat": [
                0.6173857419029899,
                -0.0,
                -0.0,
                -0.7866605657428716
            ],
            "shape": [
                0.25,
                0.18,
                0.08
            ],
            "start_pos": [
                -0.031198492554843416,
                -0.911820118309679,
                0.09
            ],
            "start_quat": [
                0.03772713101848898,
                -0.0,
                -0.0,
                -0.9992880783763578
            ]
        },
        {
            "goal_pos": [
                -0.1628923434620213,
                0.9833579839609994,
                0.13
            ],
            "goal_quat": [
                0.5623906252956283,
                -0.0,
                -0.0,
                -0.8268716856801859
            ],
            "shape": [
                0.18,
                0.23,
                0.16
            ],
            "start_pos": [
                0.546151677383208,
                -0.4100733806313702,
                0.13
            ],
            "start_quat": [
                0.5877554901323881,
                -0.0,
                -0.0,
                -0.8090386170135738
            ]
        },
        {
            "goal_pos": [
                -0.5369837325554113,
                -1.109007834414131,
                0.08
            ],
            "goal_quat": [
                0.9771428346651868,
                0.0,
                0.0,
                0.21258382032149906
            ],
            "shape": [
                0.06,
                0.16,
                0.06
            ],
            "start_pos": [
                -1.1842515100166457,
                0.9465655409896064,
                0.08
            ],
            "start_quat": [
                0.595181533437398,
                0.0,
                0.0,
                0.8035912781104008
            ]
        },
        {
            "goal_pos": [
                -1.0036690103335548,
                1.4230490954836819,
                0.14500000000000002
            ],
            "goal_quat": [
                0.1459405984693281,
                0.0,
                0.0,
                0.989293354732768
            ],
            "shape": [
                0.12,
                0.28,
                0.19
            ],
            "start_pos": [
                -0.0797329976172706,
                0.5780531716544299,
                0.14500000000000002
            ],
            "start_quat": [
                0.20925142412320163,
                -0.0,
                -0.0,
                -0.9778618724044884
            ]
        }
    ]
}