{
    "objects": [
        {
            "goal_pos": [
                1.1654703802607191,
                -0.023851445767292145,
                0.15000000000000002
            ],
            "goal_quat": [
                0.1832857984247319,
                0.0,
                0.0,
                0.9830596706689826
            ],
            "shape": [
                0.14,
                0.19,
                0.2
            ],
            "start_pos": [
                0.03269918607525213,
                -0.7144425434589929,
                0.15000000000000002
            ],
            "start_quat": [
                0.1284942442381512,
                -0.0,
                -0.0,
                -0.9917102546599316
            ]
        }
    ]
}