{
    "objects": [
        {
            "goal_pos": [
                -0.8913724081892547,
                -0.6883476756225664,
                0.15000000000000002
            ],
            "goal_quat": [
                0.4560209949926581,
                -0.0,
                -0.0,
                -0.8899690175089839
            ],
            "shape": [
                0.11,
                0.13,
                0.2
            ],
            "start_pos": [
                0.023135641531924378,
                0.5721118604151305,
                0.15000000000000002
            ],
            "start_quat": [
                0.07435918768232369,
                0.0,
                0.0,
                0.9972315233721931
            ]
        },
        {
            "goal_pos": [
                1.0106448985086354,
                -0.4627815368302144,
                0.125
            ],
            "goal_quat": [
                0.7164730026192793,
                -0.0,
                -0.0,
                -0.6976148195943906
            ],
            "shape": [
                0.12,
                0.13,
                0.15
            ],
            "start_pos": [
                0.08265903068791525,
                0.12100985478793314,
                0.125
            ],
            "start_quat": [
                0.4659235046424313,
                0.0,
                0.0,
                0.8848250040667445
            ]
        }
    ]
}