{
    "objects": [
        {
            "goal_pos": [
                0.9912948938585524,
                -0.41855700042059524,
                0.07500000000000001
            ],
            "goal_quat": [
                0.9999735891063599,
                -0.0,
                -0.0,
                -0.007267811895255807
            ],
            "shape": [
                0.03,
                0.3,
                0.05
            ],
            "start_pos": [
                0.41051269502223,
                0.3480313024777686,
                0.15100000000000002
            ],
            "start_quat": [
                0.9587604406672223,
                -0.0,
                -0.0,
                -0.28421544189504144
            ]
        },
        {
            "goal_pos": [
                0.14809580973686237,
                -0.8458544415711271,
                0.07500000000000001
            ],
            "goal_quat": [
                0.009032727842337026,
                0.0,
                0.0,
                0.9999592040817097
            ],
            "shape": [
                0.03,
                0.3,
                0.05
            ],
            "start_pos": [
                -0.4120332016659477,
                0.30837580251888774,
                0.551
            ],
            "start_quat": [
                0.4409252334103506,
                -0.0,
                -0.0,
                -0.8975438365573171
            ]
        }
    ]
}