{
    "objects": [
        {
            "goal_pos": [
                -0.7731075677565582,
                0.5256160742827976,
                0.14
            ],
            "goal_quat": [
                0.3158085236865234,
                0.0,
                0.0,
                0.948822942580405
            ],
            "shape": [
                0.07,
                0.31,
                0.18
            ],
            "start_pos": [
                0.30922387960836195,
                -0.48857472020721593,
                0.14
            ],
            "start_quat": [
                0.9928961630574124,
                -0.0,
                -0.0,
                -0.11898407198389405
            ]
        },
        {
            "goal_pos": [
                -0.22558290105632484,
                1.424836249825607,
                0.115
            ],
            "goal_quat": [
                0.3741401345454335,
                0.0,
                0.0,
                0.9273721797219954
            ],
            "shape": [
                0.32,
                0.05,
                0.13
            ],
            "start_pos": [
                -1.1165428441864065,
                -0.3544800823968761,
                0.115
            ],
            "start_quat": [
                0.8237691360703399,
                -0.0,
                -0.0,
                -0.5669254011401551
            ]
        }
    ]
}