{
    "objects": [
        {
            "goal_pos": [
                0.014218793734749047,
                -0.7895712876888773,
                0.07500000000000001
            ],
            "goal_quat": [
                0.9999998440795577,
                0.0,
                0.0,
                0.0005584271307797396
            ],
            "shape": [
                0.03,
                0.3,
                0.05
            ],
            "start_pos": [
                0.3913396756264988,
                0.3282556299205679,
                0.15100000000000002
            ],
            "start_quat": [
                0.8555330070286141,
                -0.0,
                -0.0,
                -0.5177482727007183
            ]
        },
        {
            "goal_pos": [
                0.3661704348484054,
                -0.859412205483679,
                0.07500000000000001
            ],
            "goal_quat": [
                0.8609660795145798,
                -0.0,
                -0.0,
                -0.5086623732155685
            ],
            "shape": [
                0.03,
                0.3,
                0.05
            ],
            "start_pos": [
                -0.3868806137112768,
                0.3165330303850329,
                0.551
            ],
            "start_quat": [
                0.9999823693574786,
                0.0,
                0.0,
                0.005938095166224014
            ]
        },
        {
            "goal_pos": [
                1.0427819094346886,
                -0.39947617749289527,
                0.07500000000000001
            ],
            "goal_quat": [
                0.907879174466858,
                -0.0,
                -0.0,
                -0.41923192217360594
            ],
            "shape": [
                0.03,
                0.3,
                0.05
            ],
            "start_pos": [
                -0.005511201716126679,
                0.3000298351867624,
                0.15100000000000002
            ],
            "start_quat": [
                0.9895590234491539,
                0.0,
                0.0,
                0.1441282037297243
            ]
        },
        {
            "goal_pos": [
                -0.9064384123300763,
                -0.555732237292855,
                0.07500000000000001
            ],
            "goal_quat": [
                0.5823034756687177,
                -0.0,
                -0.0,
                -0.8129715014833737
            ],
            "shape": [
                0.03,
                0.3,
                0.05
            ],
            "start_pos": [
                -0.003949885425287545,
                0.30807688309253656,
                0.551
            ],
            "start_quat": [
                0.8555844373048365,
                0.0,
                0.0,
                0.5176632792093393
            ]
        }
    ]
}