{
    "objects": [
        {
            "goal_pos": [
                -0.9589124588196704,
                0.08228026898800767,
                0.095
            ],
            "goal_quat": [
                0.7946994218100494,
                0.0,
                0.0,
                0.6070031540072697
            ],
            "shape": [
                0.18,
                0.08,
                0.09
            ],
            "start_pos": [
                0.11386422528315876,
                -0.47531893576067846,
                0.095
            ],
            "start_quat": [
                0.13973219920018415,
                0.0,
                0.0,
                0.9901893316465695
            ]
        },
        {
            "goal_pos": [
                0.9508612671392735,
                -0.003314862407538366,
                0.07500000000000001
            ],
            "goal_quat": [
                0.8466868458867332,
                0.0,
                0.0,
                0.532091519385881
            ],
            "shape": [
                0.13,
                0.14,
                0.05
            ],
            "start_pos": [
                0.05910175826725139,
                -0.14803385352112164,
                0.07500000000000001
            ],
            "start_quat": [
                0.99549303178475,
                0.0,
                0.0,
                0.09483471763023665
            ]
        }
    ]
}