{
    "objects": [
        {
            "goal_pos": [
                0.06263628215548889,
                -0.7082558716013175,
                0.07500000000000001
            ],
            "goal_quat": [
                0.8726476855286697,
                0.0,
                0.0,
                0.4883503014655116
            ],
            "shape": [
                0.03,
                0.3,
                0.05
            ],
            "start_pos": [
                0.3765697506123421,
                0.31953163641775495,
                0.15100000000000002
            ],
            "start_quat": [
                0.25073592311451187,
                -0.0,
                -0.0,
                -0.9680555236451645
            ]
        },
        {
            "goal_pos": [
                0.3685001289307642,
                -0.9135109829423009,
                0.07500000000000001
            ],
            "goal_quat": [
                0.32620563562339094,
                0.0,
                0.0,
                0.9452988327970894
            ],
            "shape": [
                0.03,
                0.3,
                0.05
            ],
            "start_pos": [
                -0.38337559500256807,
                0.3215224290675817,
                0.551
            ],
            "start_quat": [
                0.47067950667271996,
                0.0,
                0.0,
                0.8823042570442041
            ]
        },
        {
            "goal_pos": [
                -0.8558059834898939,
                -0.7626748228363365,
                0.07500000000000001
            ],
            "goal_quat": [
                0.2754839331665609,
                -0.0,
                -0.0,
                -0.9613056759257598
            ],
            "shape": [
                0.03,
                0.3,
                0.05
            ],
            "start_pos": [
                -0.020196402058053457,
                0.2714523536434809,
                0.15100000000000002
            ],
            "start_quat": [
                0.9991954574458404,
                0.0,
                0.0,
                0.04010533405418633
            ]
        }
    ]
}