{
    "objects": [
        {
            "goal_pos": [
                -0.4822545020813783,
                -0.46896514964363145,
                0.2
            ],
            "goal_quat": [
                0.5590042861407976,
                0.0,
                0.0,
                0.8291647653369126
            ],
            "shape": [
                0.26,
                0.24,
                0.3
            ],
            "start_pos": [
                0.3399212178883086,
                -0.3972020795700646,
                0.2
            ],
            "start_quat": [
                0.21710473515706247,
                -0.0,
                -0.0,
                -0.9761483155608996
            ]
        },
        {
            "goal_pos": [
                0.715858190357208,
                -0.6662020249497493,
                0.2
            ],
            "goal_quat": [
                0.9997515241167402,
                0.0,
                0.0,
                0.022291030174826403
            ],
            "shape": [
                0.13,
                0.29,
                0.3
            ],
            "start_pos": [
                -0.06733888458571675,
                -0.336402791128,
                0.2
            ],
            "start_quat": [
                0.9890062533353242,
                0.0,
                0.0,
                0.14787369902597483
            ]
        }
    ]
}