{
    "objects": [
        {
            "goal_pos": [
                -0.6082662582620993,
                -0.8088084846819403,
                0.07500000000000001
            ],
            "goal_quat": [
                0.765703022464556,
                0.0,
                0.0,
                0.6431942796610084
            ],
            "shape": [
                0.03,
                0.3,
                0.05
            ],
            "start_pos": [
                0.3821526093226815,
                0.2710351218103045,
                0.15100000000000002
            ],
            "start_quat": [
                0.7860499682753522,
                -0.0,
                -0.0,
                -0.6181629618266673
            ]
        },
        {
            "goal_pos": [
                -0.9370639125459991,
                -0.3747909838182114,
                0.07500000000000001
            ],
            "goal_quat": [
                0.9992379003808735,
                -0.0,
                -0.0,
                -0.039033555339266834
            ],
            "shape": [
                0.03,
                0.3,
                0.05
            ],
            "start_pos": [
                -0.39092155656187616,
                0.3152749065068154,
                0.551
            ],
            "start_quat": [
                0.8667217311447848,
                0.0,
                0.0,
                0.4987919814525764
            ]
        }
    ]
}