{
    "objects": [
        {
            "goal_pos": [
                0.4852749575261689,
                -0.49365002049594,
                0.15000000000000002
            ],
            "goal_quat": [
                0.5859277133296937,
                0.0,
                0.0,
                0.8103633226844834
            ],
            "shape": [
                0.14,
                0.25,
                0.2
            ],
            "start_pos": [
                -0.12707576793445002,
                -0.38410731977933266,
                0.15000000000000002
            ],
            "start_quat": [
                0.33423215538632955,
                -0.0,
                -0.0,
                -0.942490777835947
            ]
        },
        {
            "goal_pos": [
                0.7600332086951928,
                -0.7078038444058683,
                0.125
            ],
            "goal_quat": [
                0.6399627501477293,
                -0.0,
                -0.0,
                -0.7684059333603268
            ],
            "shape": [
                0.34,
                0.07,
                0.15
            ],
            "start_pos": [
                -0.48560020901171635,
                -0.4706250819039328,
                0.125
            ],
            "start_quat": [
                0.9958900789698881,
                -0.0,
                -0.0,
                -0.09057014193071566
            ]
        }
    ]
}