{
    "objects": [
        {
            "goal_pos": [
                0.9826016236447,
                -0.5578056863489341,
                0.07500000000000001
            ],
            "goal_quat": [
                0.7393657417840556,
                -0.0,
                -0.0,
                -0.6733040174216349
            ],
            "shape": [
                0.03,
                0.3,
                0.05
            ],
            "start_pos": [
                0.3951775248608067,
                0.3321498341777537,
                0.15100000000000002
            ],
            "start_quat": [
                0.6647610884987725,
                0.0,
                0.0,
                0.7470560187950614
            ]
        },
        {
            "goal_pos": [
                -0.12242874970481649,
                -0.9135906159170926,
                0.07500000000000001
            ],
            "goal_quat": [
                0.25601213099312675,
                -0.0,
                -0.0,
                -0.9666735688868079
            ],
            "shape": [
                0.03,
                0.3,
                0.05
            ],
            "start_pos": [
                -0.41150871014311646,
                0.33371257765298457,
                0.551
            ],
            "start_quat": [
                0.7484729976921545,
                0.0,
                0.0,
                0.6631652672793714
            ]
        },
        {
            "goal_pos": [
                -0.5680135136354698,
                -0.9623636812396337,
                0.07500000000000001
            ],
            "goal_quat": [
                0.5224553117943219,
                -0.0,
                -0.0,
                -0.8526666682695517
            ],
            "shape": [
                0.03,
                0.3,
                0.05
            ],
            "start_pos": [
                0.012183621920459235,
                0.3131077577275094,
                0.15100000000000002
            ],
            "start_quat": [
                0.9597000305011802,
                0.0,
                0.0,
                0.2810264248358751
            ]
        },
        {
            "goal_pos": [
                0.1788231224414093,
                -0.9468377238204926,
                0.07500000000000001
            ],
            "goal_quat": [
                0.8093249593283436,
                -0.0,
                -0.0,
                -0.5873611412139681
            ],
            "shape": [
                0.03,
                0.3,
                0.05
            ],
            "start_pos": [
                -0.01806549685227283,
                0.2594581093975454,
                0.551
            ],
            "start_quat": [
                0.9802175853839448,
                0.0,
                0.0,
                0.19792292768668554
            ]
        }
    ]
}