{
    "objects": [
        {
            "goal_pos": [
                -0.045652384762026044,
                -0.39852749925964076,
                0.175
            ],
            "goal_quat": [
                0.458167960325497,
                -0.0,
                -0.0,
                -0.8888656367141065
            ],
            "shape": [
                0.05,
                0.29,
                0.25
            ],
            "start_pos": [
                -0.8931401460735314,
                0.7402259707428913,
                0.175
            ],
            "start_quat": [
                0.9679953436147168,
                0.0,
                0.0,
                0.2509681548328914
            ]
        },
        {
            "goal_pos": [
                0.1721385053074464,
                1.0939080907440237,
                0.22500000000000003
            ],
            "goal_quat": [
                0.5792072211513795,
                0.0,
                0.0,
                0.815180345056293
            ],
            "shape": [
                0.36,
                0.17,
                0.35000000000000003
            ],
            "start_pos": [
                0.5334492405915482,
                -0.18951128120042815,
                0.22500000000000003
            ],
            "start_quat": [
                0.3343938733607078,
                0.0,
                0.0,
                0.9424334127453371
            ]
        }
    ]
}