{
    "objects": [
        {
            "goal_pos": [
                1.2135785285535632,
                0.06543817115636757,
                0.12000000000000001
            ],
            "goal_quat": [
                0.1838932358427623,
                0.0,
                0.0,
                0.982946223255005
            ],
            "shape": [
                0.13,
                0.13,
                0.14
            ],
            "start_pos": [
                0.2709651614966462,
                0.766520582616166,
                0.12000000000000001
            ],
            "start_quat": [
                0.6023348866842229,
                -0.0,
                -0.0,
                -0.7982434993678961
            ]
        },
        {
            "goal_pos": [
                -0.9530127298906346,
                -0.9055873109422544,
                0.15000000000000002
            ],
            "goal_quat": [
                0.9897057109698959,
                0.0,
                0.0,
                0.14311745411924046
            ],
            "shape": [
                0.14,
                0.16,
                0.2
            ],
            "start_pos": [
                0.36647326824321047,
                0.9706409791224478,
                0.15000000000000002
            ],
            "start_quat": [
                0.2681505482453561,
                0.0,
                0.0,
                0.9633770204212445
            ]
        },
        {
            "goal_pos": [
                0.8889768376642373,
                -0.9086910971616602,
                0.115
            ],
            "goal_quat": [
                0.4209510259767243,
                -0.0,
                -0.0,
                -0.9070833664714303
            ],
            "shape": [
                0.16,
                0.19,
                0.13
            ],
            "start_pos": [
                -0.16026687703124554,
                0.7570917254104302,
                0.115
            ],
            "start_quat": [
                0.9974338134367292,
                -0.0,
                -0.0,
                -0.0715946074300581
            ]
        },
        {
            "goal_pos": [
                0.9255169674988657,
                0.008205527593464212,
                0.13
            ],
            "goal_quat": [
                0.8316397575230718,
                -0.0,
                -0.0,
                -0.5553155082536109
            ],
            "shape": [
                0.17,
                0.17,
                0.16
            ],
            "start_pos": [
                0.043364939242446,
                -0.813586529109898,
                0.13
            ],
            "start_quat": [
                0.9792920111951079,
                -0.0,
                -0.0,
                -0.20245285083060868
            ]
        }
    ]
}