{
    "objects": [
        {
            "goal_pos": [
                -0.6884833079643924,
                -0.29015418000728393,
                0.10500000000000001
            ],
            "goal_quat": [
                0.3082513259413156,
                0.0,
                0.0,
                0.9513049563917034
            ],
            "shape": [
                0.37,
                0.1,
                0.11
            ],
            "start_pos": [
                0.4639553392971222,
                -1.2247312557955325,
                0.10500000000000001
            ],
            "start_quat": [
                0.826126987642594,
                0.0,
                0.0,
                0.5634839840568439
            ]
        },
        {
            "goal_pos": [
                0.9764347088447982,
                -0.9726598452468943,
                0.085
            ],
            "goal_quat": [
                0.8613038167121256,
                -0.0,
                -0.0,
                -0.5080902826438674
            ],
            "shape": [
                0.11,
                0.13,
                0.07
            ],
            "start_pos": [
                -1.3103992573001124,
                0.21700215554964541,
                0.085
            ],
            "start_quat": [
                0.372491215132649,
                -0.0,
                -0.0,
                -0.9280357184122832
            ]
        }
    ]
}