{
    "objects": [
        {
            "goal_pos": [
                0.6844947236967537,
                -0.6466804897574723,
                0.10500000000000001
            ],
            "goal_quat": [
                0.9113551355633347,
                0.0,
                0.0,
                0.4116209626371522
            ],
            "shape": [
                0.24,
                0.13,
                0.11
            ],
            "start_pos": [
                -0.08146885936524542,
                -0.42592086261154194,
                0.10500000000000001
            ],
            "start_quat": [
                0.9958090047774716,
                -0.0,
                -0.0,
                -0.09145723593079716
            ]
        },
        {
            "goal_pos": [
                -0.5121987027021352,
                -0.6976349595202769,
                0.15000000000000002
            ],
            "goal_quat": [
                0.9035455076455999,
                0.0,
                0.0,
                0.4284921418339607
            ],
            "shape": [
                0.12,
                0.17,
                0.2
            ],
            "start_pos": [
                0.2663518785401171,
                -0.5352799613353614,
                0.15000000000000002
            ],
            "start_quat": [
                0.14983240896528324,
                0.0,
                0.0,
                0.9887114084623784
            ]
        }
    ]
}