{
    "objects": [
        {
            "goal_pos": [
                -0.5480910806786952,
                -0.4944795269390224,
                0.1
            ],
            "goal_quat": [
                0.9808437705941547,
                -0.0,
                -0.0,
                -0.1947960412499214
            ],
            "shape": [
                0.21,
                0.3,
                0.1
            ],
            "start_pos": [
                0.025111394165407225,
                -0.3389301415565945,
                0.1
            ],
            "start_quat": [
                0.5232921864437898,
                0.0,
                0.0,
                0.8521533240015425
            ]
        },
        {
            "goal_pos": [
                0.6276746405827416,
                -0.5159290345010867,
                0.09
            ],
            "goal_quat": [
                0.9650272606321993,
                -0.0,
                -0.0,
                -0.26214954937346957
            ],
            "shape": [
                0.14,
                0.09,
                0.08
            ],
            "start_pos": [
                0.353302044042456,
                -0.46742439207482356,
                0.09
            ],
            "start_quat": [
                0.6203238599406563,
                0.0,
                0.0,
                0.7843457839424682
            ]
        }
    ]
}