{
    "objects": [
        {
            "goal_pos": [
                0.006443978811915718,
                -0.3793645308436653,
                0.14500000000000002
            ],
            "goal_quat": [
                0.02908848513941746,
                -0.0,
                -0.0,
                -0.9995768404841591
            ],
            "shape": [
                0.08,
                0.23,
                0.19
            ],
            "start_pos": [
                -0.612916847934428,
                -0.4415203614278653,
                0.14500000000000002
            ],
            "start_quat": [
                0.43093431096588164,
                0.0,
                0.0,
                0.9023832997304199
            ]
        },
        {
            "goal_pos": [
                -0.3744388923678127,
                -0.3883125190239465,
                0.22999999999999998
            ],
            "goal_quat": [
                0.5325992859296952,
                -0.0,
                -0.0,
                -0.846367532829077
            ],
            "shape": [
                0.1,
                0.13,
                0.36
            ],
            "start_pos": [
                0.2993688978057086,
                -0.42028541956094545,
                0.22999999999999998
            ],
            "start_quat": [
                0.6822628793179449,
                0.0,
                0.0,
                0.7311069439588078
            ]
        }
    ]
}