{
    "objects": [
        {
            "goal_pos": [
                1.0283613070570992,
                -0.4015718878493538,
                0.07500000000000001
            ],
            "goal_quat": [
                0.9991648525238453,
                0.0,
                0.0,
                0.040860708278276245
            ],
            "shape": [
                0.03,
                0.3,
                0.05
            ],
            "start_pos": [
                0.3768487683614998,
                0.28125772022085344,
                0.15100000000000002
            ],
            "start_quat": [
                0.8201472288519972,
                0.0,
                0.0,
                0.5721525347373634
            ]
        },
        {
            "goal_pos": [
                0.5751894388201964,
                -0.8027260726846268,
                0.07500000000000001
            ],
            "goal_quat": [
                0.36750382491148503,
                -0.0,
                -0.0,
                -0.9300220097801065
            ],
            "shape": [
                0.03,
                0.3,
                0.05
            ],
            "start_pos": [
                -0.38711975343351235,
                0.2740410848774678,
                0.551
            ],
            "start_quat": [
                0.7429998809411591,
                -0.0,
                -0.0,
                -0.6692915485208396
            ]
        },
        {
            "goal_pos": [
                -0.08621320682399153,
                -0.7231769102326625,
                0.07500000000000001
            ],
            "goal_quat": [
                0.8033806429063916,
                0.0,
                0.0,
                0.5954658198446935
            ],
            "shape": [
                0.03,
                0.3,
                0.05
            ],
            "start_pos": [
                0.006422609674533772,
                0.3244792230489253,
                0.15100000000000002
            ],
            "start_quat": [
                0.16189728873790177,
                -0.0,
                -0.0,
                -0.9868076144311597
            ]
        },
        {
            "goal_pos": [
                -0.9718478756563522,
                -0.3389341248111454,
                0.07500000000000001
            ],
            "goal_quat": [
                0.9625895205042484,
                0.0,
                0.0,
                0.2709638629326818
            ],
            "shape": [
                0.03,
                0.3,
                0.05
            ],
            "start_pos": [
                -0.009551410986034523,
                0.3028419326407087,
                0.551
            ],
            "start_quat": [
                0.8669008794897093,
                0.0,
                0.0,
                0.4984805564312097
            ]
        }
    ]
}