{
    "objects": [
        {
            "goal_pos": [
                0.7068627830443709,
                -0.6906561764500274,
                0.1
            ],
            "goal_quat": [
                0.006727095609346342,
                -0.0,
                -0.0,
                -0.9999773728363371
            ],
            "shape": [
                0.16,
                0.33,
                0.1
            ],
            "start_pos": [
                0.36513175781796176,
                -0.36549883706426334,
                0.1
            ],
            "start_quat": [
                0.9910964485223854,
                0.0,
                0.0,
                0.13314589639307187
            ]
        },
        {
            "goal_pos": [
                0.08816562690250263,
                -0.3603574278829921,
                0.14500000000000002
            ],
            "goal_quat": [
                0.1496657178067181,
                0.0,
                0.0,
                0.9887366549862505
            ],
            "shape": [
                0.16,
                0.05,
                0.19
            ],
            "start_pos": [
                -0.48414923631118856,
                -0.703274937303499,
                0.14500000000000002
            ],
            "start_quat": [
                0.40573463696560297,
                0.0,
                0.0,
                0.913990921380727
            ]
        }
    ]
}