{
    "objects": [
        {
            "goal_pos": [
                -0.33672068673892336,
                0.8355199826198395,
                0.22500000000000003
            ],
            "goal_quat": [
                0.8735903250551521,
                0.0,
                0.0,
                0.48666204286962195
            ],
            "shape": [
                0.34,
                0.17,
                0.35000000000000003
            ],
            "start_pos": [
                1.2464430485603173,
                -0.53844093086932,
                0.22500000000000003
            ],
            "start_quat": [
                0.21486754902080893,
                -0.0,
                -0.0,
                -0.9766431980911915
            ]
        }
    ]
}