{
    "objects": [
        {
            "goal_pos": [
                -0.7167804822195418,
                -0.8000941191893203,
                0.07500000000000001
            ],
            "goal_quat": [
                0.3081265317156906,
                0.0,
                0.0,
                0.951345384417699
            ],
            "shape": [
                0.03,
                0.3,
                0.05
            ],
            "start_pos": [
                0.3998127229894365,
                0.3389468465309796,
                0.15100000000000002
            ],
            "start_quat": [
                0.7286651021988128,
                -0.0,
                -0.0,
                -0.6848701839309358
            ]
        },
        {
            "goal_pos": [
                -1.0543480155820364,
                -0.515061730475604,
                0.07500000000000001
            ],
            "goal_quat": [
                0.2925652772807317,
                -0.0,
                -0.0,
                -0.9562455534692167
            ],
            "shape": [
                0.03,
                0.3,
                0.05
            ],
            "start_pos": [
                -0.405597547406932,
                0.32895738586741097,
                0.551
            ],
            "start_quat": [
                0.9999007636982737,
                0.0,
                0.0,
                0.014087680987619955
            ]
        },
        {
            "goal_pos": [
                0.06963351905098614,
                -0.8736207971140519,
                0.07500000000000001
            ],
            "goal_quat": [
                0.5863704516164238,
                -0.0,
                -0.0,
                -0.8100430195188101
            ],
            "shape": [
                0.03,
                0.3,
                0.05
            ],
            "start_pos": [
                0.0018201231348349799,
                0.2986639310489655,
                0.15100000000000002
            ],
            "start_quat": [
                0.8522347397076947,
                0.0,
                0.0,
                0.5231595821882248
            ]
        },
        {
            "goal_pos": [
                0.6079972907264791,
                -0.8447657250604879,
                0.07500000000000001
            ],
            "goal_quat": [
                0.5900400776307152,
                0.0,
                0.0,
                0.8073739572153288
            ],
            "shape": [
                0.03,
                0.3,
                0.05
            ],
            "start_pos": [
                -0.0016751411417622493,
                0.29371884195694037,
                0.551
            ],
            "start_quat": [
                0.8805985588725215,
                -0.0,
                -0.0,
                -0.47386303729204116
            ]
        }
    ]
}