{
    "objects": [
        {
            "goal_pos": [
                -0.5352970707038958,
                -0.3112846589449072,
                0.235
            ],
            "goal_quat": [
                0.167272005395966,
                -0.0,
                -0.0,
                -0.9859107851174019
            ],
            "shape": [
                0.13,
                0.08,
                0.37
            ],
            "start_pos": [
                0.24923615539994076,
                -0.5527321359681117,
                0.235
            ],
            "start_quat": [
                0.3747618723109735,
                -0.0,
                -0.0,
                -0.927121102694774
            ]
        },
        {
            "goal_pos": [
                -0.7149844911690045,
                -0.5202787157067579,
                0.245
            ],
            "goal_quat": [
                0.7844151702125055,
                -0.0,
                -0.0,
                -0.620236116926841
            ],
            "shape": [
                0.19,
                0.08,
                0.39
            ],
            "start_pos": [
                0.14741652305524333,
                -0.34410739968895687,
                0.245
            ],
            "start_quat": [
                0.9643454936014042,
                -0.0,
                -0.0,
                -0.26464649812658414
            ]
        },
        {
            "goal_pos": [
                -0.09578527325699399,
                -0.4102594478721162,
                0.095
            ],
            "goal_quat": [
                0.5714334331318451,
                -0.0,
                -0.0,
                -0.8206484213712674
            ],
            "shape": [
                0.25,
                0.16,
                0.09
            ],
            "start_pos": [
                0.6054032701224309,
                -0.5171980306677246,
                0.095
            ],
            "start_quat": [
                0.987740582728667,
                -0.0,
                -0.0,
                -0.15610426397390054
            ]
        }
    ]
}