{
    "objects": [
        {
            "goal_pos": [
                0.9199218544423334,
                -0.7625233867758037,
                0.07500000000000001
            ],
            "goal_quat": [
                0.9738843868685366,
                0.0,
                0.0,
                0.2270444912648056
            ],
            "shape": [
                0.03,
                0.3,
                0.05
            ],
            "start_pos": [
                0.4198527322824741,
                0.3466632798267377,
                0.15100000000000002
            ],
            "start_quat": [
                0.7791502899919882,
                0.0,
                0.0,
                0.6268371603577765
            ]
        },
        {
            "goal_pos": [
                0.32721267647197194,
                -0.8874504490412476,
                0.07500000000000001
            ],
            "goal_quat": [
                0.9963439671797141,
                0.0,
                0.0,
                0.08543242396531243
            ],
            "shape": [
                0.03,
                0.3,
                0.05
            ],
            "start_pos": [
                -0.40331212336318223,
                0.28854912307878156,
                0.551
            ],
            "start_quat": [
                0.8461867778047164,
                0.0,
                0.0,
                0.5328864204204039
            ]
        }
    ]
}