{
    "objects": [
        {
            "goal_pos": [
                0.6268129542483605,
                -0.7795749379687736,
                0.085
            ],
            "goal_quat": [
                0.5037253923447081,
                0.0,
                0.0,
                0.86386383713359
            ],
            "shape": [
                0.2,
                0.16,
                0.07
            ],
            "start_pos": [
                -0.598292327636981,
                0.6469344402611725,
                0.085
            ],
            "start_quat": [
                0.8185071720904217,
                -0.0,
                -0.0,
                -0.5744963091583277
            ]
        }
    ]
}