{
    "objects": [
        {
            "goal_pos": [
                0.07671772207870459,
                -0.7254740162986,
                0.07500000000000001
            ],
            "goal_quat": [
                0.9903257370326265,
                0.0,
                0.0,
                0.13876215107436576
            ],
            "shape": [
                0.03,
                0.3,
                0.05
            ],
            "start_pos": [
                0.40815294496506216,
                0.30111034463231073,
                0.15100000000000002
            ],
            "start_quat": [
                0.9381025492031463,
                -0.0,
                -0.0,
                -0.34635762901740513
            ]
        },
        {
            "goal_pos": [
                0.6982433335765824,
                -0.855009506860003,
                0.07500000000000001
            ],
            "goal_quat": [
                0.15241580796994958,
                0.0,
                0.0,
                0.9883164581655349
            ],
            "shape": [
                0.03,
                0.3,
                0.05
            ],
            "start_pos": [
                -0.41539679666834634,
                0.27245991195823444,
                0.551
            ],
            "start_quat": [
                0.44937494039462045,
                0.0,
                0.0,
                0.8933432503496802
            ]
        },
        {
            "goal_pos": [
                0.9328805980735947,
                -0.36347974908228176,
                0.07500000000000001
            ],
            "goal_quat": [
                0.3218795376023438,
                0.0,
                0.0,
                0.9467806310190874
            ],
            "shape": [
                0.03,
                0.3,
                0.05
            ],
            "start_pos": [
                -0.006711315769739844,
                0.29231067118306553,
                0.15100000000000002
            ],
            "start_quat": [
                0.9994141285348493,
                0.0,
                0.0,
                0.034225716718976625
            ]
        },
        {
            "goal_pos": [
                -0.2830287005577315,
                -0.839678911266821,
                0.07500000000000001
            ],
            "goal_quat": [
                0.16862483398997538,
                -0.0,
                -0.0,
                -0.9856803058608066
            ],
            "shape": [
                0.03,
                0.3,
                0.05
            ],
            "start_pos": [
                -0.005917716822077139,
                0.33013740106375206,
                0.551
            ],
            "start_quat": [
                0.9975623077705672,
                0.0,
                0.0,
                0.06978138803047801
            ]
        }
    ]
}