{
    "objects": [
        {
            "goal_pos": [
                0.9900078413521366,
                -0.6659048257076645,
                0.07500000000000001
            ],
            "goal_quat": [
                0.15299487876634277,
                -0.0,
                -0.0,
                -0.9882269815539708
            ],
            "shape": [
                0.03,
                0.3,
                0.05
            ],
            "start_pos": [
                0.38329041897909194,
                0.28460895158084776,
                0.15100000000000002
            ],
            "start_quat": [
                0.21481015452907237,
                0.0,
                0.0,
                0.9766558234665864
            ]
        },
        {
            "goal_pos": [
                0.43530057167258096,
                -0.8340668617372697,
                0.07500000000000001
            ],
            "goal_quat": [
                0.33725486973796576,
                0.0,
                0.0,
                0.9414133804222392
            ],
            "shape": [
                0.03,
                0.3,
                0.05
            ],
            "start_pos": [
                -0.40157404656475293,
                0.33244691789532943,
                0.551
            ],
            "start_quat": [
                0.35026647049269083,
                0.0,
                0.0,
                0.9366500945649837
            ]
        },
        {
            "goal_pos": [
                0.0032559323463387524,
                -0.8058160394913605,
                0.07500000000000001
            ],
            "goal_quat": [
                0.9904908996402747,
                -0.0,
                -0.0,
                -0.1375782603822248
            ],
            "shape": [
                0.03,
                0.3,
                0.05
            ],
            "start_pos": [
                -0.021036012761415767,
                0.325950191277481,
                0.15100000000000002
            ],
            "start_quat": [
                0.24323692303154154,
                0.0,
                0.0,
                0.9699669062778111
            ]
        }
    ]
}