{
    "objects": [
        {
            "goal_pos": [
                -0.8964739392335722,
                0.4610998692442859,
                0.10500000000000001
            ],
            "goal_quat": [
                0.020987516944429546,
                -0.0,
                -0.0,
                -0.9997797378085371
            ],
            "shape": [
                0.18,
                0.25,
                0.11
            ],
            "start_pos": [
                -0.2509545081307136,
                1.163722486715594,
                0.10500000000000001
            ],
            "start_quat": [
                0.919105123079964,
                -0.0,
                -0.0,
                -0.3940124017441131
            ]
        }
    ]
}