{
    "objects": [
        {
            "goal_pos": [
                -0.052621868934791705,
                -0.8266401027934782,
                0.07500000000000001
            ],
            "goal_quat": [
                0.9163941443911212,
                -0.0,
                -0.0,
                -0.40027711916329284
            ],
            "shape": [
                0.03,
                0.3,
                0.05
            ],
            "start_pos": [
                0.3970691463657316,
                0.2814788678176106,
                0.15100000000000002
            ],
            "start_quat": [
                0.9992079975906651,
                0.0,
                0.0,
                0.03979167690426467
            ]
        },
        {
            "goal_pos": [
                0.7736133446516306,
                -0.7142171677525887,
                0.07500000000000001
            ],
            "goal_quat": [
                0.8012188792073158,
                0.0,
                0.0,
                0.5983713793304061
            ],
            "shape": [
                0.03,
                0.3,
                0.05
            ],
            "start_pos": [
                -0.376891658735317,
                0.30111064016580413,
                0.551
            ],
            "start_quat": [
                0.39908076214065596,
                0.0,
                0.0,
                0.9169157787328306
            ]
        }
    ]
}