{
    "objects": [
        {
            "goal_pos": [
                0.12447168217498528,
                -0.9378858633564662,
                0.07500000000000001
            ],
            "goal_quat": [
                0.1124924322077331,
                -0.0,
                -0.0,
                -0.9936525814871053
            ],
            "shape": [
                0.03,
                0.3,
                0.05
            ],
            "start_pos": [
                0.38366623301359976,
                0.2612024721853389,
                0.15100000000000002
            ],
            "start_quat": [
                0.7243583189656637,
                -0.0,
                -0.0,
                -0.6894236910240594
            ]
        },
        {
            "goal_pos": [
                -0.2401330430783414,
                -0.8572626079397665,
                0.07500000000000001
            ],
            "goal_quat": [
                0.8432340222793547,
                0.0,
                0.0,
                0.537546633949633
            ],
            "shape": [
                0.03,
                0.3,
                0.05
            ],
            "start_pos": [
                -0.3869227178338213,
                0.2766198695427296,
                0.551
            ],
            "start_quat": [
                0.37713679023776464,
                -0.0,
                -0.0,
                -0.9261575683700676
            ]
        },
        {
            "goal_pos": [
                -0.961901641541699,
                -0.3591503966523006,
                0.07500000000000001
            ],
            "goal_quat": [
                0.9040261136459701,
                0.0,
                0.0,
                0.4274772343016218
            ],
            "shape": [
                0.03,
                0.3,
                0.05
            ],
            "start_pos": [
                0.010417331332770209,
                0.2736185816147363,
                0.15100000000000002
            ],
            "start_quat": [
                0.9952424182026759,
                0.0,
                0.0,
                0.09742961054058426
            ]
        },
        {
            "goal_pos": [
                0.795179186827418,
                -0.7648268042498987,
                0.07500000000000001
            ],
            "goal_quat": [
                0.06286865987620169,
                0.0,
                0.0,
                0.9980218091832315
            ],
            "shape": [
                0.03,
                0.3,
                0.05
            ],
            "start_pos": [
                0.00922249592923121,
                0.32064765831635655,
                0.551
            ],
            "start_quat": [
                0.5328942278845724,
                0.0,
                0.0,
                0.8461818610011121
            ]
        }
    ]
}