{
    "objects": [
        {
            "goal_pos": [
                -0.9826305637474186,
                -0.10242633455118544,
                0.1
            ],
            "goal_quat": [
                0.44355691604175634,
                0.0,
                0.0,
                0.8962462062578153
            ],
            "shape": [
                0.13,
                0.12,
                0.1
            ],
            "start_pos": [
                -0.08277718191435562,
                0.20504762072469185,
                0.1
            ],
            "start_quat": [
                0.0057143879639485265,
                0.0,
                0.0,
                0.9999836727518092
            ]
        },
        {
            "goal_pos": [
                -0.8574046642435609,
                0.18082088160465426,
                0.14
            ],
            "goal_quat": [
                0.7193791128728043,
                -0.0,
                -0.0,
                -0.6946176588327835
            ],
            "shape": [
                0.07,
                0.08,
                0.18
            ],
            "start_pos": [
                -0.2643807065435344,
                -0.08423605512896215,
                0.14
            ],
            "start_quat": [
                0.960501466878627,
                -0.0,
                -0.0,
                -0.2782749218381091
            ]
        }
    ]
}