{
    "objects": [
        {
            "goal_pos": [
                -0.2336951601579003,
                -0.9405611053176612,
                0.07500000000000001
            ],
            "goal_quat": [
                0.9066298207506931,
                -0.0,
                -0.0,
                -0.4219269701329439
            ],
            "shape": [
                0.03,
                0.3,
                0.05
            ],
            "start_pos": [
                0.40928445365164384,
                0.347869490194893,
                0.15100000000000002
            ],
            "start_quat": [
                0.4241027589996956,
                0.0,
                0.0,
                0.9056140733275108
            ]
        },
        {
            "goal_pos": [
                0.1250436043931782,
                -0.9121324016153458,
                0.07500000000000001
            ],
            "goal_quat": [
                0.4405087359231958,
                0.0,
                0.0,
                0.8977483241840934
            ],
            "shape": [
                0.03,
                0.3,
                0.05
            ],
            "start_pos": [
                -0.4082847941344739,
                0.2860039748992744,
                0.551
            ],
            "start_quat": [
                0.9783246192020117,
                0.0,
                0.0,
                0.20707713409075043
            ]
        },
        {
            "goal_pos": [
                -0.7734317724606665,
                -0.71974905413948,
                0.07500000000000001
            ],
            "goal_quat": [
                0.32444083139373175,
                0.0,
                0.0,
                0.9459059926464913
            ],
            "shape": [
                0.03,
                0.3,
                0.05
            ],
            "start_pos": [
                0.014308793890666242,
                0.3007819170989175,
                0.15100000000000002
            ],
            "start_quat": [
                0.3626695188015954,
                -0.0,
                -0.0,
                -0.9319178183360479
            ]
        }
    ]
}