{
    "objects": [
        {
            "goal_pos": [
                0.8602045749870343,
                -0.17974246765005464,
                0.245
            ],
            "goal_quat": [
                0.9082385452726253,
                -0.0,
                -0.0,
                -0.41845279886872
            ],
            "shape": [
                0.31,
                0.1,
                0.39
            ],
            "start_pos": [
                0.7612579715665414,
                0.16413852080908986,
                0.245
            ],
            "start_quat": [
                0.2649090200557343,
                -0.0,
                -0.0,
                -0.9642734109644995
            ]
        }
    ]
}