{
    "objects": [
        {
            "goal_pos": [
                0.6632851425261235,
                -0.7284700095341121,
                0.25
            ],
            "goal_quat": [
                0.20160956293737628,
                -0.0,
                -0.0,
                -0.9794659688484333
            ],
            "shape": [
                0.15,
                0.18,
                0.4
            ],
            "start_pos": [
                0.18487531317310216,
                1.117458363049623,
                0.25
            ],
            "start_quat": [
                0.6058779695136007,
                -0.0,
                -0.0,
                -0.7955575944317773
            ]
        }
    ]
}