{
    "objects": [
        {
            "goal_pos": [
                -0.553557556596366,
                -0.4683717585138327,
                0.195
            ],
            "goal_quat": [
                0.9966491373957217,
                -0.0,
                -0.0,
                -0.0817954578712288
            ],
            "shape": [
                0.11,
                0.31,
                0.29
            ],
            "start_pos": [
                -0.10746202188720394,
                -0.40284223285320553,
                0.195
            ],
            "start_quat": [
                0.6895754989438216,
                -0.0,
                -0.0,
                -0.7242138021719687
            ]
        },
        {
            "goal_pos": [
                0.16944034306761868,
                -0.46160603725146576,
                0.21000000000000002
            ],
            "goal_quat": [
                0.9140903583108894,
                0.0,
                0.0,
                0.4055105631707637
            ],
            "shape": [
                0.16,
                0.13,
                0.32
            ],
            "start_pos": [
                0.45787097796521636,
                -0.6585803901519285,
                0.21000000000000002
            ],
            "start_quat": [
                0.9961371161385645,
                0.0,
                0.0,
                0.08781142209954275
            ]
        }
    ]
}