{
    "objects": [
        {
            "goal_pos": [
                -0.7348515118212415,
                -0.7613495258413532,
                0.07500000000000001
            ],
            "goal_quat": [
                0.9191541773822061,
                -0.0,
                -0.0,
                -0.39389795404500405
            ],
            "shape": [
                0.03,
                0.3,
                0.05
            ],
            "start_pos": [
                0.4006516872245222,
                0.3471319725791439,
                0.15100000000000002
            ],
            "start_quat": [
                0.8889660206451641,
                0.0,
                0.0,
                0.4579731587531104
            ]
        },
        {
            "goal_pos": [
                0.8170706560760788,
                -0.6495420896328186,
                0.07500000000000001
            ],
            "goal_quat": [
                0.1901649965886889,
                -0.0,
                -0.0,
                -0.9817521449288633
            ],
            "shape": [
                0.03,
                0.3,
                0.05
            ],
            "start_pos": [
                -0.42278271806917866,
                0.2816273927004426,
                0.551
            ],
            "start_quat": [
                0.8199811722622974,
                0.0,
                0.0,
                0.5723904935752765
            ]
        },
        {
            "goal_pos": [
                0.44295522024402734,
                -0.869296658841761,
                0.07500000000000001
            ],
            "goal_quat": [
                0.68112932234241,
                0.0,
                0.0,
                0.7321631281656906
            ],
            "shape": [
                0.03,
                0.3,
                0.05
            ],
            "start_pos": [
                0.007489429553426956,
                0.25376615556070076,
                0.15100000000000002
            ],
            "start_quat": [
                0.10494570766573617,
                0.0,
                0.0,
                0.9944779527181776
            ]
        },
        {
            "goal_pos": [
                -0.0689382030135407,
                -0.7314663200112362,
                0.07500000000000001
            ],
            "goal_quat": [
                0.894857862642507,
                0.0,
                0.0,
                0.44635121335881245
            ],
            "shape": [
                0.03,
                0.3,
                0.05
            ],
            "start_pos": [
                0.007795606108247408,
                0.34257736946279527,
                0.551
            ],
            "start_quat": [
                0.9951006175267503,
                0.0,
                0.0,
                0.09886739097336532
            ]
        }
    ]
}