{
    "objects": [
        {
            "goal_pos": [
                0.4393256214439444,
                -0.6525444109735385,
                0.22000000000000003
            ],
            "goal_quat": [
                0.13886394713852357,
                -0.0,
                -0.0,
                -0.9903114682690034
            ],
            "shape": [
                0.12,
                0.09,
                0.34
            ],
            "start_pos": [
                0.5933677164347371,
                -0.37513816089604235,
                0.22000000000000003
            ],
            "start_quat": [
                0.865937288836519,
                0.0,
                0.0,
                0.5001525885192029
            ]
        },
        {
            "goal_pos": [
                0.055700922877477146,
                -0.3488538075751927,
                0.155
            ],
            "goal_quat": [
                0.9098720114901241,
                0.0,
                0.0,
                0.4148890486707446
            ],
            "shape": [
                0.22,
                0.33,
                0.21
            ],
            "start_pos": [
                -0.4591354869607612,
                -0.43479652333456964,
                0.155
            ],
            "start_quat": [
                0.9883039503676833,
                -0.0,
                -0.0,
                -0.15249689074742434
            ]
        }
    ]
}