{
    "objects": [
        {
            "goal_pos": [
                -1.0965285140699659,
                0.6824908683217823,
                0.07500000000000001
            ],
            "goal_quat": [
                0.978998608860957,
                -0.0,
                -0.0,
                -0.20386692681332833
            ],
            "shape": [
                0.05,
                0.14,
                0.05
            ],
            "start_pos": [
                0.29641068332788817,
                -0.016586491128110004,
                0.07500000000000001
            ],
            "start_quat": [
                0.4662831451889739,
                -0.0,
                -0.0,
                -0.8846355342810271
            ]
        },
        {
            "goal_pos": [
                1.3190106111026023,
                0.6284303120905882,
                0.10500000000000001
            ],
            "goal_quat": [
                0.9067104876034019,
                0.0,
                0.0,
                0.4217535911761762
            ],
            "shape": [
                0.11,
                0.14,
                0.11
            ],
            "start_pos": [
                -0.3693401843848304,
                1.0579568213635298,
                0.10500000000000001
            ],
            "start_quat": [
                0.5173124937917549,
                -0.0,
                -0.0,
                -0.8557965784968735
            ]
        }
    ]
}