{
    "objects": [
        {
            "goal_pos": [
                -0.6898541721693311,
                -0.6311197408836682,
                0.195
            ],
            "goal_quat": [
                0.756837597840007,
                0.0,
                0.0,
                0.6536029761986766
            ],
            "shape": [
                0.12,
                0.39,
                0.29
            ],
            "start_pos": [
                0.4363581908378929,
                -0.4031129178991463,
                0.195
            ],
            "start_quat": [
                0.3105959659335062,
                -0.0,
                -0.0,
                -0.9505420274484617
            ]
        }
    ]
}