{
    "objects": [
        {
            "goal_pos": [
                -0.6055143496921312,
                0.026655604368124475,
                0.18
            ],
            "goal_quat": [
                0.7598784781519361,
                -0.0,
                -0.0,
                -0.6500651493823505
            ],
            "shape": [
                0.16,
                0.19,
                0.26
            ],
            "start_pos": [
                0.19602098657614442,
                0.3581107171062932,
                0.18
            ],
            "start_quat": [
                0.9382195307385859,
                -0.0,
                -0.0,
                -0.3460406220961172
            ]
        },
        {
            "goal_pos": [
                -1.2521432542940834,
                -0.9741194128371495,
                0.07500000000000001
            ],
            "goal_quat": [
                0.4950893677534596,
                0.0,
                0.0,
                0.868842055806163
            ],
            "shape": [
                0.11,
                0.09,
                0.05
            ],
            "start_pos": [
                0.03674414195826864,
                -0.6252239668148365,
                0.07500000000000001
            ],
            "start_quat": [
                0.9653583101418882,
                -0.0,
                -0.0,
                -0.2609278310951095
            ]
        },
        {
            "goal_pos": [
                -0.8094725778331459,
                0.3231405851520392,
                0.09
            ],
            "goal_quat": [
                0.944556651203879,
                -0.0,
                -0.0,
                -0.32834849271241323
            ],
            "shape": [
                0.14,
                0.19,
                0.08
            ],
            "start_pos": [
                -1.0603832214471487,
                0.14384200424632454,
                0.09
            ],
            "start_quat": [
                0.5007749082348614,
                -0.0,
                -0.0,
                -0.8655775478155415
            ]
        }
    ]
}