{
    "objects": [
        {
            "goal_pos": [
                0.03253493592596268,
                -0.7929678903420889,
                0.07500000000000001
            ],
            "goal_quat": [
                0.6338734899488871,
                -0.0,
                -0.0,
                -0.7734367451446938
            ],
            "shape": [
                0.03,
                0.3,
                0.05
            ],
            "start_pos": [
                0.42148155739301385,
                0.3232743162364631,
                0.15100000000000002
            ],
            "start_quat": [
                0.6554180227158191,
                -0.0,
                -0.0,
                -0.7552663209089135
            ]
        },
        {
            "goal_pos": [
                0.9818791606687219,
                -0.4418058993763886,
                0.07500000000000001
            ],
            "goal_quat": [
                0.589027677044147,
                -0.0,
                -0.0,
                -0.8081128607292276
            ],
            "shape": [
                0.03,
                0.3,
                0.05
            ],
            "start_pos": [
                -0.42011932742620695,
                0.3118217952392379,
                0.551
            ],
            "start_quat": [
                0.43463839622965017,
                0.0,
                0.0,
                0.9006050546843037
            ]
        }
    ]
}