{
    "objects": [
        {
            "goal_pos": [
                -0.7596478864272624,
                -0.8246723418707733,
                0.07500000000000001
            ],
            "goal_quat": [
                0.9818726957932222,
                -0.0,
                -0.0,
                -0.18954157658875395
            ],
            "shape": [
                0.03,
                0.3,
                0.05
            ],
            "start_pos": [
                0.41840702774789945,
                0.2806093858963238,
                0.15100000000000002
            ],
            "start_quat": [
                0.7819812718818346,
                -0.0,
                -0.0,
                -0.6233019255754536
            ]
        },
        {
            "goal_pos": [
                -0.0426412065456363,
                -0.8174744437655153,
                0.07500000000000001
            ],
            "goal_quat": [
                0.4950450805864969,
                -0.0,
                -0.0,
                -0.8688672903194762
            ],
            "shape": [
                0.03,
                0.3,
                0.05
            ],
            "start_pos": [
                -0.3970488911971572,
                0.25984039829424543,
                0.551
            ],
            "start_quat": [
                0.4465194074879507,
                0.0,
                0.0,
                0.8947739484007172
            ]
        },
        {
            "goal_pos": [
                0.9004521261589544,
                -0.7744757715049662,
                0.07500000000000001
            ],
            "goal_quat": [
                0.6099445757416307,
                -0.0,
                -0.0,
                -0.7924440765904948
            ],
            "shape": [
                0.03,
                0.3,
                0.05
            ],
            "start_pos": [
                -0.004173649175713626,
                0.3019844107823308,
                0.15100000000000002
            ],
            "start_quat": [
                0.8641643280264338,
                0.0,
                0.0,
                0.503209711916038
            ]
        },
        {
            "goal_pos": [
                1.0638900892963503,
                -0.3838706700257295,
                0.07500000000000001
            ],
            "goal_quat": [
                0.6440841782033662,
                -0.0,
                -0.0,
                -0.7649546204763354
            ],
            "shape": [
                0.03,
                0.3,
                0.05
            ],
            "start_pos": [
                -0.012747071756029455,
                0.2902825846899001,
                0.551
            ],
            "start_quat": [
                0.10072111969405143,
                0.0,
                0.0,
                0.9949146978749367
            ]
        }
    ]
}