{
    "objects": [
        {
            "goal_pos": [
                0.04755524958896515,
                -0.4324770714190177,
                0.125
            ],
            "goal_quat": [
                0.30715784518164313,
                0.0,
                0.0,
                0.951658582761365
            ],
            "shape": [
                0.12,
                0.3,
                0.15
            ],
            "start_pos": [
                -0.28318930777131734,
                -0.35152411603695244,
                0.125
            ],
            "start_quat": [
                0.29033747183647246,
                0.0,
                0.0,
                0.9569243190804618
            ]
        },
        {
            "goal_pos": [
                0.6326994101819354,
                -0.6972615614206334,
                0.20500000000000002
            ],
            "goal_quat": [
                0.10473498892395391,
                0.0,
                0.0,
                0.9945001669658479
            ],
            "shape": [
                0.11,
                0.16,
                0.31
            ],
            "start_pos": [
                -0.46542621542480317,
                -0.638571388413239,
                0.20500000000000002
            ],
            "start_quat": [
                0.5785248522543799,
                0.0,
                0.0,
                0.8156647567009672
            ]
        },
        {
            "goal_pos": [
                -0.747735936422878,
                -0.6957043465103587,
                0.085
            ],
            "goal_quat": [
                0.48284722147098713,
                -0.0,
                -0.0,
                -0.8757046081400666
            ],
            "shape": [
                0.21,
                0.26,
                0.07
            ],
            "start_pos": [
                0.443815239212622,
                -0.4123505864887702,
                0.085
            ],
            "start_quat": [
                0.9867978885923224,
                -0.0,
                -0.0,
                -0.16195655920565394
            ]
        }
    ]
}