{
    "objects": [
        {
            "goal_pos": [
                1.017198484276974,
                0.7757114878732597,
                0.07500000000000001
            ],
            "goal_quat": [
                0.07852246099369235,
                -0.0,
                -0.0,
                -0.9969123447522826
            ],
            "shape": [
                0.18,
                0.17,
                0.05
            ],
            "start_pos": [
                0.13859712172548977,
                -0.7122167585827356,
                0.07500000000000001
            ],
            "start_quat": [
                0.12759341429903798,
                0.0,
                0.0,
                0.9918265577345234
            ]
        }
    ]
}