{
    "objects": [
        {
            "goal_pos": [
                -0.5891253044256236,
                -0.6368126210595382,
                0.18
            ],
            "goal_quat": [
                0.17731504310504695,
                -0.0,
                -0.0,
                -0.9841541421386466
            ],
            "shape": [
                0.23,
                0.23,
                0.26
            ],
            "start_pos": [
                0.5135674792342155,
                -0.4603743110437296,
                0.18
            ],
            "start_quat": [
                0.5088470508648422,
                -0.0,
                -0.0,
                -0.8608569444606652
            ]
        },
        {
            "goal_pos": [
                -0.39834864251003155,
                -0.3688782696938133,
                0.21500000000000002
            ],
            "goal_quat": [
                0.9985514979057659,
                0.0,
                0.0,
                0.05380433096090955
            ],
            "shape": [
                0.2,
                0.2,
                0.33
            ],
            "start_pos": [
                0.09794343801644956,
                -0.32361571424165503,
                0.21500000000000002
            ],
            "start_quat": [
                0.7893939932934764,
                0.0,
                0.0,
                0.6138868978502303
            ]
        }
    ]
}