{
    "objects": [
        {
            "goal_pos": [
                -0.29537773578878146,
                -0.8175431287771333,
                0.07500000000000001
            ],
            "goal_quat": [
                0.054983044587532864,
                -0.0,
                -0.0,
                -0.9984872882555318
            ],
            "shape": [
                0.03,
                0.3,
                0.05
            ],
            "start_pos": [
                0.3932236440442598,
                0.2524693759337576,
                0.15100000000000002
            ],
            "start_quat": [
                0.7182175135820216,
                -0.0,
                -0.0,
                -0.6958186568237866
            ]
        },
        {
            "goal_pos": [
                0.8660996671983765,
                -0.7419091070626015,
                0.07500000000000001
            ],
            "goal_quat": [
                0.4346215869535256,
                0.0,
                0.0,
                0.9006131667669527
            ],
            "shape": [
                0.03,
                0.3,
                0.05
            ],
            "start_pos": [
                -0.37992381045494594,
                0.33280862746613904,
                0.551
            ],
            "start_quat": [
                0.836601489033774,
                0.0,
                0.0,
                0.5478119645886462
            ]
        },
        {
            "goal_pos": [
                0.4498913165337273,
                -0.8739014172467261,
                0.07500000000000001
            ],
            "goal_quat": [
                0.3608015754444125,
                -0.0,
                -0.0,
                -0.9326426020490539
            ],
            "shape": [
                0.03,
                0.3,
                0.05
            ],
            "start_pos": [
                0.003758257920965992,
                0.28331599530939267,
                0.15100000000000002
            ],
            "start_quat": [
                0.9034285315473849,
                0.0,
                0.0,
                0.42873871808612724
            ]
        },
        {
            "goal_pos": [
                -0.7112638667178224,
                -0.7860181621093258,
                0.07500000000000001
            ],
            "goal_quat": [
                0.9761923749900902,
                0.0,
                0.0,
                0.21690653980737226
            ],
            "shape": [
                0.03,
                0.3,
                0.05
            ],
            "start_pos": [
                -0.0032235371979787257,
                0.3415163644537038,
                0.551
            ],
            "start_quat": [
                0.44420623131990195,
                -0.0,
                -0.0,
                -0.8959245638202861
            ]
        }
    ]
}