{
    "objects": [
        {
            "goal_pos": [
                1.0118107422026532,
                -0.543608599592621,
                0.07500000000000001
            ],
            "goal_quat": [
                0.8286521703148789,
                -0.0,
                -0.0,
                -0.5597638614920053
            ],
            "shape": [
                0.03,
                0.3,
                0.05
            ],
            "start_pos": [
                0.38221622310194353,
                0.2571699495230708,
                0.15100000000000002
            ],
            "start_quat": [
                0.9680820250448663,
                0.0,
                0.0,
                0.25063358271594566
            ]
        },
        {
            "goal_pos": [
                -0.05840766859466473,
                -0.7107340349130002,
                0.07500000000000001
            ],
            "goal_quat": [
                0.6646947343191695,
                -0.0,
                -0.0,
                -0.7471150581860659
            ],
            "shape": [
                0.03,
                0.3,
                0.05
            ],
            "start_pos": [
                -0.3938020108990534,
                0.2904715956970138,
                0.551
            ],
            "start_quat": [
                0.4866589102872522,
                -0.0,
                -0.0,
                -0.8735920701551865
            ]
        },
        {
            "goal_pos": [
                0.33049925382098505,
                -0.9588323466702844,
                0.07500000000000001
            ],
            "goal_quat": [
                0.97677033768064,
                0.0,
                0.0,
                0.21428884111695679
            ],
            "shape": [
                0.03,
                0.3,
                0.05
            ],
            "start_pos": [
                0.014354455000168416,
                0.3238057522328973,
                0.15100000000000002
            ],
            "start_quat": [
                0.22424135512812454,
                0.0,
                0.0,
                0.9745336395683334
            ]
        }
    ]
}