{
    "objects": [
        {
            "goal_pos": [
                -0.6479120879611654,
                -0.6196455209522276,
                0.095
            ],
            "goal_quat": [
                0.9873919785906484,
                0.0,
                0.0,
                0.15829428484580377
            ],
            "shape": [
                0.12,
                0.36,
                0.09
            ],
            "start_pos": [
                -0.007168649519546266,
                -0.37466298170174206,
                0.095
            ],
            "start_quat": [
                0.9459530193188624,
                0.0,
                0.0,
                0.32430369291996647
            ]
        },
        {
            "goal_pos": [
                0.7210388894892527,
                -0.6647590826427231,
                0.24
            ],
            "goal_quat": [
                0.6125030546333026,
                -0.0,
                -0.0,
                -0.7904682207811227
            ],
            "shape": [
                0.32,
                0.11,
                0.38
            ],
            "start_pos": [
                0.38550720605128663,
                -0.3685655652276637,
                0.24
            ],
            "start_quat": [
                0.6706072399397894,
                0.0,
                0.0,
                0.7418125974532501
            ]
        }
    ]
}