{
    "objects": [
        {
            "goal_pos": [
                -0.13907385045457094,
                -0.36894428559606074,
                0.135
            ],
            "goal_quat": [
                0.9202061188021182,
                -0.0,
                -0.0,
                -0.3914341565565553
            ],
            "shape": [
                0.33,
                0.06,
                0.17
            ],
            "start_pos": [
                -0.6566006827555247,
                -0.6462407897903589,
                0.135
            ],
            "start_quat": [
                0.019554583168809866,
                0.0,
                0.0,
                0.999808790858079
            ]
        }
    ]
}