{
    "objects": [
        {
            "goal_pos": [
                -0.292929740480132,
                0.5000502126427081,
                0.09
            ],
            "goal_quat": [
                0.8010196037377041,
                0.0,
                0.0,
                0.5986381164174994
            ],
            "shape": [
                0.31,
                0.14,
                0.08
            ],
            "start_pos": [
                0.1477874184405584,
                -0.7995283828928893,
                0.09
            ],
            "start_quat": [
                0.6247707561427105,
                0.0,
                0.0,
                0.7808082365529104
            ]
        },
        {
            "goal_pos": [
                -0.8871596013456501,
                -0.300502100499864,
                0.235
            ],
            "goal_quat": [
                0.588474136213246,
                0.0,
                0.0,
                0.8085160425174469
            ],
            "shape": [
                0.19,
                0.25,
                0.37
            ],
            "start_pos": [
                -0.5732500729569219,
                -0.8770900914251094,
                0.235
            ],
            "start_quat": [
                0.4887530639667261,
                0.0,
                0.0,
                0.8724221698599465
            ]
        },
        {
            "goal_pos": [
                -0.6551596027313581,
                0.14277802058587113,
                0.245
            ],
            "goal_quat": [
                0.25534961353860824,
                -0.0,
                -0.0,
                -0.9668487859358791
            ],
            "shape": [
                0.11,
                0.38,
                0.39
            ],
            "start_pos": [
                0.8274447430028036,
                0.08648872195862081,
                0.245
            ],
            "start_quat": [
                0.9080486892601679,
                -0.0,
                -0.0,
                -0.4188646296035164
            ]
        },
        {
            "goal_pos": [
                -0.22796010251879623,
                -0.9423803021171091,
                0.18
            ],
            "goal_quat": [
                0.6411266468275001,
                -0.0,
                -0.0,
                -0.7674350934950304
            ],
            "shape": [
                0.26,
                0.26,
                0.26
            ],
            "start_pos": [
                0.37603159902764316,
                0.9580963466087931,
                0.18
            ],
            "start_quat": [
                0.9825214973287875,
                -0.0,
                -0.0,
                -0.18614915333354992
            ]
        }
    ]
}