{
    "objects": [
        {
            "goal_pos": [
                1.110912959049505,
                -0.4360886925414288,
                0.08
            ],
            "goal_quat": [
                0.29003363300118024,
                -0.0,
                -0.0,
                -0.9570164532170472
            ],
            "shape": [
                0.07,
                0.06,
                0.06
            ],
            "start_pos": [
                -0.013032110124841179,
                -0.06205438780316408,
                0.08
            ],
            "start_quat": [
                0.39869861343232427,
                0.0,
                0.0,
                0.9170820114074543
            ]
        },
        {
            "goal_pos": [
                1.1364415459785002,
                -0.8701136332652626,
                0.095
            ],
            "goal_quat": [
                0.9674500807342034,
                0.0,
                0.0,
                0.25306193172301406
            ],
            "shape": [
                0.15,
                0.17,
                0.09
            ],
            "start_pos": [
                0.24649235344964837,
                -0.7814981854646507,
                0.095
            ],
            "start_quat": [
                0.4569343130387894,
                0.0,
                0.0,
                0.8895004404539492
            ]
        }
    ]
}