{
    "objects": [
        {
            "goal_pos": [
                0.3008621258343245,
                -0.48742065812808305,
                0.115
            ],
            "goal_quat": [
                0.8678619499625101,
                -0.0,
                -0.0,
                -0.4968054305331914
            ],
            "shape": [
                0.24,
                0.06,
                0.13
            ],
            "start_pos": [
                -0.043999991389757506,
                -0.4704988079882756,
                0.115
            ],
            "start_quat": [
                0.6282056660293017,
                -0.0,
                -0.0,
                -0.7780473257898143
            ]
        },
        {
            "goal_pos": [
                0.4553885867702241,
                -0.703985222169291,
                0.21000000000000002
            ],
            "goal_quat": [
                0.9963894785181435,
                0.0,
                0.0,
                0.08489998291131766
            ],
            "shape": [
                0.09,
                0.13,
                0.32
            ],
            "start_pos": [
                -0.2734393181565011,
                -0.6127676119527536,
                0.21000000000000002
            ],
            "start_quat": [
                0.3645950998629301,
                -0.0,
                -0.0,
                -0.9311661576517587
            ]
        }
    ]
}