{
    "objects": [
        {
            "goal_pos": [
                0.7560580908077081,
                0.493535666251845,
                0.115
            ],
            "goal_quat": [
                0.8377571870410784,
                0.0,
                0.0,
                0.5460429429642139
            ],
            "shape": [
                0.1,
                0.13,
                0.13
            ],
            "start_pos": [
                0.613487067593811,
                0.026485934022558222,
                0.115
            ],
            "start_quat": [
                0.9118244624446201,
                0.0,
                0.0,
                0.410580259739286
            ]
        },
        {
            "goal_pos": [
                -1.2712517528689962,
                0.49280862208061926,
                0.15000000000000002
            ],
            "goal_quat": [
                0.38966274810242346,
                0.0,
                0.0,
                0.9209576226630991
            ],
            "shape": [
                0.33,
                0.22,
                0.2
            ],
            "start_pos": [
                0.3831826926805173,
                -1.259633140647468,
                0.15000000000000002
            ],
            "start_quat": [
                0.9077626510277168,
                -0.0,
                -0.0,
                -0.41948417061807197
            ]
        }
    ]
}