{
    "objects": [
        {
            "goal_pos": [
                0.024608844248393935,
                -0.7348770466778618,
                0.07500000000000001
            ],
            "goal_quat": [
                0.08394017272275936,
                0.0,
                0.0,
                0.9964707960614166
            ],
            "shape": [
                0.03,
                0.3,
                0.05
            ],
            "start_pos": [
                0.38253364234766096,
                0.3319017778776613,
                0.15100000000000002
            ],
            "start_quat": [
                0.9388099127490078,
                0.0,
                0.0,
                0.34443569461395895
            ]
        },
        {
            "goal_pos": [
                0.9065291507035076,
                -0.5603386126074948,
                0.07500000000000001
            ],
            "goal_quat": [
                0.9107982404609095,
                -0.0,
                -0.0,
                -0.4128517472087422
            ],
            "shape": [
                0.03,
                0.3,
                0.05
            ],
            "start_pos": [
                -0.38419248210041457,
                0.2804540471342538,
                0.551
            ],
            "start_quat": [
                0.9747223273370609,
                0.0,
                0.0,
                0.22341974977746146
            ]
        }
    ]
}