{
    "objects": [
        {
            "goal_pos": [
                0.4694131021907565,
                -0.5008963406965998,
                0.235
            ],
            "goal_quat": [
                0.9999344337455408,
                0.0,
                0.0,
                0.011451122651715356
            ],
            "shape": [
                0.24,
                0.15,
                0.37
            ],
            "start_pos": [
                -0.4837360660119547,
                -0.4014928776271144,
                0.235
            ],
            "start_quat": [
                0.9247332881229339,
                -0.0,
                -0.0,
                -0.3806157456508427
            ]
        },
        {
            "goal_pos": [
                -0.11554856407162947,
                -0.36594430781001996,
                0.07500000000000001
            ],
            "goal_quat": [
                0.8237413320542962,
                0.0,
                0.0,
                0.5669657995553291
            ],
            "shape": [
                0.23,
                0.27,
                0.05
            ],
            "start_pos": [
                -0.7014699707304941,
                -0.6394083145886432,
                0.07500000000000001
            ],
            "start_quat": [
                0.8499971968351099,
                -0.0,
                -0.0,
                -0.5267872107145878
            ]
        }
    ]
}