{
    "objects": [
        {
            "goal_pos": [
                1.1647281013271837,
                -0.9619667840923048,
                0.13
            ],
            "goal_quat": [
                0.9719548194149139,
                -0.0,
                -0.0,
                -0.2351676615015806
            ],
            "shape": [
                0.06,
                0.06,
                0.16
            ],
            "start_pos": [
                0.5211302446478577,
                0.02725106936517413,
                0.13
            ],
            "start_quat": [
                0.2915947459445211,
                0.0,
                0.0,
                0.9565419510599367
            ]
        }
    ]
}