{
    "objects": [
        {
            "goal_pos": [
                -0.9265096292839863,
                0.13853401908011176,
                0.14500000000000002
            ],
            "goal_quat": [
                0.2194345110913885,
                -0.0,
                -0.0,
                -0.9756272317550814
            ],
            "shape": [
                0.14,
                0.13,
                0.19
            ],
            "start_pos": [
                0.07328188500815325,
                0.7091809939117715,
                0.14500000000000002
            ],
            "start_quat": [
                0.9996776592109724,
                -0.0,
                -0.0,
                -0.025388534311198876
            ]
        },
        {
            "goal_pos": [
                -0.8403168380428742,
                0.8366770892745855,
                0.13
            ],
            "goal_quat": [
                0.9665743192839054,
                -0.0,
                -0.0,
                -0.256386593449921
            ],
            "shape": [
                0.13,
                0.14,
                0.16
            ],
            "start_pos": [
                0.20182827069110737,
                -0.7343920493348131,
                0.13
            ],
            "start_quat": [
                0.8732256069370175,
                0.0,
                0.0,
                0.48731615958172125
            ]
        },
        {
            "goal_pos": [
                -0.9973428496769315,
                -0.28350666686554127,
                0.115
            ],
            "goal_quat": [
                0.6423342402172156,
                0.0,
                0.0,
                0.7664246367677465
            ],
            "shape": [
                0.12,
                0.13,
                0.13
            ],
            "start_pos": [
                0.1812441202212648,
                -0.04451231992680432,
                0.115
            ],
            "start_quat": [
                0.02339903558396842,
                0.0,
                0.0,
                0.9997262050850424
            ]
        },
        {
            "goal_pos": [
                0.9427543108730443,
                0.01334881398958282,
                0.11
            ],
            "goal_quat": [
                0.9448051738369804,
                -0.0,
                -0.0,
                -0.32763269600403644
            ],
            "shape": [
                0.13,
                0.06,
                0.12
            ],
            "start_pos": [
                -0.40989921367411875,
                -0.7672393699531386,
                0.11
            ],
            "start_quat": [
                0.6650392102193085,
                -0.0,
                -0.0,
                -0.7468084418851185
            ]
        }
    ]
}