{
    "objects": [
        {
            "goal_pos": [
                -0.9621868344039054,
                -0.33949787478933424,
                0.07500000000000001
            ],
            "goal_quat": [
                0.5643143527515527,
                0.0,
                0.0,
                0.8255599985940428
            ],
            "shape": [
                0.03,
                0.3,
                0.05
            ],
            "start_pos": [
                0.40564489391471376,
                0.2512175507687696,
                0.15100000000000002
            ],
            "start_quat": [
                0.06820467058166912,
                0.0,
                0.0,
                0.9976713501503619
            ]
        },
        {
            "goal_pos": [
                0.5738100920218634,
                -0.9213021282703373,
                0.07500000000000001
            ],
            "goal_quat": [
                0.19203832873217094,
                -0.0,
                -0.0,
                -0.981387426197093
            ],
            "shape": [
                0.03,
                0.3,
                0.05
            ],
            "start_pos": [
                -0.3928719170603715,
                0.3239456476043594,
                0.551
            ],
            "start_quat": [
                0.7394343056118349,
                0.0,
                0.0,
                0.673228718701411
            ]
        },
        {
            "goal_pos": [
                -0.33025584745465764,
                -0.9369982317341334,
                0.07500000000000001
            ],
            "goal_quat": [
                0.5322407035749144,
                0.0,
                0.0,
                0.8465930743031626
            ],
            "shape": [
                0.03,
                0.3,
                0.05
            ],
            "start_pos": [
                -0.013036775907849997,
                0.3000151708701547,
                0.15100000000000002
            ],
            "start_quat": [
                0.6763757382274941,
                -0.0,
                -0.0,
                -0.7365567600241086
            ]
        }
    ]
}