{
    "objects": [
        {
            "goal_pos": [
                0.57715075185047,
                -0.9423034214210781,
                0.07500000000000001
            ],
            "goal_quat": [
                0.8731716641315977,
                -0.0,
                -0.0,
                -0.4874128075437249
            ],
            "shape": [
                0.03,
                0.3,
                0.05
            ],
            "start_pos": [
                0.40949952982798354,
                0.30858261795244646,
                0.15100000000000002
            ],
            "start_quat": [
                0.6046871080611644,
                0.0,
                0.0,
                0.7964631198898199
            ]
        },
        {
            "goal_pos": [
                -0.3874805403165251,
                -0.9023681202619489,
                0.07500000000000001
            ],
            "goal_quat": [
                0.9961027900523046,
                0.0,
                0.0,
                0.08819995266446716
            ],
            "shape": [
                0.03,
                0.3,
                0.05
            ],
            "start_pos": [
                -0.4131520300091518,
                0.3237959560563334,
                0.551
            ],
            "start_quat": [
                0.9998587532963413,
                0.0,
                0.0,
                0.01680694667945197
            ]
        },
        {
            "goal_pos": [
                0.9036170527995218,
                -0.7710803802537576,
                0.07500000000000001
            ],
            "goal_quat": [
                0.3867504803635342,
                0.0,
                0.0,
                0.922184399097369
            ],
            "shape": [
                0.03,
                0.3,
                0.05
            ],
            "start_pos": [
                -0.01211617483700907,
                0.34173227369750936,
                0.15100000000000002
            ],
            "start_quat": [
                0.20403244186927882,
                0.0,
                0.0,
                0.9789641273636431
            ]
        },
        {
            "goal_pos": [
                -0.039096394954039215,
                -0.8043569485505486,
                0.07500000000000001
            ],
            "goal_quat": [
                0.2537335114880624,
                0.0,
                0.0,
                0.9672741623489884
            ],
            "shape": [
                0.03,
                0.3,
                0.05
            ],
            "start_pos": [
                0.020655829638723547,
                0.318068294732163,
                0.551
            ],
            "start_quat": [
                0.33553947170899145,
                -0.0,
                -0.0,
                -0.9420261476865973
            ]
        }
    ]
}