{
    "objects": [
        {
            "goal_pos": [
                0.6688105546548133,
                -0.831103530950926,
                0.07500000000000001
            ],
            "goal_quat": [
                0.7842825653404193,
                0.0,
                0.0,
                0.6204037860160517
            ],
            "shape": [
                0.03,
                0.3,
                0.05
            ],
            "start_pos": [
                0.4141600041837982,
                0.3380007585695617,
                0.15100000000000002
            ],
            "start_quat": [
                0.9999986563597927,
                -0.0,
                -0.0,
                -0.0016392921061679057
            ]
        },
        {
            "goal_pos": [
                -0.6680479363003639,
                -0.8577040028572944,
                0.07500000000000001
            ],
            "goal_quat": [
                0.8950511371487785,
                -0.0,
                -0.0,
                -0.4459635208048731
            ],
            "shape": [
                0.03,
                0.3,
                0.05
            ],
            "start_pos": [
                -0.37859022938065623,
                0.302030423495837,
                0.551
            ],
            "start_quat": [
                0.899427190905351,
                -0.0,
                -0.0,
                -0.4370706215934782
            ]
        }
    ]
}