{
    "objects": [
        {
            "goal_pos": [
                0.3144283946999193,
                -0.8474357290778025,
                0.07500000000000001
            ],
            "goal_quat": [
                0.7563960780265714,
                -0.0,
                -0.0,
                -0.6541138839269665
            ],
            "shape": [
                0.03,
                0.3,
                0.05
            ],
            "start_pos": [
                0.4031268245133714,
                0.2751836021105241,
                0.15100000000000002
            ],
            "start_quat": [
                0.9833078419681193,
                -0.0,
                -0.0,
                -0.18194968514399842
            ]
        },
        {
            "goal_pos": [
                -0.07966829163802308,
                -0.8217700493351465,
                0.07500000000000001
            ],
            "goal_quat": [
                0.9340325300460189,
                0.0,
                0.0,
                0.3571879516666719
            ],
            "shape": [
                0.03,
                0.3,
                0.05
            ],
            "start_pos": [
                -0.4228831540574437,
                0.2535765898759143,
                0.551
            ],
            "start_quat": [
                0.581266428900167,
                0.0,
                0.0,
                0.8137133024804541
            ]
        },
        {
            "goal_pos": [
                -0.3732651230073497,
                -0.9916135523546459,
                0.07500000000000001
            ],
            "goal_quat": [
                0.8457948484465753,
                0.0,
                0.0,
                0.533508270171358
            ],
            "shape": [
                0.03,
                0.3,
                0.05
            ],
            "start_pos": [
                0.01079444125089992,
                0.27185874876817534,
                0.15100000000000002
            ],
            "start_quat": [
                0.9655629064567356,
                -0.0,
                -0.0,
                -0.26016970168492176
            ]
        }
    ]
}