{
    "objects": [
        {
            "goal_pos": [
                0.23728519904909684,
                -0.9477404269790071,
                0.07500000000000001
            ],
            "goal_quat": [
                0.8049313648742374,
                0.0,
                0.0,
                0.593367927884291
            ],
            "shape": [
                0.03,
                0.3,
                0.05
            ],
            "start_pos": [
                0.39398516756767543,
                0.27300456989876387,
                0.15100000000000002
            ],
            "start_quat": [
                0.6621704761703195,
                0.0,
                0.0,
                0.7493532281163352
            ]
        },
        {
            "goal_pos": [
                -0.09198159087477076,
                -0.8334924446823546,
                0.07500000000000001
            ],
            "goal_quat": [
                0.9963537228129694,
                -0.0,
                -0.0,
                -0.0853185738086172
            ],
            "shape": [
                0.03,
                0.3,
                0.05
            ],
            "start_pos": [
                -0.38768983459095824,
                0.30465439485700246,
                0.551
            ],
            "start_quat": [
                0.043876556913874556,
                -0.0,
                -0.0,
                -0.999036960153819
            ]
        },
        {
            "goal_pos": [
                0.8623568935028874,
                -0.7418922398331693,
                0.07500000000000001
            ],
            "goal_quat": [
                0.9800572767034149,
                -0.0,
                -0.0,
                -0.19871520923343056
            ],
            "shape": [
                0.03,
                0.3,
                0.05
            ],
            "start_pos": [
                0.015500060516695328,
                0.28293643304008803,
                0.15100000000000002
            ],
            "start_quat": [
                0.11248616926855377,
                -0.0,
                -0.0,
                -0.9936532905009102
            ]
        }
    ]
}