{
    "objects": [
        {
            "goal_pos": [
                -0.23937335388166592,
                -0.38078520244614356,
                0.175
            ],
            "goal_quat": [
                0.7348673627783586,
                -0.0,
                -0.0,
                -0.6782108515227254
            ],
            "shape": [
                0.37,
                0.06,
                0.25
            ],
            "start_pos": [
                0.19302703196600052,
                -0.3641976240602174,
                0.175
            ],
            "start_quat": [
                0.9530468875740787,
                -0.0,
                -0.0,
                -0.30282277009062813
            ]
        },
        {
            "goal_pos": [
                -0.6350398369147133,
                -0.5809591497572169,
                0.16999999999999998
            ],
            "goal_quat": [
                0.5966055432147488,
                0.0,
                0.0,
                0.8025346259230405
            ],
            "shape": [
                0.23,
                0.33,
                0.24
            ],
            "start_pos": [
                0.6390605597451544,
                -0.5749855315520113,
                0.16999999999999998
            ],
            "start_quat": [
                0.5136278423069653,
                -0.0,
                -0.0,
                -0.8580130765944602
            ]
        }
    ]
}