{
    "objects": [
        {
            "goal_pos": [
                -0.014426361325914683,
                -0.8655470700933687,
                0.07500000000000001
            ],
            "goal_quat": [
                0.3255337517269645,
                0.0,
                0.0,
                0.9455304207092265
            ],
            "shape": [
                0.03,
                0.3,
                0.05
            ],
            "start_pos": [
                0.39537058569492667,
                0.340185268684347,
                0.15100000000000002
            ],
            "start_quat": [
                0.9949449765106316,
                0.0,
                0.0,
                0.10042157993309393
            ]
        },
        {
            "goal_pos": [
                -0.34933327956792,
                -0.9949200985852591,
                0.07500000000000001
            ],
            "goal_quat": [
                0.9891910946585111,
                0.0,
                0.0,
                0.1466321187472124
            ],
            "shape": [
                0.03,
                0.3,
                0.05
            ],
            "start_pos": [
                -0.4002296131117313,
                0.26741629004794115,
                0.551
            ],
            "start_quat": [
                0.5437833781986968,
                0.0,
                0.0,
                0.8392256178137159
            ]
        }
    ]
}