{
    "objects": [
        {
            "goal_pos": [
                1.202573741904314,
                -0.29346275558548596,
                0.13
            ],
            "goal_quat": [
                0.3891840673475014,
                -0.0,
                -0.0,
                -0.921160008751387
            ],
            "shape": [
                0.12,
                0.11,
                0.16
            ],
            "start_pos": [
                -0.5555040819166429,
                -0.9627048387906731,
                0.13
            ],
            "start_quat": [
                0.6242864606778817,
                -0.0,
                -0.0,
                -0.7811955037084403
            ]
        }
    ]
}