{
    "objects": [
        {
            "goal_pos": [
                0.3161684017267775,
                -0.8916396577758376,
                0.07500000000000001
            ],
            "goal_quat": [
                0.821051504270794,
                -0.0,
                -0.0,
                -0.570854120887873
            ],
            "shape": [
                0.03,
                0.3,
                0.05
            ],
            "start_pos": [
                0.4061713174899711,
                0.27358941607689524,
                0.15100000000000002
            ],
            "start_quat": [
                0.019803599382990887,
                0.0,
                0.0,
                0.9998038894960741
            ]
        },
        {
            "goal_pos": [
                1.0173614089969565,
                -0.40384638978735815,
                0.07500000000000001
            ],
            "goal_quat": [
                0.48255098025812065,
                -0.0,
                -0.0,
                -0.875867884701755
            ],
            "shape": [
                0.03,
                0.3,
                0.05
            ],
            "start_pos": [
                -0.3860451052617583,
                0.2897995652220626,
                0.551
            ],
            "start_quat": [
                0.4219426998891606,
                0.0,
                0.0,
                0.9066225002779523
            ]
        }
    ]
}