{
    "objects": [
        {
            "goal_pos": [
                0.021258439507970628,
                -0.7794415319966235,
                0.07500000000000001
            ],
            "goal_quat": [
                0.5027673642332703,
                -0.0,
                -0.0,
                -0.8644217590169339
            ],
            "shape": [
                0.03,
                0.3,
                0.05
            ],
            "start_pos": [
                0.4194821836433639,
                0.29762028934708595,
                0.15100000000000002
            ],
            "start_quat": [
                0.9999981053026049,
                -0.0,
                -0.0,
                -0.001946635867433479
            ]
        },
        {
            "goal_pos": [
                -0.9687800212810338,
                -0.6185813434872476,
                0.07500000000000001
            ],
            "goal_quat": [
                0.7481422134214754,
                -0.0,
                -0.0,
                -0.6635384152381953
            ],
            "shape": [
                0.03,
                0.3,
                0.05
            ],
            "start_pos": [
                -0.390590955483916,
                0.293039038776871,
                0.551
            ],
            "start_quat": [
                0.9979270431917884,
                -0.0,
                -0.0,
                -0.06435539189916036
            ]
        }
    ]
}