{
    "objects": [
        {
            "goal_pos": [
                -0.22494373452843935,
                -0.9000293946696734,
                0.07500000000000001
            ],
            "goal_quat": [
                0.5435261316859066,
                -0.0,
                -0.0,
                -0.8393922469111533
            ],
            "shape": [
                0.03,
                0.3,
                0.05
            ],
            "start_pos": [
                0.3961847568030373,
                0.33302536442564923,
                0.15100000000000002
            ],
            "start_quat": [
                0.622294533013666,
                0.0,
                0.0,
                0.7827831846567115
            ]
        },
        {
            "goal_pos": [
                -0.8594926318172431,
                -0.6527587098418495,
                0.07500000000000001
            ],
            "goal_quat": [
                0.5795705353095709,
                -0.0,
                -0.0,
                -0.8149220788523142
            ],
            "shape": [
                0.03,
                0.3,
                0.05
            ],
            "start_pos": [
                -0.42295782044837055,
                0.349122867843609,
                0.551
            ],
            "start_quat": [
                0.024758404784783798,
                0.0,
                0.0,
                0.9996934637140091
            ]
        }
    ]
}