{
    "objects": [
        {
            "goal_pos": [
                1.2239964418359854,
                0.5632207627755998,
                0.10500000000000001
            ],
            "goal_quat": [
                0.2556516709137805,
                0.0,
                0.0,
                0.9667689605893396
            ],
            "shape": [
                0.11,
                0.11,
                0.11
            ],
            "start_pos": [
                0.5924829807867752,
                0.9629844364517139,
                0.10500000000000001
            ],
            "start_quat": [
                0.9633097854209733,
                0.0,
                0.0,
                0.26839198444103796
            ]
        }
    ]
}