{
    "objects": [
        {
            "goal_pos": [
                -0.09396125722626142,
                -0.38312710990022525,
                0.07500000000000001
            ],
            "goal_quat": [
                0.9987414523318241,
                -0.0,
                -0.0,
                -0.05015487408137564
            ],
            "shape": [
                0.12,
                0.35000000000000003,
                0.05
            ],
            "start_pos": [
                0.6812329507705905,
                -0.6824086108163202,
                0.07500000000000001
            ],
            "start_quat": [
                0.44651341993146026,
                -0.0,
                -0.0,
                -0.8947769363484462
            ]
        }
    ]
}