{
    "objects": [
        {
            "goal_pos": [
                0.9724001898832226,
                -0.46956149155897486,
                0.07500000000000001
            ],
            "goal_quat": [
                0.9681934476610148,
                0.0,
                0.0,
                0.25020281354588686
            ],
            "shape": [
                0.03,
                0.3,
                0.05
            ],
            "start_pos": [
                0.4102788204579039,
                0.3084617128499485,
                0.15100000000000002
            ],
            "start_quat": [
                0.9794014619797528,
                -0.0,
                -0.0,
                -0.20192269875356467
            ]
        },
        {
            "goal_pos": [
                -0.45510509785849723,
                -0.9575052904989991,
                0.07500000000000001
            ],
            "goal_quat": [
                0.38857909072345775,
                0.0,
                0.0,
                0.9214153733536958
            ],
            "shape": [
                0.03,
                0.3,
                0.05
            ],
            "start_pos": [
                -0.3884682924158571,
                0.29612876835770413,
                0.551
            ],
            "start_quat": [
                0.039491415277715075,
                0.0,
                0.0,
                0.9992199097893131
            ]
        },
        {
            "goal_pos": [
                -1.0606133567438958,
                -0.42303619165012957,
                0.07500000000000001
            ],
            "goal_quat": [
                0.3424883253235584,
                -0.0,
                -0.0,
                -0.9395220843689969
            ],
            "shape": [
                0.03,
                0.3,
                0.05
            ],
            "start_pos": [
                -0.021577394647573855,
                0.33334074936893776,
                0.15100000000000002
            ],
            "start_quat": [
                0.3504715829947302,
                0.0,
                0.0,
                0.9365733657931812
            ]
        },
        {
            "goal_pos": [
                -0.8844683684445281,
                -0.7908741712499765,
                0.07500000000000001
            ],
            "goal_quat": [
                0.40549316236546445,
                0.0,
                0.0,
                0.9140980774921557
            ],
            "shape": [
                0.03,
                0.3,
                0.05
            ],
            "start_pos": [
                0.01409923833298355,
                0.33722923391451026,
                0.551
            ],
            "start_quat": [
                0.9884002966072382,
                -0.0,
                -0.0,
                -0.15187117457478105
            ]
        }
    ]
}