{
    "objects": [
        {
            "goal_pos": [
                0.015923440662641064,
                -0.5159396882881404,
                0.10500000000000001
            ],
            "goal_quat": [
                0.41861654212365723,
                0.0,
                0.0,
                0.9081630859380007
            ],
            "shape": [
                0.15,
                0.06,
                0.11
            ],
            "start_pos": [
                0.8516120550581526,
                -0.6796186423465286,
                0.10500000000000001
            ],
            "start_quat": [
                0.8086314442325078,
                0.0,
                0.0,
                0.5883155508725303
            ]
        }
    ]
}