{
    "objects": [
        {
            "goal_pos": [
                -0.9204239123601791,
                0.023984826107505408,
                0.21500000000000002
            ],
            "goal_quat": [
                0.8711041858183084,
                -0.0,
                -0.0,
                -0.49109825641089594
            ],
            "shape": [
                0.14,
                0.3,
                0.33
            ],
            "start_pos": [
                0.44087190210095045,
                0.2699849914820293,
                0.21500000000000002
            ],
            "start_quat": [
                0.8871398530612249,
                0.0,
                0.0,
                0.46150068375952424
            ]
        },
        {
            "goal_pos": [
                0.08469978474349077,
                0.6652946408539716,
                0.13
            ],
            "goal_quat": [
                0.14477599595696125,
                -0.0,
                -0.0,
                -0.9894644566606069
            ],
            "shape": [
                0.35000000000000003,
                0.07,
                0.16
            ],
            "start_pos": [
                0.9701194833742267,
                -0.6569613100244911,
                0.13
            ],
            "start_quat": [
                0.14574988929112587,
                0.0,
                0.0,
                0.9893214693776864
            ]
        }
    ]
}