{
    "objects": [
        {
            "goal_pos": [
                -0.514872875297493,
                -0.5702107863599377,
                0.2
            ],
            "goal_quat": [
                0.3715523018165103,
                0.0,
                0.0,
                0.9284120243807987
            ],
            "shape": [
                0.17,
                0.05,
                0.3
            ],
            "start_pos": [
                -0.34991021230367036,
                -0.2544642939096541,
                0.2
            ],
            "start_quat": [
                0.3923923838664439,
                0.0,
                0.0,
                0.9197979218739349
            ]
        },
        {
            "goal_pos": [
                -0.04392629150697841,
                -0.3342343582975228,
                0.12000000000000001
            ],
            "goal_quat": [
                0.5651677479969639,
                0.0,
                0.0,
                0.824976009726368
            ],
            "shape": [
                0.06,
                0.29,
                0.14
            ],
            "start_pos": [
                0.2546230365243246,
                -0.3663177677113848,
                0.12000000000000001
            ],
            "start_quat": [
                0.017264843692724713,
                -0.0,
                -0.0,
                -0.999850951478402
            ]
        },
        {
            "goal_pos": [
                -0.283289703289731,
                -0.5409411122049792,
                0.135
            ],
            "goal_quat": [
                0.5971617934808037,
                -0.0,
                -0.0,
                -0.802120809109694
            ],
            "shape": [
                0.2,
                0.06,
                0.17
            ],
            "start_pos": [
                0.5180071877358026,
                -0.46449338169755294,
                0.135
            ],
            "start_quat": [
                0.7588314221965401,
                0.0,
                0.0,
                0.6512870892987027
            ]
        }
    ]
}