{
    "a3_": [
        {
            "name": "a3_",
            "type": 0,
            "start_conf": [
                0.0,
                0.5,
                -1.2,
                0.0,
                1.57,
                1.57
            ],
            "goal_conf": [
                1.0958593347087076,
                -0.6582282749622257,
                -1.081281643346387,
                0.03032689099709805,
                1.0724895018814917,
                1.5404503350101533
            ],
            "start_time": 0,
            "success": 1,
            "planning_time": 163,
            "path": [
                {
                    "q": [
                        0.0,
                        0.5,
                        -1.2,
                        0.0,
                        1.57,
                        1.57
                    ],
                    "t": 0.0
                },
                {
                    "q": [
                        0.2913957642344859,
                        0.1415388228526394,
                        -1.0898088426725925,
                        -0.5505011841760319,
                        0.9767872529038628,
                        1.224313603370604
                    ],
                    "t": 10.0
                },
                {
                    "q": [
                        1.0958593347087076,
                        -0.6582282749622257,
                        -1.081281643346387,
                        0.03032689099709805,
                        1.0724895018814917,
                        1.5404503350101533
                    ],
                    "t": 23.17558772827262
                }
            ]
        },
        {
            "name": "a3_",
            "type": 0,
            "start_conf": [
                1.0958593347087078,
                -0.6582282749622266,
                -1.0812816433463872,
                0.030326890997098843,
                1.0724895018814917,
                1.5404503350101526
            ],
            "goal_conf": [
                -2.27889517569014,
                0.5103723513655335,
                -2.377803134767815,
                0.11962418560046371,
                1.0653296049875058,
                1.5992700223397316
            ],
            "start_time": 24,
            "success": 1,
            "planning_time": 294,
            "path": [
                {
                    "q": [
                        1.0958593347087078,
                        -0.6582282749622266,
                        -1.0812816433463872,
                        0.030326890997098843,
                        1.0724895018814917,
                        1.5404503350101526
                    ],
                    "t": 24.0
                },
                {
                    "q": [
                        -0.29752163005575494,
                        -0.159730261314792,
                        -0.9392472133123655,
                        -0.41352736576689963,
                        0.3411505251437785,
                        1.1527878693681746
                    ],
                    "t": 49.585022176000734
                },
                {
                    "q": [
                        -2.27889517569014,
                        0.5103723513655335,
                        -2.377803134767815,
                        0.11962418560046371,
                        1.0653296049875058,
                        1.5992700223397316
                    ],
                    "t": 76.90162479594085
                }
            ]
        },
        {
            "name": "a3_",
            "type": 0,
            "start_conf": [
                -2.278895175690142,
                0.5103723513655325,
                -2.3778031347678166,
                0.11962418560046473,
                1.0653296049875056,
                1.5992700223397325
            ],
            "goal_conf": [
                0.0,
                0.5,
                -1.2,
                0.0,
                1.57,
                1.57
            ],
            "start_time": 77,
            "success": 1,
            "planning_time": 185,
            "path": [
                {
                    "q": [
                        -2.278895175690142,
                        0.5103723513655325,
                        -2.3778031347678166,
                        0.11962418560046473,
                        1.0653296049875056,
                        1.5992700223397325
                    ],
                    "t": 77.0
                },
                {
                    "q": [
                        -1.8140119132116654,
                        0.25086561607506747,
                        -1.7648319891891846,
                        -0.05452708199290379,
                        0.7316314100305509,
                        2.0455020606027476
                    ],
                    "t": 87.0
                },
                {
                    "q": [
                        0.0,
                        0.5,
                        -1.2,
                        0.0,
                        1.57,
                        1.57
                    ],
                    "t": 108.46619709787441
                }
            ]
        }
    ],
    "a0_": [
        {
            "name": "a0_",
            "type": 0,
            "start_conf": [
                0.0,
                0.5,
                -1.2,
                0.0,
                1.57,
                1.57
            ],
            "goal_conf": [
                0.34033717035736505,
                -0.10200250266222309,
                -1.8200530331343505,
                -0.11646551937366645,
                1.7349665051791692,
                2.2329001458762265
            ],
            "start_time": 0,
            "success": 1,
            "planning_time": 119,
            "path": [
                {
                    "q": [
                        0.0,
                        0.5,
                        -1.2,
                        0.0,
                        1.57,
                        1.57
                    ],
                    "t": 0.0
                },
                {
                    "q": [
                        0.36149916040618246,
                        0.11390500048643654,
                        -1.2590864943694904,
                        -0.2448040595110016,
                        1.2353290471295346,
                        2.3081220226433294
                    ],
                    "t": 10.0
                },
                {
                    "q": [
                        0.34033717035736505,
                        -0.10200250266222309,
                        -1.8200530331343505,
                        -0.11646551937366645,
                        1.7349665051791692,
                        2.2329001458762265
                    ],
                    "t": 17.969369522356402
                }
            ]
        },
        {
            "name": "a0_",
            "type": 0,
            "start_conf": [
                0.34033717035736544,
                -0.10200250266222355,
                -1.8200530331343543,
                -0.11646551937366567,
                1.7349665051791694,
                2.2329001458762257
            ],
            "goal_conf": [
                -0.9052686209141458,
                -0.5014901412130106,
                -1.295004743641147,
                -0.04611676634623627,
                1.1452632572693549,
                0.9072839296908456
            ],
            "start_time": 18,
            "success": 1,
            "planning_time": 323,