{
    "a0_": [
        {
            "name": "a0_",
            "type": 0,
            "start_conf": [
                0.0,
                0.5,
                -1.2,
                0.0,
                1.57,
                1.57
            ],
            "goal_conf": [
                -0.8194560539502309,
                -0.08920283281042195,
                -1.59244142222306,
                -0.07008871695411148,
                1.553140383105005,
                1.5811053396175154
            ],
            "start_time": 0,
            "success": 1,
            "planning_time": 139,
            "path": [
                {
                    "q": [
                        0.0,
                        0.5,
                        -1.2,
                        0.0,
                        1.57,
                        1.57
                    ],
                    "t": 0.0
                },
                {
                    "q": [
                        -0.5041466732903954,
                        0.16027611916168627,
                        -0.8456686304579625,
                        -0.26771463986240723,
                        1.7371154213519082,
                        0.9333883407393779
                    ],
                    "t": 10.0
                },
                {
                    "q": [
                        -0.8194560539502309,
                        -0.08920283281042195,
                        -1.59244142222306,
                        -0.07008871695411148,
                        1.553140383105005,
                        1.5811053396175154
                    ],
                    "t": 51.98898094075974
                }
            ]
        },
        {
            "name": "a0_",
            "type": 0,
            "start_conf": [
                -0.8194560539502309,
                -0.08920283281042195,
                -1.59244142222306,
                -0.07008871695411148,
                1.553140383105005,
                1.5811053396175154
            ],
            "goal_conf": [
                0.7436401416295536,
                0.03935892406655066,
                -1.7764645774585197,
                -0.029837645011788292,
                1.5868081206311595,
                1.5589547355255722
            ],
            "start_time": 52,
            "success": 1,
            "planning_time": 163,
            "path": [
                {
                    "q": [
                        -0.8194560539502309,
                        -0.08920283281042195,
                        -1.59244142222306,
                        -0.07008871695411148,
                        1.553140383105005,
                        1.5811053396175154
                    ],
                    "t": 52.0
                },
                {
                    "q": [
                        0.19329437309427566,
                        -0.22657721480352144,
                        -1.1439098651798623,
                        -0.10874471244295371,
                        1.305805290423427,
                        1.1833443986112175
                    ],
                    "t": 64.11031959206554
                },
                {
                    "q": [
                        0.7436401416295536,
                        0.03935892406655066,
                        -1.7764645774585197,
                        -0.029837645011788292,
                        1.5868081206311595,
                        1.5589547355255722
                    ],
                    "t": 74.12244203409963
                }
            ]
        },
        {
            "name": "a0_",
            "type": 0,
            "start_conf": [
                0.7436401416295542,
                0.03935892406655106,
                -1.7764645774585146,
                -0.02983764501178779,
                1.5868081206311602,
                1.5589547355255728
            ],
            "goal_conf": [
                -1.0489158917580323,
                -0.39455459812774935,
                -1.2734173583175123,
                -0.014377029480898262,
                1.521698340394698,
                1.8797727895581087
            ],
            "start_time": 75,
            "success": 1,
            "planning_time": 148,
            "path": [
                {
                    "q": [
                        0.7436401416295542,
                        0.03935892406655106,
                        -1.7764645774585146,
                        -0.02983764501178779,
                        1.5868081206311602,
                        1.5589547355255728
                    ],
                    "t": 75.0
                },
                {
                    "q": [
                        0.7965835190028693,
                        0.04737327196083288,
                        -1.2563326939973076,
                        -0.4478257860639966,
                        0.8445947924634839,
                        1.5905914587631886
                    ],
                    "t": 85.0
                },
                {
                    "q": [
                        -1.0489158917580323,
                        -0.39455459812774935,
                        -1.2734173583175123,
                        -0.014377029480898262,
                        1.521698340394698,
                        1.8797727895581087
                    ],
                    "t": 105.82210525416933
                }
            ]
        },
        {
            "name": "a0_",
            "type": 0,
            "start_conf": [
                0.7436401416295542,
                0.03935892406655106,
                -1.7764645774585146,
                -0.02983764501178779,
                1.5868081206311602,
                1.5589547355255728
            ],
            "goal_conf": [
                0.0,
                0.5,
                -1.2,
                0.0,
                1.57,
                1.57
            ],
            "start_time": 75,
            "success": 1,
            "planning_time": 115,
            "path": [
                {
                    "q": [
                        0.7436401416295542,
                        0.03935892406655106,
                        -1.7764645774585146,
                        -0.02983764501178779,
                        1.5868081206311602,
                        1.5589547355255728
                    ],
                    "t": 75.0
                },
                {
                    "q": [
                        0.8255279388197444,
                        0.1655200300219276,
                        -2.227934512613986,
                        -0.8714016019842786,
                        1.6051228047848483,
                        1.30402858870002
                    ],
                    "t": 85.0
                },
                {
                    "q": [
                        0.0,
                        0.5,
                        -1.2,
                        0.0,
                        1.57,
                        1.57
                    ],
                    "t": 101.3848008340086
                }
            ]
        },
        {
            "name": "a0_",
            "type": 0,
            "start_conf": [
                -1.0489158917580312,
                -0.3945545981277496,
                -1.2734173583175084,
                -0.01437702948089839,
                1.5216983403946984,
                1.8797727895581087
            ],
            "goal_conf": [
                -0.16730769419680921,
                0.3010905973315522,
                -1.9811419375817088,
                0.059657651893413,
                1.4444734656582108,
                1.2602208905706163
            ],
            "start_time": 106,
            "success": 1,
            "planning_time": 159,