{
    "a3_": [
        {
            "name": "a3_",
            "type": 0,
            "start_conf": [
                0.0,
                0.5,
                -1.2,
                0.0,
                1.57,
                1.57
            ],
            "goal_conf": [
                1.3244542191416915,
                -0.36777734529989564,
                -1.4657204245152433,
                0.33973229200626354,
                1.9310331885918355,
                0.742324875339717
            ],
            "start_time": 47,
            "success": 1,
            "planning_time": 158,
            "path": [
                {
                    "q": [
                        0.0,
                        0.5,
                        -1.2,
                        0.0,
                        1.57,
                        1.57
                    ],
                    "t": 47.0
                },
                {
                    "q": [
                        0.5317096478520207,
                        0.48160973911937394,
                        -0.4625083620760937,
                        0.07594211817576417,
                        1.841655349741116,
                        1.2642404566948942
                    ],
                    "t": 57.0
                },
                {
                    "q": [
                        1.3244542191416915,
                        -0.36777734529989564,
                        -1.4657204245152433,
                        0.33973229200626354,
                        1.9310331885918355,
                        0.742324875339717
                    ],
                    "t": 74.46086513872409
                }
            ]
        },
        {
            "name": "a3_",
            "type": 0,
            "start_conf": [
                1.3244542191416908,
                -0.3677773452998956,
                -1.4657204245152442,
                0.3397322920062642,
                1.9310331885918364,
                0.7423248753397169
            ],
            "goal_conf": [
                -1.6234244525562669,
                -0.7874071627668559,
                -0.8298893536712001,
                0.40465168321421496,
                1.4327500089702125,
                2.397935178555489
            ],
            "start_time": 75,
            "success": 1,
            "planning_time": 265,
            "path": [
                {
                    "q": [
                        1.3244542191416908,
                        -0.3677773452998956,
                        -1.4657204245152442,
                        0.3397322920062642,
                        1.9310331885918364,
                        0.7423248753397169
                    ],
                    "t": 75.0
                },
                {
                    "q": [
                        1.5758727502411631,
                        -0.27333126291026977,
                        -0.779324904992851,
                        0.24470882581094466,
                        1.3160901570165087,
                        0.4786101444091293
                    ],
                    "t": 85.0
                },
                {
                    "q": [
                        -1.6234244525562669,
                        -0.7874071627668559,
                        -0.8298893536712001,
                        0.40465168321421496,
                        1.4327500089702125,
                        2.397935178555489
                    ],
                    "t": 134.72649607579305
                }
            ]
        },
        {
            "name": "a3_",
            "type": 0,
            "start_conf": [
                4.659760854623306,
                -0.787407162766856,
                -0.8298893536712011,
                0.4046516832142153,
                1.4327500089702132,
                2.397935178555489
            ],
            "goal_conf": [
                0.0,
                0.5,
                -1.2,
                0.0,
                1.57,
                1.57
            ],
            "start_time": 135,
            "success": 1,
            "planning_time": 364,
            "path": [
                {
                    "q": [
                        4.659760854623306,
                        -0.787407162766856,
                        -0.8298893536712011,
                        0.4046516832142153,
                        1.4327500089702132,
                        2.397935178555489
                    ],
                    "t": 135.0
                },
                {
                    "q": [
                        4.822078412938934,
                        -0.9191991824679251,
                        -1.1421147294726588,
                        0.2990084388391354,
                        0.5413588837086601,
                        2.628283947239095
                    ],
                    "t": 145.0
                },
                {
                    "q": [
                        0.0,
                        0.5,
                        -1.2,
                        0.0,
                        1.57,
                        1.57
                    ],
                    "t": 197.48609099001402
                }
            ]
        }
    ],
    "a0_": [
        {
            "name": "a0_",
            "type": 0,
            "start_conf": [
                0.0,
                0.5,
                -1.2,
                0.0,
                1.57,
                1.57
            ],
            "goal_conf": [
                0.796670362536823,
                -0.34183913046174347,
                -1.4731745674785857,
                0.19573556771773187,
                1.4094107918595673,
                1.1842247480982084
            ],
            "start_time": 0,
            "success": 1,
            "planning_time": 169,
            "path": [
                {
                    "q": [
                        0.0,
                        0.5,
                        -1.2,
                        0.0,
                        1.57,
                        1.57
                    ],
                    "t": 0.0
                },
                {
                    "q": [
                        -0.4536318124872262,
                        0.16877007549729678,
                        -0.8545278109600819,
                        -0.26102109669498647,
                        1.7329371131079676,
                        0.8840893887206275
                    ],
                    "t": 10.0
                },
                {
                    "q": [
                        0.796670362536823,
                        -0.34183913046174347,
                        -1.4731745674785857,
                        0.19573556771773187,
                        1.4094107918595673,
                        1.1842247480982084
                    ],
                    "t": 26.16574665185188
                }
            ]
        },
        {
            "name": "a0_",
            "type": 0,
            "start_conf": [
                0.7966703625368226,
                -0.34183913046174297,
                -1.4731745674785877,
                0.19573556771773148,
                1.4094107918595673,
                1.1842247480982075
            ],
            "goal_conf": [
                -1.8268305655835804,
                -0.319380644080878,
                -1.5277887637176064,
                0.11674108819796342,
                1.4729964431369142,
                1.9557796332829795
            ],
            "start_time": 27,
            "success": 1,
            "planning_time": 538,