{
    "a1_": [
        {
            "name": "a1_",
            "type": 0,
            "start_conf": [
                0.0,
                0.5,
                -1.2,
                0.0,
                1.57,
                1.57
            ],
            "goal_conf": [
                1.217745763144668,
                -0.7007210923279944,
                -1.1194580003696446,
                0.389193899078608,
                1.6012397544178354,
                1.9389794937318123
            ],
            "start_time": 0,
            "success": 1,
            "planning_time": 93,
            "path": [
                {
                    "q": [
                        0.0,
                        0.5,
                        -1.2,
                        0.0,
                        1.57,
                        1.57
                    ],
                    "t": 0.0
                },
                {
                    "q": [
                        0.4551703987031841,
                        0.13299304322452976,
                        -1.256165333693517,
                        -0.232701260054153,
                        1.229679930299017,
                        2.2664220206468313
                    ],
                    "t": 9.999999999999996
                },
                {
                    "q": [
                        1.217745763144668,
                        -0.7007210923279944,
                        -1.1194580003696446,
                        0.389193899078608,
                        1.6012397544178354,
                        1.9389794937318123
                    ],
                    "t": 23.892798784395872
                }
            ]
        },
        {
            "name": "a1_",
            "type": 0,
            "start_conf": [
                1.2177457631446682,
                -0.7007210923279938,
                -1.1194580003696462,
                0.3891938990786077,
                1.6012397544178343,
                1.9389794937318123
            ],
            "goal_conf": [
                0.9861581492806827,
                -0.6867888751678449,
                -1.0644704402474283,
                0.2448181174728578,
                1.691900151830689,
                1.201327634083694
            ],
            "start_time": 24,
            "success": 1,
            "planning_time": 126,
            "path": [
                {
                    "q": [
                        1.2177457631446682,
                        -0.7007210923279938,
                        -1.1194580003696462,
                        0.3891938990786077,
                        1.6012397544178343,
                        1.9389794937318123
                    ],
                    "t": 24.0
                },
                {
                    "q": [
                        1.5604950912387352,
                        -0.622864188493226,
                        -0.9889923682774665,
                        -0.010349491301705371,
                        0.9850683521549749,
                        2.5047867062131868
                    ],
                    "t": 34.0
                },
                {
                    "q": [
                        0.9861581492806827,
                        -0.6867888751678449,
                        -1.0644704402474283,
                        0.2448181174728578,
                        1.691900151830689,
                        1.201327634083694
                    ],
                    "t": 50.14498283964221
                }
            ]
        },
        {
            "name": "a1_",
            "type": 0,
            "start_conf": [
                0.9861581492806835,
                -0.6867888751678457,
                -1.0644704402474285,
                0.24481811747285853,
                1.6919001518306886,
                1.2013276340836947
            ],
            "goal_conf": [
                0.0,
                0.5,
                -1.2,
                0.0,
                1.57,
                1.57
            ],
            "start_time": 51,
            "success": 1,
            "planning_time": 147,
            "path": [
                {
                    "q": [
                        0.9861581492806835,
                        -0.6867888751678457,
                        -1.0644704402474285,
                        0.24481811747285853,
                        1.6919001518306886,
                        1.2013276340836947
                    ],
                    "t": 51.0
                },
                {
                    "q": [
                        0.5561511334847755,
                        -0.829837470152586,
                        -1.3772921519837436,
                        0.4953565139056848,
                        1.0033001842212617,
                        0.8015348889935474
                    ],
                    "t": 61.0
                },
                {
                    "q": [
                        0.0,
                        0.5,
                        -1.2,
                        0.0,
                        1.57,
                        1.57
                    ],
                    "t": 79.0828340045048
                }
            ]
        }
    ],
    "a2_": [
        {
            "name": "a2_",
            "type": 0,
            "start_conf": [
                0.0,
                0.5,
                -1.2,
                0.0,
                1.57,
                1.57
            ],
            "goal_conf": [
                -1.3969687111169244,
                -0.602104343628328,
                -1.1879353647149005,
                0.1174140341868514,
                1.7744658050409852,
                1.7638590659105835
            ],
            "start_time": 0,
            "success": 1,
            "planning_time": 175,
            "path": [
                {
                    "q": [
                        0.0,
                        0.5,
                        -1.2,
                        0.0,
                        1.57,
                        1.57
                    ],
                    "t": 0.0
                },
                {
                    "q": [
                        0.33322902109783126,
                        0.3320914639989045,
                        -0.703599024287077,
                        0.3121741810152055,
                        1.8583022823264486,
                        0.9113800116453687
                    ],
                    "t": 10.0
                },
                {
                    "q": [
                        -1.3969687111169244,
                        -0.602104343628328,
                        -1.1879353647149005,
                        0.1174140341868514,
                        1.7744658050409852,
                        1.7638590659105835
                    ],
                    "t": 32.083904768039346
                }
            ]
        },
        {
            "name": "a2_",
            "type": 0,
            "start_conf": [
                -1.3969687111169247,
                -0.6021043436283282,
                -1.1879353647149002,
                0.11741403418685259,
                1.774465805040984,
                1.7638590659105817
            ],
            "goal_conf": [
                1.9416074951674602,
                -0.10798243394148696,
                -1.8989735962657095,
                0.24947657397664955,
                1.7325064191479413,
                1.3761481309058086
            ],
            "start_time": 33,
            "success": 1,
            "planning_time": 262,