{
    "a0_": [
        {
            "name": "a0_",
            "type": 0,
            "start_conf": [
                0.0,
                0.5,
                -1.2,
                0.0,
                1.57,
                1.57
            ],
            "goal_conf": [
                2.748426599550541,
                -0.4256777341703834,
                -1.8004717177828207,
                0.06211469803849866,
                1.946942847729799,
                1.6164412569779836
            ],
            "start_time": 0,
            "success": 1,
            "planning_time": 76,
            "path": [
                {
                    "q": [
                        0.0,
                        0.5,
                        -1.2,
                        0.0,
                        1.57,
                        1.57
                    ],
                    "t": 0.0
                },
                {
                    "q": [
                        0.4756506553873173,
                        0.1343921625881952,
                        -1.2559512178450662,
                        -0.2318141465188903,
                        1.2309773127888368,
                        2.2543118028385694
                    ],
                    "t": 10.0
                },
                {
                    "q": [
                        2.748426599550541,
                        -0.4256777341703834,
                        -1.8004717177828207,
                        0.06211469803849866,
                        1.946942847729799,
                        1.6164412569779836
                    ],
                    "t": 36.05145966750274
                }
            ]
        },
        {
            "name": "a0_",
            "type": 0,
            "start_conf": [
                2.748426599550541,
                -0.4256777341703817,
                -1.8004717177828258,
                0.06211469803849923,
                1.946942847729799,
                1.6164412569779838
            ],
            "goal_conf": [
                -0.10137389708189029,
                -0.30274078516056163,
                -1.9065537957102447,
                0.0031347789574687128,
                1.872410245871718,
                1.5240762402333063
            ],
            "start_time": 37,
            "success": 1,
            "planning_time": 126,
            "path": [
                {
                    "q": [
                        2.748426599550541,
                        -0.4256777341703817,
                        -1.8004717177828258,
                        0.06211469803849923,
                        1.946942847729799,
                        1.6164412569779838
                    ],
                    "t": 37.0
                },
                {
                    "q": [
                        0.34641622913041903,
                        -0.3263840522418074,
                        -1.3506235428659932,
                        0.2821281781125067,
                        2.0828011084555893,
                        0.9176399938477959
                    ],
                    "t": 62.56768084736433
                },
                {
                    "q": [
                        -0.10137389708189029,
                        -0.30274078516056163,
                        -1.9065537957102447,
                        0.0031347789574687128,
                        1.872410245871718,
                        1.5240762402333063
                    ],
                    "t": 72.5932741214858
                }
            ]
        },
        {
            "name": "a0_",
            "type": 0,
            "start_conf": [
                -0.10137389708189026,
                -0.30274078516056235,
                -1.9065537957102314,
                0.003134778957468498,
                1.8724102458717178,
                1.5240762402333061
            ],
            "goal_conf": [
                0.0,
                0.5,
                -1.2,
                0.0,
                1.57,
                1.57
            ],
            "start_time": 73,
            "success": 1,
            "planning_time": 99,
            "path": [
                {
                    "q": [
                        -0.10137389708189026,
                        -0.30274078516056235,
                        -1.9065537957102314,
                        0.003134778957468498,
                        1.8724102458717178,
                        1.5240762402333061
                    ],
                    "t": 73.0
                },
                {
                    "q": [
                        0.13048360269191056,
                        -0.5448758915708733,
                        -1.6553836837901883,
                        -0.6023727817821526,
                        1.2160539323815982,
                        1.3595063506751124
                    ],
                    "t": 83.0
                },
                {
                    "q": [
                        0.0,
                        0.5,
                        -1.2,
                        0.0,
                        1.57,
                        1.57
                    ],
                    "t": 96.60634871658986
                }
            ]
        },
        {
            "name": "a0_",
            "type": 0,
            "start_conf": [
                -0.10137389708189026,
                -0.30274078516056235,
                -1.9065537957102314,
                0.003134778957468498,
                1.8724102458717178,
                1.5240762402333061
            ],
            "goal_conf": [
                0.10130608182233414,
                -0.42866886915738395,
                -1.7014776323310086,
                0.02977173673441191,
                1.5121968023675791,
                1.320794732815463
            ],
            "start_time": 73,
            "success": 1,
            "planning_time": 79,
            "path": [
                {
                    "q": [
                        -0.10137389708189026,
                        -0.30274078516056235,
                        -1.9065537957102314,
                        0.003134778957468498,
                        1.8724102458717178,
                        1.5240762402333061
                    ],
                    "t": 73.0
                },
                {
                    "q": [
                        0.20227056519755265,
                        -0.0008607362397948237,
                        -2.2864370751215377,
                        -0.77193506496605,
                        1.8216702126008213,
                        1.26130379746509
                    ],
                    "t": 83.0
                },
                {
                    "q": [
                        0.10130608182233414,
                        -0.42866886915738395,
                        -1.7014776323310086,
                        0.02977173673441191,
                        1.5121968023675791,
                        1.320794732815463
                    ],
                    "t": 94.31238999887299
                }
            ]
        },
        {
            "name": "a0_",
            "type": 0,
            "start_conf": [
                0.1013060818223348,
                -0.42866886915738434,
                -1.7014776323310012,
                0.029771736734412357,
                1.5121968023675796,
                1.3207947328154628
            ],
            "goal_conf": [
                0.7936094242316086,
                -0.5142439400351397,
                -1.6361936968924817,
                0.1083006288132918,
                1.7962842694407588,
                1.8191235529613339
            ],
            "start_time": 95,
            "success": 1,
            "planning_time": 99,