{
    "a1_": [
        {
            "name": "a1_",
            "type": 0,
            "start_conf": [
                0.0,
                0.5,
                -1.2,
                0.0,
                1.57,
                1.57
            ],
            "goal_conf": [
                -0.006416396560544233,
                0.7503030046716387,
                0.6972449339109237,
                -2.6049254257876515,
                1.5322154673673494,
                1.5510965457956003
            ],
            "start_time": 0,
            "success": 1,
            "planning_time": 79,
            "path": [
                {
                    "q": [
                        0.0,
                        0.5,
                        -1.2,
                        0.0,
                        1.57,
                        1.57
                    ],
                    "t": 0.0
                },
                {
                    "q": [
                        0.4321921369503072,
                        0.1245353462813088,
                        -1.2574596671177884,
                        -0.23806387430303697,
                        1.2218372342408392,
                        2.2707445451173363
                    ],
                    "t": 9.999999999999998
                },
                {
                    "q": [
                        -0.006416396560544233,
                        0.7503030046716387,
                        0.6972449339109237,
                        -2.6049254257876515,
                        1.5322154673673494,
                        1.5510965457956003
                    ],
                    "t": 42.600030230410816
                }
            ]
        },
        {
            "name": "a1_",
            "type": 0,
            "start_conf": [
                -0.0064163965605441575,
                0.7503030046716379,
                0.6972449339109226,
                -2.6049254257876377,
                1.532215467367349,
                1.5510965457955999
            ],
            "goal_conf": [
                -0.38661305744694463,
                0.5681769055697014,
                -2.0743864058012274,
                0.3383882702533193,
                1.5502290268940668,
                1.588796081828836
            ],
            "start_time": 43,
            "success": 1,
            "planning_time": 176,
            "path": [
                {
                    "q": [
                        -0.0064163965605441575,
                        0.7503030046716379,
                        0.6972449339109226,
                        -2.6049254257876377,
                        1.532215467367349,
                        1.5510965457955999
                    ],
                    "t": 43.0
                },
                {
                    "q": [
                        -0.5402971067483032,
                        0.6167874845671235,
                        0.38332765020273607,
                        -2.549638241191886,
                        1.2694273481000862,
                        0.8255025382670378
                    ],
                    "t": 53.0
                },
                {
                    "q": [
                        0.06808133673050687,
                        0.43594202142030003,
                        -0.751296729827991,
                        -1.2226111133322617,
                        0.8311085189554319,
                        1.788565779256105
                    ],
                    "t": 74.38947935794535
                },
                {
                    "q": [
                        -0.38661305744694463,
                        0.5681769055697014,
                        -2.0743864058012274,
                        0.3383882702533193,
                        1.5502290268940668,
                        1.588796081828836
                    ],
                    "t": 96.70114864254568
                }
            ]
        },
        {
            "name": "a1_",
            "type": 0,
            "start_conf": [
                -0.38661305744694374,
                0.5681769055697021,
                -2.074386405801228,
                0.3383882702533185,
                1.5502290268940673,
                1.5887960818288356
            ],
            "goal_conf": [
                0.0,
                0.5,
                -1.2,
                0.0,
                1.57,
                1.57
            ],
            "start_time": 97,
            "success": 1,
            "planning_time": 62,
            "path": [
                {
                    "q": [
                        -0.38661305744694374,
                        0.5681769055697021,
                        -2.074386405801228,
                        0.3383882702533185,
                        1.5502290268940673,
                        1.5887960818288356
                    ],
                    "t": 97.0
                },
                {
                    "q": [
                        -0.027848524769557348,
                        0.375617717503813,
                        -1.4108632859798782,
                        0.6086447123742924,
                        1.863157657477981,
                        1.1165851477117672
                    ],
                    "t": 107.0
                },
                {
                    "q": [
                        0.0,
                        0.5,
                        -1.2,
                        0.0,
                        1.57,
                        1.57
                    ],
                    "t": 115.51109608309359
                }
            ]
        },
        {
            "name": "a1_",
            "type": 0,
            "start_conf": [
                -0.38661305744694374,
                0.5681769055697021,
                -2.074386405801228,
                0.3383882702533185,
                1.5502290268940673,
                1.5887960818288356
            ],
            "goal_conf": [
                1.7638157153626761,
                -0.01004634645751566,
                -1.5674713854313735,
                0.10957017479660655,
                1.6247391530006488,
                1.3803619930563684
            ],
            "start_time": 97,
            "success": 1,
            "planning_time": 113,
            "path": [
                {
                    "q": [
                        -0.38661305744694374,
                        0.5681769055697021,
                        -2.074386405801228,
                        0.3383882702533185,
                        1.5502290268940673,
                        1.5887960818288356
                    ],
                    "t": 97.0
                },
                {
                    "q": [
                        -0.6979428108435365,
                        0.21001442367399709,
                        -1.580789411985104,
                        0.013606115865085422,
                        1.724357576430242,
                        0.9600264663611534
                    ],
                    "t": 107.0
                },
                {
                    "q": [
                        1.7638157153626761,
                        -0.01004634645751566,
                        -1.5674713854313735,
                        0.10957017479660655,
                        1.6247391530006488,
                        1.3803619930563684
                    ],
                    "t": 132.11911998951047
                }
            ]
        },
        {
            "name": "a1_",
            "type": 0,
            "start_conf": [
                1.7638157153626768,
                -0.010046346457516009,
                -1.5674713854313662,
                0.10957017479660713,
                1.6247391530006485,
                1.3803619930563684
            ],