{
    "a2_": [
        {
            "name": "a2_",
            "type": 0,
            "start_conf": [
                0.0,
                0.5,
                -1.2,
                0.0,
                1.57,
                1.57
            ],
            "goal_conf": [
                -0.46729787618632496,
                -0.6608670783703706,
                -1.4109048665597999,
                0.2962119766570007,
                1.3973214166336294,
                1.9379025241584578
            ],
            "start_time": 9,
            "success": 1,
            "planning_time": 145,
            "path": [
                {
                    "q": [
                        0.0,
                        0.5,
                        -1.2,
                        0.0,
                        1.57,
                        1.57
                    ],
                    "t": 9.0
                },
                {
                    "q": [
                        0.3606080054597375,
                        0.3544033557805421,
                        -0.7695613935279939,
                        0.27069209374486464,
                        1.8199923221727559,
                        0.843559555856425
                    ],
                    "t": 19.0
                },
                {
                    "q": [
                        -0.46729787618632496,
                        -0.6608670783703706,
                        -1.4109048665597999,
                        0.2962119766570007,
                        1.3973214166336294,
                        1.9379025241584578
                    ],
                    "t": 92.98126118601306
                }
            ]
        },
        {
            "name": "a2_",
            "type": 0,
            "start_conf": [
                -0.46729787618632496,
                -0.6608670783703706,
                -1.4109048665597999,
                0.2962119766570007,
                1.3973214166336294,
                1.9379025241584578
            ],
            "goal_conf": [
                -0.5395940027152476,
                -0.9622437372171172,
                -0.9554682186099963,
                0.33018190677647397,
                1.3165229675745382,
                1.2022123460680996
            ],
            "start_time": 93,
            "success": 1,
            "planning_time": 95,
            "path": [
                {
                    "q": [
                        -0.46729787618632496,
                        -0.6608670783703706,
                        -1.4109048665597999,
                        0.2962119766570007,
                        1.3973214166336294,
                        1.9379025241584578
                    ],
                    "t": 93.0
                },
                {
                    "q": [
                        -0.8926235109522831,
                        -0.8684127011177175,
                        -0.9417692782710149,
                        -0.08256650872247079,
                        1.6345145827801932,
                        1.3410767709965417
                    ],
                    "t": 104.0
                },
                {
                    "q": [
                        -0.5395940027152476,
                        -0.9622437372171172,
                        -0.9554682186099963,
                        0.33018190677647397,
                        1.3165229675745382,
                        1.2022123460680996
                    ],
                    "t": 110.52449393689692
                }
            ]
        },
        {
            "name": "a2_",
            "type": 0,
            "start_conf": [
                -0.5395940027152488,
                -0.9622437372171161,
                -0.9554682186099952,
                0.3301819067764745,
                1.3165229675745393,
                1.2022123460680993
            ],
            "goal_conf": [
                0.0,
                0.5,
                -1.2,
                0.0,
                1.57,
                1.57
            ],
            "start_time": 111,
            "success": 1,
            "planning_time": 114,
            "path": [
                {
                    "q": [
                        -0.5395940027152488,
                        -0.9622437372171161,
                        -0.9554682186099952,
                        0.3301819067764745,
                        1.3165229675745393,
                        1.2022123460680993
                    ],
                    "t": 111.0
                },
                {
                    "q": [
                        -0.23234237605325114,
                        -1.0827116086089084,
                        -0.8786947290090281,
                        -0.3542639486203344,
                        0.6971099765522248,
                        1.0204125145134526
                    ],
                    "t": 121.0
                },
                {
                    "q": [
                        0.0,
                        0.5,
                        -1.2,
                        0.0,
                        1.57,
                        1.57
                    ],
                    "t": 140.63571365454771
                }
            ]
        }
    ],
    "a1_": [
        {
            "name": "a1_",
            "type": 0,
            "start_conf": [
                0.0,
                0.5,
                -1.2,
                0.0,
                1.57,
                1.57
            ],
            "goal_conf": [
                -2.2549644839269227,
                -0.20803739865782794,
                -2.1601304452161054,
                0.16772089297654572,
                1.3845447044491443,
                1.6907011080826246
            ],
            "start_time": 0,
            "success": 1,
            "planning_time": 78,
            "path": [
                {
                    "q": [
                        0.0,
                        0.5,
                        -1.2,
                        0.0,
                        1.57,
                        1.57
                    ],
                    "t": 0.0
                },
                {
                    "q": [
                        0.29370073092302357,
                        0.10375938812472896,
                        -1.2606391398801557,
                        -0.25123689882645556,
                        1.2025719985350278,
                        2.314938143256277
                    ],
                    "t": 9.999999999999998
                },
                {
                    "q": [
                        -2.2549644839269227,
                        -0.20803739865782794,
                        -2.1601304452161054,
                        0.16772089297654572,
                        1.3845447044491443,
                        1.6907011080826246
                    ],
                    "t": 38.294825362247266
                }
            ]
        },
        {
            "name": "a1_",
            "type": 0,
            "start_conf": [
                -2.254964483926912,
                -0.20803739865782767,
                -2.1601304452161108,
                0.16772089297654524,
                1.3845447044491441,
                1.6907011080826242
            ],
            "goal_conf": [
                1.127056816077098,
                -0.5241220709945122,
                -1.6356370914879268,
                0.029022596496719028,
                1.2519112702908877,
                1.4498162215345842
            ],
            "start_time": 39,
            "success": 1,
            "planning_time": 144,