{
    "a0_": [
        {
            "name": "a0_",
            "type": 0,
            "start_conf": [
                0.0,
                0.5,
                -1.2,
                0.0,
                1.57,
                1.57
            ],
            "goal_conf": [
                2.9510481411813254,
                -0.21277912933210663,
                -1.6930409445690027,
                -0.06365867504375713,
                1.7462317886215146,
                1.2260648357867916
            ],
            "start_time": 0,
            "success": 1,
            "planning_time": 108,
            "path": [
                {
                    "q": [
                        0.0,
                        0.5,
                        -1.2,
                        0.0,
                        1.57,
                        1.57
                    ],
                    "t": 0.0
                },
                {
                    "q": [
                        0.47464359063889405,
                        0.13338927843153486,
                        -1.2561046953807775,
                        -0.23245002658229186,
                        1.2300473532886265,
                        2.253784678819671
                    ],
                    "t": 9.999999999999996
                },
                {
                    "q": [
                        2.9510481411813254,
                        -0.21277912933210663,
                        -1.6930409445690027,
                        -0.06365867504375713,
                        1.7462317886215146,
                        1.2260648357867916
                    ],
                    "t": 37.92858862306481
                }
            ]
        },
        {
            "name": "a0_",
            "type": 0,
            "start_conf": [
                2.9510481411813245,
                -0.21277912933210708,
                -1.6930409445690067,
                -0.063658675043758,
                1.7462317886215144,
                1.2260648357867916
            ],
            "goal_conf": [
                -0.2623065983372618,
                0.012313244925584025,
                -1.942276211543972,
                0.15189014939237683,
                1.9357117248698936,
                1.9139430235934018
            ],
            "start_time": 38,
            "success": 1,
            "planning_time": 192,
            "path": [
                {
                    "q": [
                        2.9510481411813245,
                        -0.21277912933210708,
                        -1.6930409445690067,
                        -0.063658675043758,
                        1.7462317886215144,
                        1.2260648357867916
                    ],
                    "t": 38.0
                },
                {
                    "q": [
                        2.8891439914361836,
                        -0.2553111261499186,
                        -1.1060600211694958,
                        0.2617719382694169,
                        2.0050883375534014,
                        0.5354850040151399
                    ],
                    "t": 48.0
                },
                {
                    "q": [
                        -0.2623065983372618,
                        0.012313244925584025,
                        -1.942276211543972,
                        0.15189014939237683,
                        1.9357117248698936,
                        1.9139430235934018
                    ],
                    "t": 83.53402269787402
                }
            ]
        },
        {
            "name": "a0_",
            "type": 0,
            "start_conf": [
                6.0208787088423055,
                0.012313244925584499,
                -1.9422762115439525,
                0.15189014939237744,
                1.9357117248698932,
                1.9139430235934023
            ],
            "goal_conf": [
                0.26223318122370803,
                -0.1433278469451061,
                -1.7739871278186545,
                -0.3237444796412315,
                1.11757431728916,
                0.8953005258600982
            ],
            "start_time": 84,
            "success": 1,
            "planning_time": 307,
            "path": [
                {
                    "q": [
                        6.0208787088423055,
                        0.012313244925584499,
                        -1.9422762115439525,
                        0.15189014939237744,
                        1.9357117248698932,
                        1.9139430235934023
                    ],
                    "t": 84.0
                },
                {
                    "q": [
                        5.446882460851739,
                        -0.1943608119657253,
                        -1.7631997368119738,
                        -0.28217210848177937,
                        1.4418068800237183,
                        1.509723135135311
                    ],
                    "t": 94.0
                },
                {
                    "q": [
                        0.26223318122370803,
                        -0.1433278469451061,
                        -1.7739871278186545,
                        -0.3237444796412315,
                        1.11757431728916,
                        0.8953005258600982
                    ],
                    "t": 146.3241372068206
                }
            ]
        },
        {
            "name": "a0_",
            "type": 0,
            "start_conf": [
                6.0208787088423055,
                0.012313244925584499,
                -1.9422762115439525,
                0.15189014939237744,
                1.9357117248698932,
                1.9139430235934023
            ],
            "goal_conf": [
                0.0,
                0.5,
                -1.2,
                0.0,
                1.57,
                1.57
            ],
            "start_time": 84,
            "success": 1,
            "planning_time": 362,
            "path": [
                {
                    "q": [
                        6.0208787088423055,
                        0.012313244925584499,
                        -1.9422762115439525,
                        0.15189014939237744,
                        1.9357117248698932,
                        1.9139430235934023
                    ],
                    "t": 84.0
                },
                {
                    "q": [
                        5.239235508997018,
                        -0.14160758160046313,
                        -1.6771493904988786,
                        -0.014235893647763675,
                        2.000908971103203,
                        1.4009113355203273
                    ],
                    "t": 94.0
                },
                {
                    "q": [
                        0.0,
                        0.5,
                        -1.2,
                        0.0,
                        1.57,
                        1.57
                    ],
                    "t": 147.210946775124
                }
            ]
        },
        {
            "name": "a0_",
            "type": 0,
            "start_conf": [
                0.2622331812237082,
                -0.14332784694510536,
                -1.7739871278186552,
                -0.3237444796412312,
                1.1175743172891597,
                0.8953005258600975
            ],
            "goal_conf": [
                2.1130023288990163,
                -0.18589188008765886,
                -1.8012442880573798,
                -0.060818510021516184,
                2.194027166160158,
                2.2446017377124785
            ],
            "start_time": 147,
            "success": 1,
            "planning_time": 188,