{
    "a3_": [
        {
            "name": "a3_",
            "type": 0,
            "start_conf": [
                0.0,
                0.5,
                -1.2,
                0.0,
                1.57,
                1.57
            ],
            "goal_conf": [
                2.8469614043193583,
                -0.6240783901787246,
                -1.292788882244405,
                0.11668886258602319,
                2.0498505237511524,
                2.6624010970058567
            ],
            "start_time": 0,
            "success": 1,
            "planning_time": 117,
            "path": [
                {
                    "q": [
                        0.0,
                        0.5,
                        -1.2,
                        0.0,
                        1.57,
                        1.57
                    ],
                    "t": 0.0
                },
                {
                    "q": [
                        0.4658867613848474,
                        0.1327299639102601,
                        -1.2562055943403552,
                        -0.2328680658511401,
                        1.2294359807800328,
                        2.258978802316383
                    ],
                    "t": 9.999999999999998
                },
                {
                    "q": [
                        2.8469614043193583,
                        -0.6240783901787246,
                        -1.292788882244405,
                        0.11668886258602319,
                        2.0498505237511524,
                        2.6624010970058567
                    ],
                    "t": 36.845869029962984
                }
            ]
        },
        {
            "name": "a3_",
            "type": 0,
            "start_conf": [
                2.8469614043193587,
                -0.6240783901787239,
                -1.292788882244406,
                0.11668886258602384,
                2.049850523751152,
                2.6624010970058567
            ],
            "goal_conf": [
                1.668227018245472,
                -0.6604161204479057,
                -1.163794088444162,
                0.007292976113546337,
                1.1192933747404403,
                0.4775172138549458
            ],
            "start_time": 37,
            "success": 1,
            "planning_time": 173,
            "path": [
                {
                    "q": [
                        2.8469614043193587,
                        -0.6240783901787239,
                        -1.292788882244406,
                        0.11668886258602384,
                        2.049850523751152,
                        2.6624010970058567
                    ],
                    "t": 37.0
                },
                {
                    "q": [
                        2.2617665513365424,
                        -0.7590302618945453,
                        -0.3495040287558695,
                        0.26644178089949777,
                        1.9010182410143432,
                        1.3679067026679579
                    ],
                    "t": 54.23584654247759
                },
                {
                    "q": [
                        1.668227018245472,
                        -0.6604161204479057,
                        -1.163794088444162,
                        0.007292976113546337,
                        1.1192933747404403,
                        0.4775172138549458
                    ],
                    "t": 70.05223739993428
                }
            ]
        },
        {
            "name": "a3_",
            "type": 0,
            "start_conf": [
                1.668227018245472,
                -0.6604161204479057,
                -1.163794088444162,
                0.007292976113546337,
                1.1192933747404403,
                0.4775172138549458
            ],
            "goal_conf": [
                0.0,
                0.5,
                -1.2,
                0.0,
                1.57,
                1.57
            ],
            "start_time": 71,
            "success": 1,
            "planning_time": 204,
            "path": [
                {
                    "q": [
                        1.668227018245472,
                        -0.6604161204479057,
                        -1.163794088444162,
                        0.007292976113546337,
                        1.1192933747404403,
                        0.4775172138549458
                    ],
                    "t": 71.0
                },
                {
                    "q": [
                        1.477369008011785,
                        -0.25750046030888685,
                        -1.76068020403301,
                        -0.6205496835004936,
                        1.3036256274279934,
                        0.3479241154679801
                    ],
                    "t": 81.0
                },
                {
                    "q": [
                        0.0,
                        0.5,
                        -1.2,
                        0.0,
                        1.57,
                        1.57
                    ],
                    "t": 103.41602506848662
                }
            ]
        }
    ],
    "a2_": [
        {
            "name": "a2_",
            "type": 0,
            "start_conf": [
                0.0,
                0.5,
                -1.2,
                0.0,
                1.57,
                1.57
            ],
            "goal_conf": [
                1.201382278122085,
                -0.6079678301506285,
                -1.216574995473366,
                -0.054742969640428005,
                1.4974524447988364,
                1.709954232810374
            ],
            "start_time": 0,
            "success": 1,
            "planning_time": 215,
            "path": [
                {
                    "q": [
                        0.0,
                        0.5,
                        -1.2,
                        0.0,
                        1.57,
                        1.57
                    ],
                    "t": 0.0
                },
                {
                    "q": [
                        0.2824858253814601,
                        0.40936077849057906,
                        -0.8023552787764386,
                        -0.4251756797136015,
                        0.8299728974408686,
                        1.4104678887378117
                    ],
                    "t": 10.0
                },
                {
                    "q": [
                        1.201382278122085,
                        -0.6079678301506285,
                        -1.216574995473366,
                        -0.054742969640428005,
                        1.4974524447988364,
                        1.709954232810374
                    ],
                    "t": 26.51257820904783
                }
            ]
        },
        {
            "name": "a2_",
            "type": 0,
            "start_conf": [
                1.2013822781220842,
                -0.6079678301506277,
                -1.2165749954733662,
                -0.054742969640427575,
                1.4974524447988367,
                1.7099542328103732
            ],
            "goal_conf": [
                -1.6337306437607646,
                -0.06342079846865523,
                -2.015797667454351,
                0.21089922267482644,
                1.4248942323307339,
                1.4300356256461326
            ],
            "start_time": 27,
            "success": 1,
            "planning_time": 332,