{
    "a0_": [
        {
            "name": "a0_",
            "type": 0,
            "start_conf": [
                0.0,
                0.5,
                -1.2,
                0.0,
                1.57,
                1.57
            ],
            "goal_conf": [
                0.12326449621810297,
                -0.0675641926346666,
                -1.7482146443998707,
                0.04549919807358163,
                1.7129748375750908,
                2.1981624959020976
            ],
            "start_time": 0,
            "success": 1,
            "planning_time": 73,
            "path": [
                {
                    "q": [
                        0.0,
                        0.5,
                        -1.2,
                        0.0,
                        1.57,
                        1.57
                    ],
                    "t": 0.0
                },
                {
                    "q": [
                        0.33701810911051094,
                        0.1084909483045392,
                        -1.2628039055025764,
                        -0.24823684665976734,
                        1.2446003634554104,
                        2.319458918502398
                    ],
                    "t": 9.999999999999998
                },
                {
                    "q": [
                        0.12326449621810297,
                        -0.0675641926346666,
                        -1.7482146443998707,
                        0.04549919807358163,
                        1.7129748375750908,
                        2.1981624959020976
                    ],
                    "t": 17.964115485992885
                }
            ]
        },
        {
            "name": "a0_",
            "type": 0,
            "start_conf": [
                0.12326449621810376,
                -0.0675641926346664,
                -1.7482146443998718,
                0.04549919807358194,
                1.7129748375750908,
                2.198162495902098
            ],
            "goal_conf": [
                0.9762130650574599,
                -0.3351168011007207,
                -1.3787022208799369,
                -0.027083204035429177,
                1.4196585307793483,
                0.9418921787237061
            ],
            "start_time": 18,
            "success": 1,
            "planning_time": 122,
            "path": [
                {
                    "q": [
                        0.12326449621810376,
                        -0.0675641926346664,
                        -1.7482146443998718,
                        0.04549919807358194,
                        1.7129748375750908,
                        2.198162495902098
                    ],
                    "t": 18.0
                },
                {
                    "q": [
                        0.5808360514232865,
                        -0.1120318215337818,
                        -1.5231641577429804,
                        -0.24140648479401866,
                        1.0681971236195555,
                        2.688009419978637
                    ],
                    "t": 27.999999999999996
                },
                {
                    "q": [
                        0.9762130650574599,
                        -0.3351168011007207,
                        -1.3787022208799369,
                        -0.027083204035429177,
                        1.4196585307793483,
                        0.9418921787237061
                    ],
                    "t": 46.57164827775587
                }
            ]
        },
        {
            "name": "a0_",
            "type": 0,
            "start_conf": [
                0.9762130650574594,
                -0.33511680110072106,
                -1.3787022208799307,
                -0.02708320403542963,
                1.4196585307793474,
                0.9418921787237053
            ],
            "goal_conf": [
                0.0,
                0.5,
                -1.2,
                0.0,
                1.57,
                1.57
            ],
            "start_time": 47,
            "success": 1,
            "planning_time": 128,
            "path": [
                {
                    "q": [
                        0.9762130650574594,
                        -0.33511680110072106,
                        -1.3787022208799307,
                        -0.02708320403542963,
                        1.4196585307793474,
                        0.9418921787237053
                    ],
                    "t": 47.0
                },
                {
                    "q": [
                        0.537951275700332,
                        -0.5529840018861273,
                        -1.6483906284502647,
                        0.28883538958994726,
                        0.7459495837672316,
                        0.5757769693275541
                    ],
                    "t": 57.0
                },
                {
                    "q": [
                        0.0,
                        0.5,
                        -1.2,
                        0.0,
                        1.57,
                        1.57
                    ],
                    "t": 75.31352181630074
                }
            ]
        },
        {
            "name": "a0_",
            "type": 0,
            "start_conf": [
                0.9762130650574594,
                -0.33511680110072106,
                -1.3787022208799307,
                -0.02708320403542963,
                1.4196585307793474,
                0.9418921787237053
            ],
            "goal_conf": [
                -2.0043503017708173,
                -0.5678807207631504,
                -1.1708724699661404,
                0.06539940981924358,
                1.5104876275860557,
                0.8049752424268376
            ],
            "start_time": 47,
            "success": 1,
            "planning_time": 240,
            "path": [
                {
                    "q": [
                        0.9762130650574594,
                        -0.33511680110072106,
                        -1.3787022208799307,
                        -0.02708320403542963,
                        1.4196585307793474,
                        0.9418921787237053
                    ],
                    "t": 47.0
                },
                {
                    "q": [
                        1.1609602004920747,
                        -0.5201122528902207,
                        -0.7994141152568226,
                        -0.21122236760134028,
                        0.9762064557654113,
                        1.54646929957478
                    ],
                    "t": 57.0
                },
                {
                    "q": [
                        -2.0043503017708173,
                        -0.5678807207631504,
                        -1.1708724699661404,
                        0.06539940981924358,
                        1.5104876275860557,
                        0.8049752424268376
                    ],
                    "t": 90.28348762602292
                }
            ]
        },
        {
            "name": "a0_",
            "type": 0,
            "start_conf": [
                4.278835005408764,
                -0.5678807207631511,
                -1.1708724699661406,
                0.06539940981924275,
                1.5104876275860553,
                0.8049752424268384
            ],
            "goal_conf": [
                2.2071573773858364,
                -0.6942303550221263,
                -0.9740507090254,
                0.0378933310023334,
                1.6737694000573575,
                2.3796830501300588
            ],
            "start_time": 91,
            "success": 1,
            "planning_time": 277,