{
    "a0_": [
        {
            "name": "a0_",
            "type": 0,
            "start_conf": [
                0.0,
                0.5,
                -1.2,
                0.0,
                1.57,
                1.57
            ],
            "goal_conf": [
                -0.5493029454389553,
                -0.3248891573300824,
                -1.3569696910395825,
                -0.029050573488904746,
                1.7112329328233997,
                2.204059947742709
            ],
            "start_time": 4,
            "success": 1,
            "planning_time": 260,
            "path": [
                {
                    "q": [
                        0.0,
                        0.5,
                        -1.2,
                        0.0,
                        1.57,
                        1.57
                    ],
                    "t": 4.0
                },
                {
                    "q": [
                        -0.46201091120933835,
                        0.17672589972273184,
                        -0.8628257206821712,
                        -0.25475162098999576,
                        1.7290235203562467,
                        0.8785042220256016
                    ],
                    "t": 14.0
                },
                {
                    "q": [
                        -0.5493029454389553,
                        -0.3248891573300824,
                        -1.3569696910395825,
                        -0.029050573488904746,
                        1.7112329328233997,
                        2.204059947742709
                    ],
                    "t": 29.21452012369631
                }
            ]
        }
    ],
    "a2_": [
        {
            "name": "a2_",
            "type": 0,
            "start_conf": [
                0.0,
                0.5,
                -1.2,
                0.0,
                1.57,
                1.57
            ],
            "goal_conf": [
                -1.5825817588107398,
                -0.12565564833081583,
                -1.6621095608864462,
                0.18413536704683256,
                1.4967041097285188,
                2.3657093422204123
            ],
            "start_time": 0,
            "success": 1,
            "planning_time": 100,
            "path": [
                {
                    "q": [
                        0.0,
                        0.5,
                        -1.2,
                        0.0,
                        1.57,
                        1.57
                    ],
                    "t": 0.0
                },
                {
                    "q": [
                        0.2581443413092519,
                        0.10194468303643711,
                        -1.260916855370169,
                        -0.252387515055593,
                        1.2008892496096115,
                        2.325817700645577
                    ],
                    "t": 9.999999999999998
                },
                {
                    "q": [
                        -1.5825817588107398,
                        -0.12565564833081583,
                        -1.6621095608864462,
                        0.18413536704683256,
                        1.4967041097285188,
                        2.3657093422204123
                    ],
                    "t": 29.70945181579379
                }
            ]
        },
        {
            "name": "a2_",
            "type": 0,
            "start_conf": [
                -1.5825817588107398,
                -0.12565564833081666,
                -1.6621095608864394,
                0.1841353670468333,
                1.4967041097285188,
                2.3657093422204127
            ],
            "goal_conf": [
                1.6238925554043169,
                -0.282632189766281,
                -1.437543536266889,
                0.19969371563204577,
                1.5380370353147181,
                0.7742846298246621
            ],
            "start_time": 30,
            "success": 1,
            "planning_time": 288,
            "path": [
                {
                    "q": [
                        -1.5825817588107398,
                        -0.12565564833081666,
                        -1.6621095608864394,
                        0.1841353670468333,
                        1.4967041097285188,
                        2.3657093422204127
                    ],
                    "t": 30.0
                },
                {
                    "q": [
                        -0.9117504226440863,
                        -0.15635782418125768,
                        -1.4736087697831828,
                        -0.09574554104624178,
                        0.9517962136050859,
                        2.737532161041
                    ],
                    "t": 40.0
                },
                {
                    "q": [
                        1.6238925554043169,
                        -0.282632189766281,
                        -1.437543536266889,
                        0.19969371563204577,
                        1.5380370353147181,
                        0.7742846298246621
                    ],
                    "t": 72.7697944306241
                }
            ]
        },
        {
            "name": "a2_",
            "type": 0,
            "start_conf": [
                -4.659292751775242,
                -0.28263218976628046,
                -1.4375435362668927,
                0.19969371563204596,
                1.5380370353147172,
                0.7742846298246615
            ],
            "goal_conf": [
                0.0,
                0.5,
                -1.2,
                0.0,
                1.57,
                1.57
            ],
            "start_time": 73,
            "success": 1,
            "planning_time": 554,
            "path": [
                {
                    "q": [
                        -4.659292751775242,
                        -0.28263218976628046,
                        -1.4375435362668927,
                        0.19969371563204596,
                        1.5380370353147172,
                        0.7742846298246615
                    ],
                    "t": 73.0
                },
                {
                    "q": [
                        -3.8907099273397523,
                        -0.3017321737574889,
                        -1.0943045221473489,
                        0.3763108459107204,
                        1.7254706151874386,
                        0.30017741177291474
                    ],
                    "t": 83.0
                },
                {
                    "q": [
                        0.0,
                        0.5,
                        -1.2,
                        0.0,
                        1.57,
                        1.57
                    ],
                    "t": 124.9263554156928
                }
            ]
        }
    ]
}