{
    "a0_": [
        {
            "name": "a0_",
            "type": 0,
            "start_conf": [
                0.0,
                0.5,
                -1.2,
                0.0,
                1.57,
                1.57
            ],
            "goal_conf": [
                -0.10785843399034188,
                0.6072127615238434,
                -1.9529516092653518,
                -0.17621684836613286,
                1.550346359745973,
                1.8048907506521388
            ],
            "start_time": 83,
            "success": 1,
            "planning_time": 153,
            "path": [
                {
                    "q": [
                        0.0,
                        0.5,
                        -1.2,
                        0.0,
                        1.57,
                        1.57
                    ],
                    "t": 83.0
                },
                {
                    "q": [
                        -0.5846136437862137,
                        0.140501627487502,
                        -0.9233041904320058,
                        -0.19783226953516286,
                        0.947080431756955,
                        1.7289365950869995
                    ],
                    "t": 93.0
                },
                {
                    "q": [
                        -0.10785843399034188,
                        0.6072127615238434,
                        -1.9529516092653518,
                        -0.17621684836613286,
                        1.550346359745973,
                        1.8048907506521388
                    ],
                    "t": 106.70473403009724
                }
            ]
        }
    ],
    "a1_": [
        {
            "name": "a1_",
            "type": 0,
            "start_conf": [
                0.0,
                0.5,
                -1.2,
                0.0,
                1.57,
                1.57
            ],
            "goal_conf": [
                -2.1906349338211175,
                -0.2659711204037888,
                -1.3433194498886571,
                0.23106310373717107,
                1.286447265498484,
                2.311210433382645
            ],
            "start_time": 0,
            "success": 1,
            "planning_time": 77,
            "path": [
                {
                    "q": [
                        0.0,
                        0.5,
                        -1.2,
                        0.0,
                        1.57,
                        1.57
                    ],
                    "t": 0.0
                },
                {
                    "q": [
                        0.2853317962787217,
                        0.10370867763882768,
                        -1.2606469004179597,
                        -0.2512690518790049,
                        1.202524975458822,
                        2.31812223414999
                    ],
                    "t": 10.0
                },
                {
                    "q": [
                        -2.1906349338211175,
                        -0.2659711204037888,
                        -1.3433194498886571,
                        0.23106310373717107,
                        1.286447265498484,
                        2.311210433382645
                    ],
                    "t": 35.53185199716839
                }
            ]
        },
        {
            "name": "a1_",
            "type": 0,
            "start_conf": [
                -2.1906349338211104,
                -0.2659711204037887,
                -1.3433194498886578,
                0.23106310373717065,
                1.2864472654984842,
                2.3112104333826444
            ],
            "goal_conf": [
                1.5432907537144351,
                -0.2609255595114513,
                -1.3157784095580292,
                0.2837392437006718,
                1.7480841924761799,
                0.8289980080354189
            ],
            "start_time": 36,
            "success": 1,
            "planning_time": 2686,
            "path": [
                {
                    "q": [
                        -2.1906349338211104,
                        -0.2659711204037887,
                        -1.3433194498886578,
                        0.23106310373717065,
                        1.2864472654984842,
                        2.3112104333826444
                    ],
                    "t": 36.0
                },
                {
                    "q": [
                        2.0479588258036574,
                        -0.5930886814438531,
                        0.16564852434880278,
                        0.1770995051432638,
                        -0.3597482933528715,
                        -0.09360475229694155
                    ],
                    "t": 89.70817002130626
                },
                {
                    "q": [
                        2.7623114972647156,
                        -1.1146614999711293,
                        -0.171794401047077,
                        1.2303030976942273,
                        1.301526121418989,
                        -1.7974645282304313
                    ],
                    "t": 117.45383383220552
                },
                {
                    "q": [
                        1.5432907537144351,
                        -0.2609255595114513,
                        -1.3157784095580292,
                        0.2837392437006718,
                        1.7480841924761799,
                        0.8289980080354189
                    ],
                    "t": 151.4186699132532
                }
            ]
        },
        {
            "name": "a1_",
            "type": 0,
            "start_conf": [
                -4.739894553465154,
                -0.260925559511449,
                -1.3157784095580254,
                0.28373924370067094,
                1.7480841924761792,
                0.828998008035418
            ],
            "goal_conf": [
                0.0,
                0.5,
                -1.2,
                0.0,
                1.57,
                1.57
            ],
            "start_time": 152,
            "success": 1,
            "planning_time": 183,
            "path": [
                {
                    "q": [
                        -4.739894553465154,
                        -0.260925559511449,
                        -1.3157784095580254,
                        0.28373924370067094,
                        1.7480841924761792,
                        0.828998008035418
                    ],
                    "t": 152.0
                },
                {
                    "q": [
                        -3.8778074807501914,
                        -0.35684856712637725,
                        -1.2622655381110428,
                        0.10381408726592747,
                        1.4937132667802135,
                        0.444728052795794
                    ],
                    "t": 162.0
                },
                {
                    "q": [
                        0.0,
                        0.5,
                        -1.2,
                        0.0,
                        1.57,
                        1.57
                    ],
                    "t": 203.3116943673457
                }
            ]
        }
    ]
}