{
    "a3_": [
        {
            "name": "a3_",
            "type": 0,
            "start_conf": [
                0.0,
                0.5,
                -1.2,
                0.0,
                1.57,
                1.57
            ],
            "goal_conf": [
                -1.6536945835033703,
                -0.09315584889202727,
                -1.9982960474825366,
                0.22104683397936797,
                1.857085762620048,
                2.4292896241209205
            ],
            "start_time": 0,
            "success": 1,
            "planning_time": 105,
            "path": [
                {
                    "q": [
                        0.0,
                        0.5,
                        -1.2,
                        0.0,
                        1.57,
                        1.57
                    ],
                    "t": 0.0
                },
                {
                    "q": [
                        0.27537226996109365,
                        0.10350118216790521,
                        -1.2606786547271058,
                        -0.2514006146645265,
                        1.202332568007619,
                        2.3215951647350854
                    ],
                    "t": 9.999999999999996
                },
                {
                    "q": [
                        -1.6536945835033703,
                        -0.09315584889202727,
                        -1.9982960474825366,
                        0.22104683397936797,
                        1.857085762620048,
                        2.4292896241209205
                    ],
                    "t": 32.29803092992039
                }
            ]
        },
        {
            "name": "a3_",
            "type": 0,
            "start_conf": [
                -1.6536945835033698,
                -0.09315584889202633,
                -1.9982960474825375,
                0.22104683397936853,
                1.8570857626200483,
                2.429289624120919
            ],
            "goal_conf": [
                1.5001605235715914,
                -0.17585024426152598,
                -1.8577563010554956,
                0.21221097095467056,
                1.2274952620827568,
                0.710171839988306
            ],
            "start_time": 33,
            "success": 1,
            "planning_time": 220,
            "path": [
                {
                    "q": [
                        -1.6536945835033698,
                        -0.09315584889202633,
                        -1.9982960474825375,
                        0.22104683397936853,
                        1.8570857626200483,
                        2.429289624120919
                    ],
                    "t": 33.0
                },
                {
                    "q": [
                        1.650772334926765,
                        -0.22436096121991517,
                        -1.2487360083823416,
                        0.4854867944755701,
                        1.5742784371864578,
                        0.07054786492422771
                    ],
                    "t": 74.48750150505626
                },
                {
                    "q": [
                        1.5001605235715914,
                        -0.17585024426152598,
                        -1.8577563010554956,
                        0.21221097095467056,
                        1.2274952620827568,
                        0.710171839988306
                    ],
                    "t": 84.52903053559184
                }
            ]
        },
        {
            "name": "a3_",
            "type": 0,
            "start_conf": [
                1.5001605235715907,
                -0.1758502442615253,
                -1.8577563010554963,
                0.21221097095467023,
                1.2274952620827566,
                0.7101718399883055
            ],
            "goal_conf": [
                -2.8049214210259747,
                -0.2542341018644497,
                -1.5153641032208405,
                0.2687103816416256,
                1.3807265575192904,
                2.7462446488681778
            ],
            "start_time": 85,
            "success": 1,
            "planning_time": 276,
            "path": [
                {
                    "q": [
                        1.5001605235715907,
                        -0.1758502442615253,
                        -1.8577563010554963,
                        0.21221097095467023,
                        1.2274952620827566,
                        0.7101718399883055
                    ],
                    "t": 85.0
                },
                {
                    "q": [
                        0.8646303184400466,
                        -0.3752916685390323,
                        -1.3139750268093926,
                        0.11724937767815068,
                        1.0321852728573726,
                        0.24815159547723875
                    ],
                    "t": 95.0
                },
                {
                    "q": [
                        -2.8049214210259747,
                        -0.2542341018644497,
                        -1.5153641032208405,
                        0.2687103816416256,
                        1.3807265575192904,
                        2.7462446488681778
                    ],
                    "t": 139.62582876233213
                }
            ]
        },
        {
            "name": "a3_",
            "type": 0,
            "start_conf": [
                1.5001605235715907,
                -0.1758502442615253,
                -1.8577563010554963,
                0.21221097095467023,
                1.2274952620827566,
                0.7101718399883055
            ],
            "goal_conf": [
                0.0,
                0.5,
                -1.2,
                0.0,
                1.57,
                1.57
            ],
            "start_time": 85,
            "success": 1,
            "planning_time": 184,
            "path": [
                {
                    "q": [
                        1.5001605235715907,
                        -0.1758502442615253,
                        -1.8577563010554963,
                        0.21221097095467023,
                        1.2274952620827566,
                        0.7101718399883055
                    ],
                    "t": 85.0
                },
                {
                    "q": [
                        0.9410174305787512,
                        -0.42604760120513174,
                        -1.3905262508473877,
                        -0.09769898434678131,
                        1.452744656046241,
                        0.20058878057257268
                    ],
                    "t": 95.0
                },
                {
                    "q": [
                        0.0,
                        0.5,
                        -1.2,
                        0.0,
                        1.57,
                        1.57
                    ],
                    "t": 114.18801619348642
                }
            ]
        }
    ]
}