{
    "objects": [
        {
            "goal_pos": [
                0.7104530514560322,
                -0.7066529090390563,
                0.22500000000000003
            ],
            "goal_quat": [
                0.40871969383168094,
                -0.0,
                -0.0,
                -0.9126599650878399
            ],
            "shape": [
                0.13,
                0.36,
                0.35000000000000003
            ],
            "start_pos": [
                -0.7015722901387484,
                -0.7060894513636565,
                0.22500000000000003
            ],
            "start_quat": [
                0.33750945602426524,
                0.0,
                0.0,
                0.9413221377903552
            ]
        },
        {
            "goal_pos": [
                -0.33508631858772814,
                -0.489914121996971,
                0.085
            ],
            "goal_quat": [
                0.8765834935329734,
                0.0,
                0.0,
                0.4812498092108999
            ],
            "shape": [
                0.06,
                0.22,
                0.07
            ],
            "start_pos": [
                0.35767805452769286,
                -0.41276893689697436,
                0.085
            ],
            "start_quat": [
                0.43537221562247014,
                0.0,
                0.0,
                0.9002505394966345
            ]
        }
    ]
}