{
    "objects": [
        {
            "goal_pos": [
                0.5367943629384139,
                -0.6823107445279731,
                0.085
            ],
            "goal_quat": [
                0.12038559499948502,
                0.0,
                0.0,
                0.9927272075029575
            ],
            "shape": [
                0.17,
                0.07,
                0.07
            ],
            "start_pos": [
                -0.5981049705510131,
                -0.5573547781008537,
                0.085
            ],
            "start_quat": [
                0.6298758538477378,
                0.0,
                0.0,
                0.7766958276826156
            ]
        },
        {
            "goal_pos": [
                0.11414068433308391,
                -0.5134995523584265,
                0.11
            ],
            "goal_quat": [
                0.943311408578353,
                0.0,
                0.0,
                0.331909003261321
            ],
            "shape": [
                0.16,
                0.14,
                0.12
            ],
            "start_pos": [
                -0.09941625396827034,
                -0.484192792399796,
                0.11
            ],
            "start_quat": [
                0.8904671658937835,
                0.0,
                0.0,
                0.4550474991306876
            ]
        },
        {
            "goal_pos": [
                -0.35663542857714914,
                -0.34548647047695835,
                0.19
            ],
            "goal_quat": [
                0.31796128966762244,
                -0.0,
                -0.0,
                -0.9481036959493947
            ],
            "shape": [
                0.29,
                0.18,
                0.28
            ],
            "start_pos": [
                0.4150716691842762,
                -0.4431416611375578,
                0.19
            ],
            "start_quat": [
                0.30331533980697467,
                -0.0,
                -0.0,
                -0.9528902374553847
            ]
        },
        {
            "goal_pos": [
                -0.4130349202301434,
                -0.6114857206826769,
                0.125
            ],
            "goal_quat": [
                0.6674707207805004,
                -0.0,
                -0.0,
                -0.7446360432457989
            ],
            "shape": [
                0.15,
                0.07,
                0.15
            ],
            "start_pos": [
                0.00106158421778485,
                -0.23904217835371466,
                0.125
            ],
            "start_quat": [
                0.9817234743936696,
                0.0,
                0.0,
                0.1903129523296353
            ]
        }
    ]
}