{
    "objects": [
        {
            "goal_pos": [
                -0.9069487178218885,
                -0.6897640103780545,
                0.07500000000000001
            ],
            "goal_quat": [
                0.9559974082812256,
                0.0,
                0.0,
                0.29337511032734115
            ],
            "shape": [
                0.03,
                0.3,
                0.05
            ],
            "start_pos": [
                0.3816151352109788,
                0.29442512171637497,
                0.15100000000000002
            ],
            "start_quat": [
                0.8660877404639017,
                -0.0,
                -0.0,
                -0.499892014157191
            ]
        },
        {
            "goal_pos": [
                -0.013051864810372737,
                -0.8273722384184159,
                0.07500000000000001
            ],
            "goal_quat": [
                0.9714044729058146,
                -0.0,
                -0.0,
                -0.237430726778521
            ],
            "shape": [
                0.03,
                0.3,
                0.05
            ],
            "start_pos": [
                -0.4170721584310991,
                0.2532633532218949,
                0.551
            ],
            "start_quat": [
                0.5769220215508477,
                0.0,
                0.0,
                0.8167992293395503
            ]
        }
    ]
}