{
    "objects": [
        {
            "goal_pos": [
                -0.35363463872899226,
                -0.4207493425753017,
                0.22999999999999998
            ],
            "goal_quat": [
                0.31176011351264793,
                -0.0,
                -0.0,
                -0.9501608451323286
            ],
            "shape": [
                0.11,
                0.1,
                0.36
            ],
            "start_pos": [
                -0.04999984219159359,
                -0.5551821989582026,
                0.22999999999999998
            ],
            "start_quat": [
                0.4153437676379387,
                0.0,
                0.0,
                0.9096645286501623
            ]
        },
        {
            "goal_pos": [
                0.7635528717508087,
                -0.6799476067214087,
                0.12000000000000001
            ],
            "goal_quat": [
                0.5426511961329772,
                -0.0,
                -0.0,
                -0.8399581414186359
            ],
            "shape": [
                0.25,
                0.19,
                0.14
            ],
            "start_pos": [
                0.35136326647803734,
                -0.4713426968623138,
                0.12000000000000001
            ],
            "start_quat": [
                0.2981412970055324,
                -0.0,
                -0.0,
                -0.9545217477982673
            ]
        }
    ]
}