{
    "objects": [
        {
            "goal_pos": [
                -0.7941150596562111,
                -0.7462043761363193,
                0.07500000000000001
            ],
            "goal_quat": [
                0.018254299279494398,
                0.0,
                0.0,
                0.9998333763971948
            ],
            "shape": [
                0.03,
                0.3,
                0.05
            ],
            "start_pos": [
                0.37975955323991684,
                0.28293256527792593,
                0.15100000000000002
            ],
            "start_quat": [
                0.29678100551246067,
                0.0,
                0.0,
                0.9549455663895261
            ]
        },
        {
            "goal_pos": [
                1.013589689722778,
                -0.33310038639167266,
                0.07500000000000001
            ],
            "goal_quat": [
                0.9710388357205072,
                -0.0,
                -0.0,
                -0.23892170165675983
            ],
            "shape": [
                0.03,
                0.3,
                0.05
            ],
            "start_pos": [
                -0.38289736720342593,
                0.33072475820373054,
                0.551
            ],
            "start_quat": [
                0.9922100172829245,
                -0.0,
                -0.0,
                -0.12457640869530157
            ]
        },
        {
            "goal_pos": [
                0.5696743329191782,
                -0.9521137766790773,
                0.07500000000000001
            ],
            "goal_quat": [
                0.611641740972802,
                -0.0,
                -0.0,
                -0.7911348688433343
            ],
            "shape": [
                0.03,
                0.3,
                0.05
            ],
            "start_pos": [
                0.0004787393073902406,
                0.2710582723256571,
                0.15100000000000002
            ],
            "start_quat": [
                0.997253171436265,
                -0.0,
                -0.0,
                -0.07406829321856605
            ]
        }
    ]
}