{
    "objects": [
        {
            "goal_pos": [
                0.624518448991394,
                -0.9141418246297015,
                0.07500000000000001
            ],
            "goal_quat": [
                0.29510478449248273,
                0.0,
                0.0,
                0.9554648953099456
            ],
            "shape": [
                0.03,
                0.3,
                0.05
            ],
            "start_pos": [
                0.3872096186723811,
                0.28037671451495233,
                0.15100000000000002
            ],
            "start_quat": [
                0.5326058098794156,
                -0.0,
                -0.0,
                -0.8463634274250582
            ]
        },
        {
            "goal_pos": [
                0.05294793152221333,
                -0.7572019172206791,
                0.07500000000000001
            ],
            "goal_quat": [
                0.2861097537136426,
                -0.0,
                -0.0,
                -0.9581968528595357
            ],
            "shape": [
                0.03,
                0.3,
                0.05
            ],
            "start_pos": [
                -0.41162243150608374,
                0.29741389994764666,
                0.551
            ],
            "start_quat": [
                0.9971207734026118,
                0.0,
                0.0,
                0.07582983086475391
            ]
        },
        {
            "goal_pos": [
                -0.9554041765490797,
                -0.36024469367626105,
                0.07500000000000001
            ],
            "goal_quat": [
                0.7856854577579286,
                0.0,
                0.0,
                0.6186261887987883
            ],
            "shape": [
                0.03,
                0.3,
                0.05
            ],
            "start_pos": [
                0.01089301227401969,
                0.28720856951149254,
                0.15100000000000002
            ],
            "start_quat": [
                0.3940212325843276,
                -0.0,
                -0.0,
                -0.9191013373250674
            ]
        },
        {
            "goal_pos": [
                1.00697388571739,
                -0.34747014910037727,
                0.07500000000000001
            ],
            "goal_quat": [
                0.6549525429860643,
                -0.0,
                -0.0,
                -0.7556700116030062
            ],
            "shape": [
                0.03,
                0.3,
                0.05
            ],
            "start_pos": [
                0.019922095317005534,
                0.3208415976748975,
                0.551
            ],
            "start_quat": [
                0.9838708227996671,
                -0.0,
                -0.0,
                -0.17888041827854198
            ]
        }
    ]
}