{
    "objects": [
        {
            "goal_pos": [
                0.3604912422591481,
                -0.9899308513207199,
                0.07500000000000001
            ],
            "goal_quat": [
                0.9767267312851899,
                0.0,
                0.0,
                0.21448751104189798
            ],
            "shape": [
                0.03,
                0.3,
                0.05
            ],
            "start_pos": [
                0.3948427132908306,
                0.3021102331598387,
                0.15100000000000002
            ],
            "start_quat": [
                0.39296613569942673,
                -0.0,
                -0.0,
                -0.9195529436598306
            ]
        },
        {
            "goal_pos": [
                -0.7106086220939876,
                -0.8136734080529815,
                0.07500000000000001
            ],
            "goal_quat": [
                0.9996127411773488,
                -0.0,
                -0.0,
                -0.02782746262070438
            ],
            "shape": [
                0.03,
                0.3,
                0.05
            ],
            "start_pos": [
                -0.41533889831032617,
                0.26068914362350487,
                0.551
            ],
            "start_quat": [
                0.7608725217850555,
                0.0,
                0.0,
                0.6489013835649068
            ]
        }
    ]
}