{
    "objects": [
        {
            "goal_pos": [
                0.5386657007706626,
                -0.30114105157610405,
                0.25
            ],
            "goal_quat": [
                0.5009197846373783,
                0.0,
                0.0,
                0.8654937142226063
            ],
            "shape": [
                0.11,
                0.06,
                0.4
            ],
            "start_pos": [
                -0.19771036129605984,
                -0.3228922603940836,
                0.25
            ],
            "start_quat": [
                0.568489527688235,
                0.0,
                0.0,
                0.8226904988565308
            ]
        },
        {
            "goal_pos": [
                -0.4580451087967735,
                -0.45855563330863514,
                0.16
            ],
            "goal_quat": [
                0.21693636467142716,
                -0.0,
                -0.0,
                -0.9761857475312501
            ],
            "shape": [
                0.18,
                0.26,
                0.22
            ],
            "start_pos": [
                0.05380755979253021,
                -0.41514806885330713,
                0.16
            ],
            "start_quat": [
                0.9978271577181671,
                0.0,
                0.0,
                0.0658859872816975
            ]
        }
    ]
}