{
    "objects": [
        {
            "goal_pos": [
                -0.5581344215617905,
                -0.9173209236138258,
                0.07500000000000001
            ],
            "goal_quat": [
                0.08326754874647978,
                -0.0,
                -0.0,
                -0.9965272275887662
            ],
            "shape": [
                0.03,
                0.3,
                0.05
            ],
            "start_pos": [
                0.39533101975596463,
                0.2852900312430586,
                0.15100000000000002
            ],
            "start_quat": [
                0.02790986794819058,
                -0.0,
                -0.0,
                -0.9996104437585246
            ]
        },
        {
            "goal_pos": [
                -0.9782926231116439,
                -0.5228168764930154,
                0.07500000000000001
            ],
            "goal_quat": [
                0.9687245900519125,
                -0.0,
                -0.0,
                -0.24813840619451522
            ],
            "shape": [
                0.03,
                0.3,
                0.05
            ],
            "start_pos": [
                -0.40939916519652936,
                0.2834307612862024,
                0.551
            ],
            "start_quat": [
                0.8014867399732033,
                -0.0,
                -0.0,
                -0.5980125463960825
            ]
        },
        {
            "goal_pos": [
                -0.22234766201078504,
                -0.8552625418811954,
                0.07500000000000001
            ],
            "goal_quat": [
                0.7861315307366091,
                -0.0,
                -0.0,
                -0.6180592337160863
            ],
            "shape": [
                0.03,
                0.3,
                0.05
            ],
            "start_pos": [
                -0.004799609225295407,
                0.31621277455967167,
                0.15100000000000002
            ],
            "start_quat": [
                0.9827182318057562,
                0.0,
                0.0,
                0.18510774396704197
            ]
        }
    ]
}