{
    "objects": [
        {
            "goal_pos": [
                -0.9770619056144756,
                -0.6636324814395129,
                0.07500000000000001
            ],
            "goal_quat": [
                0.9997727250699383,
                -0.0,
                -0.0,
                -0.02131896353553586
            ],
            "shape": [
                0.03,
                0.3,
                0.05
            ],
            "start_pos": [
                0.38705385349809035,
                0.34660912298523167,
                0.15100000000000002
            ],
            "start_quat": [
                0.33245094708620965,
                0.0,
                0.0,
                0.9431205478524377
            ]
        },
        {
            "goal_pos": [
                -0.052120319774338786,
                -0.8831235220146325,
                0.07500000000000001
            ],
            "goal_quat": [
                0.3412862851736653,
                0.0,
                0.0,
                0.939959398885058
            ],
            "shape": [
                0.03,
                0.3,
                0.05
            ],
            "start_pos": [
                -0.40535909258566577,
                0.27012253246157886,
                0.551
            ],
            "start_quat": [
                0.8265937651305778,
                0.0,
                0.0,
                0.5627990293588424
            ]
        }
    ]
}