{
    "objects": [
        {
            "goal_pos": [
                -0.8639323391570782,
                -0.039475990148298445,
                0.10500000000000001
            ],
            "goal_quat": [
                0.9958898139454526,
                0.0,
                0.0,
                0.09057305603595285
            ],
            "shape": [
                0.15,
                0.1,
                0.11
            ],
            "start_pos": [
                -0.04748300236312508,
                0.058261991825176995,
                0.10500000000000001
            ],
            "start_quat": [
                0.6247614047023142,
                0.0,
                0.0,
                0.7808157191004745
            ]
        },
        {
            "goal_pos": [
                -0.912955302375331,
                0.15667120917993363,
                0.095
            ],
            "goal_quat": [
                0.9872935212169437,
                -0.0,
                -0.0,
                -0.15890721494963114
            ],
            "shape": [
                0.15,
                0.05,
                0.09
            ],
            "start_pos": [
                0.2667630704153823,
                1.0060881490089004,
                0.095
            ],
            "start_quat": [
                0.33959211208546025,
                0.0,
                0.0,
                0.9405728028224802
            ]
        }
    ]
}