{
    "objects": [
        {
            "goal_pos": [
                0.09998438917160929,
                -0.46768416490035025,
                0.22999999999999998
            ],
            "goal_quat": [
                0.21805269270862734,
                -0.0,
                -0.0,
                -0.9759369975579966
            ],
            "shape": [
                0.13,
                0.19,
                0.36
            ],
            "start_pos": [
                0.48035376984545686,
                -0.635687500556708,
                0.22999999999999998
            ],
            "start_quat": [
                0.9430346703092212,
                0.0,
                0.0,
                0.3326944703399479
            ]
        },
        {
            "goal_pos": [
                -0.6217216510728776,
                -0.6250702307373669,
                0.165
            ],
            "goal_quat": [
                0.3049966363514205,
                0.0,
                0.0,
                0.9523534279952581
            ],
            "shape": [
                0.27,
                0.19,
                0.23
            ],
            "start_pos": [
                -0.24324594189388876,
                -0.33910576855440966,
                0.165
            ],
            "start_quat": [
                0.7958459734115299,
                -0.0,
                -0.0,
                -0.6054991218859483
            ]
        }
    ]
}