{
    "objects": [
        {
            "goal_pos": [
                1.004299351817851,
                -0.44892249706303206,
                0.07500000000000001
            ],
            "goal_quat": [
                0.25394178387649674,
                -0.0,
                -0.0,
                -0.9672195047669493
            ],
            "shape": [
                0.03,
                0.3,
                0.05
            ],
            "start_pos": [
                0.4016660197543232,
                0.3217118698810923,
                0.15100000000000002
            ],
            "start_quat": [
                0.4820481667456974,
                0.0,
                0.0,
                0.8761447168916288
            ]
        },
        {
            "goal_pos": [
                -0.6876942441265361,
                -0.9367917648160904,
                0.07500000000000001
            ],
            "goal_quat": [
                0.4902970631175427,
                -0.0,
                -0.0,
                -0.8715553854450745
            ],
            "shape": [
                0.03,
                0.3,
                0.05
            ],
            "start_pos": [
                -0.39726961573258934,
                0.32009520952311227,
                0.551
            ],
            "start_quat": [
                0.9265982814359531,
                -0.0,
                -0.0,
                -0.3760526889146497
            ]
        },
        {
            "goal_pos": [
                -0.05056902184402379,
                -0.9021492515636209,
                0.07500000000000001
            ],
            "goal_quat": [
                0.7306490679288753,
                0.0,
                0.0,
                0.6827532054371226
            ],
            "shape": [
                0.03,
                0.3,
                0.05
            ],
            "start_pos": [
                -0.01408350353869145,
                0.28005946732431886,
                0.15100000000000002
            ],
            "start_quat": [
                0.4996043888224505,
                0.0,
                0.0,
                0.8662536895559786
            ]
        },
        {
            "goal_pos": [
                0.7717049936204289,
                -0.6809892480536539,
                0.07500000000000001
            ],
            "goal_quat": [
                0.1992846898653285,
                -0.0,
                -0.0,
                -0.9799416372342181
            ],
            "shape": [
                0.03,
                0.3,
                0.05
            ],
            "start_pos": [
                0.018472137743890525,
                0.34638407592262493,
                0.551
            ],
            "start_quat": [
                0.8872950351259876,
                -0.0,
                -0.0,
                -0.46120225567615386
            ]
        }
    ]
}