{
    "objects": [
        {
            "goal_pos": [
                0.2335244351217452,
                -0.804378965552651,
                0.07500000000000001
            ],
            "goal_quat": [
                0.4671334875155492,
                -0.0,
                -0.0,
                -0.8841868042679444
            ],
            "shape": [
                0.03,
                0.3,
                0.05
            ],
            "start_pos": [
                0.40106402450836126,
                0.32352828449599347,
                0.15100000000000002
            ],
            "start_quat": [
                0.4124876417615745,
                0.0,
                0.0,
                0.9109631965090439
            ]
        },
        {
            "goal_pos": [
                -0.9119734538445817,
                -0.6515311592441527,
                0.07500000000000001
            ],
            "goal_quat": [
                0.9575483926978579,
                -0.0,
                -0.0,
                -0.28827257178189697
            ],
            "shape": [
                0.03,
                0.3,
                0.05
            ],
            "start_pos": [
                -0.4121690660701861,
                0.31927780719648136,
                0.551
            ],
            "start_quat": [
                0.003273321052559365,
                0.0,
                0.0,
                0.9999946426702929
            ]
        }
    ]
}