{
    "objects": [
        {
            "goal_pos": [
                0.7303674273308425,
                -0.7174007614421765,
                0.07500000000000001
            ],
            "goal_quat": [
                0.39655797473697324,
                0.0,
                0.0,
                0.9180096800538162
            ],
            "shape": [
                0.03,
                0.3,
                0.05
            ],
            "start_pos": [
                0.38625120178432865,
                0.26005567912190036,
                0.15100000000000002
            ],
            "start_quat": [
                0.9648777554347894,
                0.0,
                0.0,
                0.2626992901915091
            ]
        },
        {
            "goal_pos": [
                -0.05251290198902703,
                -0.7886718126525987,
                0.07500000000000001
            ],
            "goal_quat": [
                0.989961116722716,
                0.0,
                0.0,
                0.14133997091096726
            ],
            "shape": [
                0.03,
                0.3,
                0.05
            ],
            "start_pos": [
                -0.39645866544819136,
                0.3142931462004731,
                0.551
            ],
            "start_quat": [
                0.1010176162934676,
                0.0,
                0.0,
                0.9948846371305498
            ]
        }
    ]
}