{
    "objects": [
        {
            "goal_pos": [
                -0.4431625338102718,
                -0.40930796976750117,
                0.16
            ],
            "goal_quat": [
                0.9210663345875948,
                -0.0,
                -0.0,
                -0.38940571039646166
            ],
            "shape": [
                0.27,
                0.27,
                0.22
            ],
            "start_pos": [
                0.3543341007460878,
                -0.4036710185504572,
                0.16
            ],
            "start_quat": [
                0.8024745684051181,
                0.0,
                0.0,
                0.5966863221685407
            ]
        }
    ]
}