{
    "objects": [
        {
            "goal_pos": [
                0.7808574795909503,
                -0.8481657242731631,
                0.07500000000000001
            ],
            "goal_quat": [
                0.9993097221368494,
                0.0,
                0.0,
                0.03714941779857203
            ],
            "shape": [
                0.03,
                0.3,
                0.05
            ],
            "start_pos": [
                0.38036507065687114,
                0.3284344162124569,
                0.15100000000000002
            ],
            "start_quat": [
                0.9984351814472677,
                -0.0,
                -0.0,
                -0.05592127008895235
            ]
        },
        {
            "goal_pos": [
                -0.1392218964333083,
                -0.8429045943347708,
                0.07500000000000001
            ],
            "goal_quat": [
                0.048168909739696966,
                0.0,
                0.0,
                0.9988392043439669
            ],
            "shape": [
                0.03,
                0.3,
                0.05
            ],
            "start_pos": [
                -0.4072672099085212,
                0.33497486207012106,
                0.551
            ],
            "start_quat": [
                0.5053553007021356,
                0.0,
                0.0,
                0.8629113628016808
            ]
        }
    ]
}