{
    "objects": [
        {
            "goal_pos": [
                0.39215599341580376,
                -0.3973398695544864,
                0.24
            ],
            "goal_quat": [
                0.07926939299438027,
                -0.0,
                -0.0,
                -0.996853230588286
            ],
            "shape": [
                0.2,
                0.32,
                0.38
            ],
            "start_pos": [
                -0.020552433613317406,
                -0.3570953203330727,
                0.24
            ],
            "start_quat": [
                0.7468867589894936,
                -0.0,
                -0.0,
                -0.6649512532856601
            ]
        },
        {
            "goal_pos": [
                0.7561353406690637,
                -0.6943500297124505,
                0.14
            ],
            "goal_quat": [
                0.6485522556241352,
                -0.0,
                -0.0,
                -0.7611701332322797
            ],
            "shape": [
                0.3,
                0.18,
                0.18
            ],
            "start_pos": [
                -0.4527533650496535,
                -0.42958334918057217,
                0.14
            ],
            "start_quat": [
                0.46396060594921945,
                0.0,
                0.0,
                0.8858558325863375
            ]
        }
    ]
}