{
    "objects": [
        {
            "goal_pos": [
                0.23101214101601508,
                -1.3551673515591345,
                0.10500000000000001
            ],
            "goal_quat": [
                0.8533364830670698,
                -0.0,
                -0.0,
                -0.5213605726047229
            ],
            "shape": [
                0.11,
                0.31,
                0.11
            ],
            "start_pos": [
                -0.6219042745501475,
                -0.865448930630579,
                0.10500000000000001
            ],
            "start_quat": [
                0.9210972673306072,
                -0.0,
                -0.0,
                -0.38933253667795087
            ]
        },
        {
            "goal_pos": [
                -1.3797104742130673,
                1.0954004608416945,
                0.2
            ],
            "goal_quat": [
                0.9538622440496314,
                -0.0,
                -0.0,
                -0.30024459924635033
            ],
            "shape": [
                0.17,
                0.07,
                0.3
            ],
            "start_pos": [
                1.2353816177170116,
                -0.13630001962391491,
                0.2
            ],
            "start_quat": [
                0.3957867568635291,
                0.0,
                0.0,
                0.918342443259294
            ]
        },
        {
            "goal_pos": [
                0.4359924273850311,
                0.6604704606857783,
                0.20500000000000002
            ],
            "goal_quat": [
                0.025938743312390548,
                -0.0,
                -0.0,
                -0.9996635341930673
            ],
            "shape": [
                0.23,
                0.25,
                0.31
            ],
            "start_pos": [
                -1.0623864204979718,
                0.10609059270193816,
                0.20500000000000002
            ],
            "start_quat": [
                0.8774830476806997,
                -0.0,
                -0.0,
                -0.47960765322604154
            ]
        }
    ]
}