{
    "objects": [
        {
            "goal_pos": [
                1.184250417723617,
                -0.08021789843341848,
                0.14500000000000002
            ],
            "goal_quat": [
                0.9358435032852037,
                -0.0,
                -0.0,
                -0.35241585855190594
            ],
            "shape": [
                0.18,
                0.21,
                0.19
            ],
            "start_pos": [
                1.1832181332785154,
                0.45041093954046085,
                0.14500000000000002
            ],
            "start_quat": [
                0.9120944394112461,
                0.0,
                0.0,
                0.40998016244092184
            ]
        },
        {
            "goal_pos": [
                0.6684210045732611,
                -0.46515059193273717,
                0.085
            ],
            "goal_quat": [
                0.8292383871434291,
                -0.0,
                -0.0,
                -0.558895068226375
            ],
            "shape": [
                0.18,
                0.28,
                0.07
            ],
            "start_pos": [
                -0.09719540995885709,
                0.850455583868541,
                0.085
            ],
            "start_quat": [
                0.763278827973215,
                0.0,
                0.0,
                0.6460692151525526
            ]
        },
        {
            "goal_pos": [
                -0.42580793846448156,
                -1.0170089586327158,
                0.115
            ],
            "goal_quat": [
                0.5518261254746449,
                -0.0,
                -0.0,
                -0.833959187996416
            ],
            "shape": [
                0.09,
                0.21,
                0.13
            ],
            "start_pos": [
                0.43904075438401535,
                0.7096530730462163,
                0.115
            ],
            "start_quat": [
                0.3906777542513725,
                0.0,
                0.0,
                0.9205275076460802
            ]
        },
        {
            "goal_pos": [
                -0.8765130963098371,
                0.5202891111614781,
                0.14
            ],
            "goal_quat": [
                0.29240967909765836,
                0.0,
                0.0,
                0.9562931452070565
            ],
            "shape": [
                0.16,
                0.37,
                0.18
            ],
            "start_pos": [
                0.24387311853363858,
                -0.8275902277674232,
                0.14
            ],
            "start_quat": [
                0.7077747271180888,
                -0.0,
                -0.0,
                -0.7064382037042695
            ]
        }
    ]
}