{
    "objects": [
        {
            "goal_pos": [
                0.288426721400569,
                -0.4132998969686381,
                0.08
            ],
            "goal_quat": [
                0.33199318671709865,
                -0.0,
                -0.0,
                -0.9432817839720142
            ],
            "shape": [
                0.14,
                0.07,
                0.06
            ],
            "start_pos": [
                0.05676046713887148,
                -0.5649150558400067,
                0.08
            ],
            "start_quat": [
                0.2670964745106398,
                -0.0,
                -0.0,
                -0.9636697947450605
            ]
        }
    ]
}