{
    "objects": [
        {
            "goal_pos": [
                0.7708188397410913,
                -0.8481060838136634,
                0.07500000000000001
            ],
            "goal_quat": [
                0.7438388273636347,
                0.0,
                0.0,
                0.6683590344315642
            ],
            "shape": [
                0.03,
                0.3,
                0.05
            ],
            "start_pos": [
                0.4159236441850139,
                0.3474189016007564,
                0.15100000000000002
            ],
            "start_quat": [
                0.05169795108231456,
                -0.0,
                -0.0,
                -0.9986627668306707
            ]
        },
        {
            "goal_pos": [
                -0.5829146903894504,
                -0.8216877847680939,
                0.07500000000000001
            ],
            "goal_quat": [
                0.3573714709266488,
                -0.0,
                -0.0,
                -0.9339623288804123
            ],
            "shape": [
                0.03,
                0.3,
                0.05
            ],
            "start_pos": [
                -0.4035753900014696,
                0.3420503270952817,
                0.551
            ],
            "start_quat": [
                0.9417794703777355,
                0.0,
                0.0,
                0.33623121386187826
            ]
        },
        {
            "goal_pos": [
                1.0355512025826925,
                -0.44131158977038404,
                0.07500000000000001
            ],
            "goal_quat": [
                0.44894403280597794,
                0.0,
                0.0,
                0.8935598779085289
            ],
            "shape": [
                0.03,
                0.3,
                0.05
            ],
            "start_pos": [
                0.019729832106425364,
                0.3112492266594569,
                0.15100000000000002
            ],
            "start_quat": [
                0.6324699528161879,
                -0.0,
                -0.0,
                -0.7745848944981364
            ]
        },
        {
            "goal_pos": [
                0.023484767045693355,
                -0.689199315798988,
                0.07500000000000001
            ],
            "goal_quat": [
                0.013687411310275692,
                -0.0,
                -0.0,
                -0.9999063229981213
            ],
            "shape": [
                0.03,
                0.3,
                0.05
            ],
            "start_pos": [
                0.01696625100109834,
                0.27878366160324364,
                0.551
            ],
            "start_quat": [
                0.09959318252292951,
                0.0,
                0.0,
                0.9950282397977227
            ]
        }
    ]
}