{
    "objects": [
        {
            "goal_pos": [
                -0.9522034561147718,
                0.2436882497871025,
                0.12000000000000001
            ],
            "goal_quat": [
                0.030986633748726695,
                -0.0,
                -0.0,
                -0.9995197989679455
            ],
            "shape": [
                0.14,
                0.15,
                0.14
            ],
            "start_pos": [
                0.06598927802650356,
                0.38054443526729254,
                0.12000000000000001
            ],
            "start_quat": [
                0.9694154514012766,
                -0.0,
                -0.0,
                -0.245425513312001
            ]
        },
        {
            "goal_pos": [
                1.1370328226867112,
                -0.7100242486386934,
                0.11
            ],
            "goal_quat": [
                0.6480287735095039,
                0.0,
                0.0,
                0.76161585376341
            ],
            "shape": [
                0.05,
                0.19,
                0.12
            ],
            "start_pos": [
                -0.15142323363732402,
                0.736626617785256,
                0.11
            ],
            "start_quat": [
                0.5664523718083312,
                0.0,
                0.0,
                0.8240944790936996
            ]
        }
    ]
}