{
    "objects": [
        {
            "goal_pos": [
                0.07339461614175347,
                -0.73776781427662,
                0.07500000000000001
            ],
            "goal_quat": [
                0.4373221227747465,
                -0.0,
                -0.0,
                -0.8993049321180161
            ],
            "shape": [
                0.03,
                0.3,
                0.05
            ],
            "start_pos": [
                0.37830096602503815,
                0.2575797174003814,
                0.15100000000000002
            ],
            "start_quat": [
                0.7799841672010113,
                -0.0,
                -0.0,
                -0.6257992480945825
            ]
        },
        {
            "goal_pos": [
                -0.49235492158185096,
                -0.9624704520701912,
                0.07500000000000001
            ],
            "goal_quat": [
                0.84490976682733,
                0.0,
                0.0,
                0.5349088575820996
            ],
            "shape": [
                0.03,
                0.3,
                0.05
            ],
            "start_pos": [
                -0.40098044601910426,
                0.2544467146574461,
                0.551
            ],
            "start_quat": [
                0.6082111645442095,
                0.0,
                0.0,
                0.7937752700379223
            ]
        }
    ]
}