{
    "objects": [
        {
            "goal_pos": [
                0.6747290615901882,
                -0.6947842886604906,
                0.185
            ],
            "goal_quat": [
                0.46353344824075704,
                0.0,
                0.0,
                0.8860794221524577
            ],
            "shape": [
                0.16,
                0.09,
                0.27
            ],
            "start_pos": [
                0.5219753401322846,
                -0.5407417494134117,
                0.185
            ],
            "start_quat": [
                0.9999800064366856,
                0.0,
                0.0,
                0.006323505901489023
            ]
        }
    ]
}