{
    "objects": [
        {
            "goal_pos": [
                -0.7814653804811311,
                -0.6762028627229582,
                0.07500000000000001
            ],
            "goal_quat": [
                0.9451907272173871,
                -0.0,
                -0.0,
                -0.3265187424670549
            ],
            "shape": [
                0.03,
                0.3,
                0.05
            ],
            "start_pos": [
                0.3981182062248738,
                0.32544392665995425,
                0.15100000000000002
            ],
            "start_quat": [
                0.7054876342677178,
                0.0,
                0.0,
                0.7087222290117186
            ]
        },
        {
            "goal_pos": [
                0.7830200617855889,
                -0.7504531585454595,
                0.07500000000000001
            ],
            "goal_quat": [
                0.9806388796899016,
                -0.0,
                -0.0,
                -0.19582489024772773
            ],
            "shape": [
                0.03,
                0.3,
                0.05
            ],
            "start_pos": [
                -0.3911951365829186,
                0.2784784477963224,
                0.551
            ],
            "start_quat": [
                0.31509621792439046,
                0.0,
                0.0,
                0.9490597312338908
            ]
        }
    ]
}