{
    "objects": [
        {
            "goal_pos": [
                0.8461216313365746,
                -0.6412409302327425,
                0.07500000000000001
            ],
            "goal_quat": [
                0.06367800514750939,
                -0.0,
                -0.0,
                -0.9979704963877608
            ],
            "shape": [
                0.03,
                0.3,
                0.05
            ],
            "start_pos": [
                0.4055146906058017,
                0.27824971380036645,
                0.15100000000000002
            ],
            "start_quat": [
                0.2688138768140436,
                -0.0,
                -0.0,
                -0.9631921405577416
            ]
        },
        {
            "goal_pos": [
                -0.721286752315784,
                -0.8199958537622398,
                0.07500000000000001
            ],
            "goal_quat": [
                0.9320918944551059,
                0.0,
                0.0,
                0.3622218937213648
            ],
            "shape": [
                0.03,
                0.3,
                0.05
            ],
            "start_pos": [
                -0.4108026700644715,
                0.28178316638972317,
                0.551
            ],
            "start_quat": [
                0.22706387478087325,
                0.0,
                0.0,
                0.9738798677298427
            ]
        }
    ]
}