{
    "objects": [
        {
            "goal_pos": [
                -0.07291471486915119,
                -0.7911295084043319,
                0.07500000000000001
            ],
            "goal_quat": [
                0.165853379225466,
                0.0,
                0.0,
                0.9861504229069182
            ],
            "shape": [
                0.03,
                0.3,
                0.05
            ],
            "start_pos": [
                0.3988781076983133,
                0.33127679065811483,
                0.15100000000000002
            ],
            "start_quat": [
                0.358978480156432,
                -0.0,
                -0.0,
                -0.9333458366460838
            ]
        },
        {
            "goal_pos": [
                -1.0045004745020572,
                -0.5351330235168139,
                0.07500000000000001
            ],
            "goal_quat": [
                0.8243096087737284,
                0.0,
                0.0,
                0.5661392663323247
            ],
            "shape": [
                0.03,
                0.3,
                0.05
            ],
            "start_pos": [
                -0.4108790657591628,
                0.2650107990741048,
                0.551
            ],
            "start_quat": [
                0.9855601751713299,
                0.0,
                0.0,
                0.169325547736476
            ]
        },
        {
            "goal_pos": [
                0.7965063305778186,
                -0.8640265698720235,
                0.07500000000000001
            ],
            "goal_quat": [
                0.6454128376391943,
                -0.0,
                -0.0,
                -0.7638339276377575
            ],
            "shape": [
                0.03,
                0.3,
                0.05
            ],
            "start_pos": [
                -0.005341435671817541,
                0.2973105079121997,
                0.15100000000000002
            ],
            "start_quat": [
                0.48887343146622486,
                -0.0,
                -0.0,
                -0.8723547260182857
            ]
        },
        {
            "goal_pos": [
                1.0623959798272118,
                -0.5092003753942869,
                0.07500000000000001
            ],
            "goal_quat": [
                0.3308346309121205,
                0.0,
                0.0,
                0.943688744761344
            ],
            "shape": [
                0.03,
                0.3,
                0.05
            ],
            "start_pos": [
                -0.023013142497516643,
                0.27590635148497017,
                0.551
            ],
            "start_quat": [
                0.9979238900602433,
                0.0,
                0.0,
                0.06440426730451566
            ]
        }
    ]
}