{
    "objects": [
        {
            "goal_pos": [
                0.7145481364916171,
                -0.6656756818244374,
                0.125
            ],
            "goal_quat": [
                0.8019067626952359,
                0.0,
                0.0,
                0.5974491977931234
            ],
            "shape": [
                0.39,
                0.07,
                0.15
            ],
            "start_pos": [
                0.12220068930436499,
                -0.3537766992579885,
                0.125
            ],
            "start_quat": [
                0.37879364095486806,
                0.0,
                0.0,
                0.9254811600309076
            ]
        }
    ]
}