{
    "objects": [
        {
            "goal_pos": [
                -0.3936983359008861,
                -0.8706380473100932,
                0.07500000000000001
            ],
            "goal_quat": [
                0.7950631277106177,
                0.0,
                0.0,
                0.6065266877516684
            ],
            "shape": [
                0.03,
                0.3,
                0.05
            ],
            "start_pos": [
                0.3879256367956141,
                0.2535323507373333,
                0.15100000000000002
            ],
            "start_quat": [
                0.4637623570775579,
                -0.0,
                -0.0,
                -0.8859596357384842
            ]
        },
        {
            "goal_pos": [
                0.40088026053390385,
                -0.8465497845169434,
                0.07500000000000001
            ],
            "goal_quat": [
                0.5533413548690114,
                0.0,
                0.0,
                0.8329545875927011
            ],
            "shape": [
                0.03,
                0.3,
                0.05
            ],
            "start_pos": [
                -0.41161311120542143,
                0.25200665876088374,
                0.551
            ],
            "start_quat": [
                0.9985940428120017,
                0.0,
                0.0,
                0.053008845114586464
            ]
        },
        {
            "goal_pos": [
                0.057126244029512885,
                -0.7413070326910485,
                0.07500000000000001
            ],
            "goal_quat": [
                0.5619210201945124,
                -0.0,
                -0.0,
                -0.8271908891323443
            ],
            "shape": [
                0.03,
                0.3,
                0.05
            ],
            "start_pos": [
                0.023411252383176366,
                0.29090022299248736,
                0.15100000000000002
            ],
            "start_quat": [
                0.9999683439077586,
                -0.0,
                -0.0,
                -0.007956832433498732
            ]
        }
    ]
}