{
    "objects": [
        {
            "goal_pos": [
                -0.0803744603787986,
                -0.33432531940380017,
                0.14
            ],
            "goal_quat": [
                0.18447977886396497,
                -0.0,
                -0.0,
                -0.9828363094586517
            ],
            "shape": [
                0.12,
                0.11,
                0.18
            ],
            "start_pos": [
                0.13434616863264803,
                -0.5372531479147311,
                0.14
            ],
            "start_quat": [
                0.29714163507875185,
                0.0,
                0.0,
                0.9548334141109254
            ]
        },
        {
            "goal_pos": [
                0.44958222778869084,
                -0.4093814479427226,
                0.10500000000000001
            ],
            "goal_quat": [
                0.8150123012495144,
                0.0,
                0.0,
                0.5794436545618312
            ],
            "shape": [
                0.35000000000000003,
                0.05,
                0.11
            ],
            "start_pos": [
                -0.5149904704510099,
                -0.41474868548042476,
                0.10500000000000001
            ],
            "start_quat": [
                0.6846391069503663,
                -0.0,
                -0.0,
                -0.7288822217849773
            ]
        }
    ]
}