{
    "objects": [
        {
            "goal_pos": [
                0.8236699351539809,
                -0.6583663098531501,
                0.07500000000000001
            ],
            "goal_quat": [
                0.8451966169863365,
                0.0,
                0.0,
                0.5344554973380403
            ],
            "shape": [
                0.03,
                0.3,
                0.05
            ],
            "start_pos": [
                0.4001139833968503,
                0.309464188610663,
                0.15100000000000002
            ],
            "start_quat": [
                0.981798128982087,
                0.0,
                0.0,
                0.18992744384968022
            ]
        },
        {
            "goal_pos": [
                -0.13636183943064062,
                -0.8896600949704643,
                0.07500000000000001
            ],
            "goal_quat": [
                0.5357287960405638,
                -0.0,
                -0.0,
                -0.8443901095423418
            ],
            "shape": [
                0.03,
                0.3,
                0.05
            ],
            "start_pos": [
                -0.41461289180658634,
                0.3128350319823731,
                0.551
            ],
            "start_quat": [
                0.21227642175687259,
                -0.0,
                -0.0,
                -0.9772096605980205
            ]
        },
        {
            "goal_pos": [
                0.26514255101886414,
                -0.8763548956575611,
                0.07500000000000001
            ],
            "goal_quat": [
                0.8521367831764787,
                0.0,
                0.0,
                0.5233191213376815
            ],
            "shape": [
                0.03,
                0.3,
                0.05
            ],
            "start_pos": [
                0.0004792681715217739,
                0.32641315473227117,
                0.15100000000000002
            ],
            "start_quat": [
                0.6770902148650272,
                0.0,
                0.0,
                0.7359000210178223
            ]
        },
        {
            "goal_pos": [
                -0.9074763012746693,
                -0.4486366837420616,
                0.07500000000000001
            ],
            "goal_quat": [
                0.8146802482535891,
                -0.0,
                -0.0,
                -0.5799104181729022
            ],
            "shape": [
                0.03,
                0.3,
                0.05
            ],
            "start_pos": [
                0.00496987157614882,
                0.3438348060632615,
                0.551
            ],
            "start_quat": [
                0.9818229705877813,
                -0.0,
                -0.0,
                -0.18979898426014988
            ]
        }
    ]
}