{
    "objects": [
        {
            "goal_pos": [
                -0.9497345321749241,
                -0.6865692401594832,
                0.07500000000000001
            ],
            "goal_quat": [
                0.9452396472651438,
                0.0,
                0.0,
                0.32637709668122655
            ],
            "shape": [
                0.03,
                0.3,
                0.05
            ],
            "start_pos": [
                0.3949272990188389,
                0.29971094132172177,
                0.15100000000000002
            ],
            "start_quat": [
                0.001810450611059764,
                0.0,
                0.0,
                0.9999983611329495
            ]
        },
        {
            "goal_pos": [
                0.897736636864015,
                -0.47406901521152883,
                0.07500000000000001
            ],
            "goal_quat": [
                0.9917390583005484,
                -0.0,
                -0.0,
                -0.12827174373626274
            ],
            "shape": [
                0.03,
                0.3,
                0.05
            ],
            "start_pos": [
                -0.4134647288855415,
                0.28336782680216543,
                0.551
            ],
            "start_quat": [
                0.9023482175580628,
                -0.0,
                -0.0,
                -0.4310077659042664
            ]
        }
    ]
}