{
    "objects": [
        {
            "goal_pos": [
                -0.8287871825305553,
                1.0550582981328387,
                0.14
            ],
            "goal_quat": [
                0.9999211532954735,
                0.0,
                0.0,
                0.012557356101112834
            ],
            "shape": [
                0.14,
                0.16,
                0.18
            ],
            "start_pos": [
                0.20163551009429104,
                -0.6074776716168527,
                0.14
            ],
            "start_quat": [
                0.5135404647132517,
                0.0,
                0.0,
                0.8580653769393668
            ]
        },
        {
            "goal_pos": [
                0.9287536599611799,
                -0.4694748238516451,
                0.13
            ],
            "goal_quat": [
                0.09603432429898283,
                0.0,
                0.0,
                0.9953780229422577
            ],
            "shape": [
                0.06,
                0.05,
                0.16
            ],
            "start_pos": [
                -0.19863707273889086,
                0.5532941830579166,
                0.13
            ],
            "start_quat": [
                0.2489300618269437,
                -0.0,
                -0.0,
                -0.9685214630140284
            ]
        }
    ]
}