{
    "objects": [
        {
            "goal_pos": [
                -0.9510458721517906,
                -0.3796890208084911,
                0.07500000000000001
            ],
            "goal_quat": [
                0.4315468067241552,
                -0.0,
                -0.0,
                -0.9020905462347916
            ],
            "shape": [
                0.03,
                0.3,
                0.05
            ],
            "start_pos": [
                0.4129613007492987,
                0.3099604488499649,
                0.15100000000000002
            ],
            "start_quat": [
                0.519423172588966,
                -0.0,
                -0.0,
                -0.854517154759115
            ]
        },
        {
            "goal_pos": [
                -0.3112506878245373,
                -0.8986821070774238,
                0.07500000000000001
            ],
            "goal_quat": [
                0.6887828389070851,
                -0.0,
                -0.0,
                -0.7249677239899004
            ],
            "shape": [
                0.03,
                0.3,
                0.05
            ],
            "start_pos": [
                -0.37640559732126755,
                0.276530633415365,
                0.551
            ],
            "start_quat": [
                0.6290934539357418,
                0.0,
                0.0,
                0.7773296766592658
            ]
        },
        {
            "goal_pos": [
                -0.7216626642824049,
                -0.8787809418774835,
                0.07500000000000001
            ],
            "goal_quat": [
                0.5249602357307126,
                -0.0,
                -0.0,
                -0.8511267537221202
            ],
            "shape": [
                0.03,
                0.3,
                0.05
            ],
            "start_pos": [
                0.018680566368582063,
                0.30966529179346436,
                0.15100000000000002
            ],
            "start_quat": [
                0.9921548616504388,
                0.0,
                0.0,
                0.1250149211230357
            ]
        },
        {
            "goal_pos": [
                0.4694194539603505,
                -0.8767439731298867,
                0.07500000000000001
            ],
            "goal_quat": [
                0.04180688142494215,
                -0.0,
                -0.0,
                -0.999125710141382
            ],
            "shape": [
                0.03,
                0.3,
                0.05
            ],
            "start_pos": [
                -0.015087636731156432,
                0.3079685993871547,
                0.551
            ],
            "start_quat": [
                0.9114492001984456,
                0.0,
                0.0,
                0.4114126340520109
            ]
        }
    ]
}