{
    "objects": [
        {
            "goal_pos": [
                -0.9879330510915905,
                -0.34715450326769315,
                0.07500000000000001
            ],
            "goal_quat": [
                0.7706057003388717,
                0.0,
                0.0,
                0.6373122112475463
            ],
            "shape": [
                0.17,
                0.19,
                0.05
            ],
            "start_pos": [
                -0.09029757140215616,
                0.00611344510413675,
                0.07500000000000001
            ],
            "start_quat": [
                0.3603282957447786,
                0.0,
                0.0,
                0.9328255567284075
            ]
        }
    ]
}