{
    "objects": [
        {
            "goal_pos": [
                -1.0939335945740303,
                -0.7204749440767966,
                0.12000000000000001
            ],
            "goal_quat": [
                0.1898415488630745,
                -0.0,
                -0.0,
                -0.9818147413464868
            ],
            "shape": [
                0.13,
                0.18,
                0.14
            ],
            "start_pos": [
                -0.09923509471384123,
                0.6271301108902576,
                0.12000000000000001
            ],
            "start_quat": [
                0.9146273720761546,
                0.0,
                0.0,
                0.404297873169112
            ]
        },
        {
            "goal_pos": [
                -0.9244972806014509,
                -0.8424197959804577,
                0.14500000000000002
            ],
            "goal_quat": [
                0.2516563268424348,
                0.0,
                0.0,
                0.9678166629895218
            ],
            "shape": [
                0.11,
                0.08,
                0.19
            ],
            "start_pos": [
                0.21152748489316142,
                0.3411890458806154,
                0.14500000000000002
            ],
            "start_quat": [
                0.6174410798944437,
                0.0,
                0.0,
                0.7866171323196458
            ]
        },
        {
            "goal_pos": [
                1.0947365455722786,
                0.16299495581815265,
                0.14500000000000002
            ],
            "goal_quat": [
                0.9074321671650343,
                0.0,
                0.0,
                0.4201985982772542
            ],
            "shape": [
                0.09,
                0.12,
                0.19
            ],
            "start_pos": [
                0.03478797268395062,
                -0.3195247458218547,
                0.14500000000000002
            ],
            "start_quat": [
                0.004524293363308704,
                0.0,
                0.0,
                0.9999897653324071
            ]
        }
    ]
}