{
    "objects": [
        {
            "goal_pos": [
                -0.07703672557488264,
                -0.4641703039473235,
                0.085
            ],
            "goal_quat": [
                0.9954548226378237,
                -0.0,
                -0.0,
                -0.09523495202444834
            ],
            "shape": [
                0.1,
                0.26,
                0.07
            ],
            "start_pos": [
                0.7226537713465899,
                -0.6692455978380504,
                0.085
            ],
            "start_quat": [
                0.19149770023517798,
                0.0,
                0.0,
                0.9814930620257272
            ]
        }
    ]
}