{
    "objects": [
        {
            "goal_pos": [
                -0.3991944045085902,
                0.8592516721893863,
                0.08
            ],
            "goal_quat": [
                0.785875748399182,
                0.0,
                0.0,
                0.6183844338904608
            ],
            "shape": [
                0.29,
                0.24,
                0.06
            ],
            "start_pos": [
                -0.5467631262213977,
                -0.2940374185918643,
                0.08
            ],
            "start_quat": [
                0.2770341709900191,
                -0.0,
                -0.0,
                -0.9608600668691945
            ]
        },
        {
            "goal_pos": [
                0.10780180114566673,
                0.784658229191826,
                0.095
            ],
            "goal_quat": [
                0.11965032895880509,
                -0.0,
                -0.0,
                -0.9928160951455459
            ],
            "shape": [
                0.36,
                0.16,
                0.09
            ],
            "start_pos": [
                -0.053764270235120815,
                -0.826527124186297,
                0.095
            ],
            "start_quat": [
                0.985103608127683,
                -0.0,
                -0.0,
                -0.17196185988125445
            ]
        },
        {
            "goal_pos": [
                0.8689758504939269,
                0.0341142367628855,
                0.14
            ],
            "goal_quat": [
                0.6466644429743448,
                0.0,
                0.0,
                0.7627746051047324
            ],
            "shape": [
                0.14,
                0.31,
                0.18
            ],
            "start_pos": [
                -0.8052840184470482,
                0.5346140588223466,
                0.14
            ],
            "start_quat": [
                0.5237855845355927,
                0.0,
                0.0,
                0.8518501402434042
            ]
        }
    ]
}