{
    "objects": [
        {
            "goal_pos": [
                0.9683889067499908,
                -0.6395397842972033,
                0.07500000000000001
            ],
            "goal_quat": [
                0.9994858729631274,
                0.0,
                0.0,
                0.03206227919432866
            ],
            "shape": [
                0.03,
                0.3,
                0.05
            ],
            "start_pos": [
                0.41704678688828306,
                0.30243651769616464,
                0.15100000000000002
            ],
            "start_quat": [
                0.7375117335399469,
                -0.0,
                -0.0,
                -0.6753343193492408
            ]
        },
        {
            "goal_pos": [
                -0.9241106748476037,
                -0.5894311449800459,
                0.07500000000000001
            ],
            "goal_quat": [
                0.6577132234429467,
                -0.0,
                -0.0,
                -0.7532684220835814
            ],
            "shape": [
                0.03,
                0.3,
                0.05
            ],
            "start_pos": [
                -0.3890764786969927,
                0.29114802535143003,
                0.551
            ],
            "start_quat": [
                0.9759184925043369,
                -0.0,
                -0.0,
                -0.21813549914688887
            ]
        },
        {
            "goal_pos": [
                -0.06044505296662256,
                -0.7405476527296982,
                0.07500000000000001
            ],
            "goal_quat": [
                0.3357453375598945,
                0.0,
                0.0,
                0.9419527951584371
            ],
            "shape": [
                0.03,
                0.3,
                0.05
            ],
            "start_pos": [
                0.023785090873795357,
                0.29271287896063436,
                0.15100000000000002
            ],
            "start_quat": [
                0.9999671285153553,
                -0.0,
                -0.0,
                -0.008108137193891684
            ]
        }
    ]
}