{
    "objects": [
        {
            "goal_pos": [
                0.40390761276734505,
                -0.93577912650469,
                0.07500000000000001
            ],
            "goal_quat": [
                0.3347947771767904,
                -0.0,
                -0.0,
                -0.9422910681817711
            ],
            "shape": [
                0.03,
                0.3,
                0.05
            ],
            "start_pos": [
                0.40976060415900895,
                0.29282827878663403,
                0.15100000000000002
            ],
            "start_quat": [
                0.4761675037146829,
                -0.0,
                -0.0,
                -0.8793545976488253
            ]
        },
        {
            "goal_pos": [
                -0.9128065785763313,
                -0.5111040441869261,
                0.07500000000000001
            ],
            "goal_quat": [
                0.032524391962334066,
                0.0,
                0.0,
                0.9994709420125631
            ],
            "shape": [
                0.03,
                0.3,
                0.05
            ],
            "start_pos": [
                -0.4038585737849298,
                0.29729630994222545,
                0.551
            ],
            "start_quat": [
                0.5497333057276074,
                0.0,
                0.0,
                0.8353402256409043
            ]
        }
    ]
}