{
    "objects": [
        {
            "goal_pos": [
                -0.9556206829572406,
                -0.7042076792790104,
                0.07500000000000001
            ],
            "goal_quat": [
                0.7006493892909899,
                -0.0,
                -0.0,
                -0.7135057345853381
            ],
            "shape": [
                0.03,
                0.3,
                0.05
            ],
            "start_pos": [
                0.4167811774501221,
                0.25257222694020354,
                0.15100000000000002
            ],
            "start_quat": [
                0.9742786892149679,
                -0.0,
                -0.0,
                -0.2253464793192121
            ]
        },
        {
            "goal_pos": [
                0.07680948484625022,
                -0.7857091025228895,
                0.07500000000000001
            ],
            "goal_quat": [
                0.5806063486622477,
                -0.0,
                -0.0,
                -0.8141844188469173
            ],
            "shape": [
                0.03,
                0.3,
                0.05
            ],
            "start_pos": [
                -0.3963531415457904,
                0.34674958036750575,
                0.551
            ],
            "start_quat": [
                0.8766328383850605,
                0.0,
                0.0,
                0.48115991797421415
            ]
        }
    ]
}