{
    "objects": [
        {
            "goal_pos": [
                0.7705641000643823,
                -0.7026090531453945,
                0.135
            ],
            "goal_quat": [
                0.19598932384265652,
                0.0,
                0.0,
                0.9806060294224681
            ],
            "shape": [
                0.17,
                0.1,
                0.17
            ],
            "start_pos": [
                0.08717469261023339,
                -0.33798767263519347,
                0.135
            ],
            "start_quat": [
                0.6078447663680758,
                -0.0,
                -0.0,
                -0.7940558796450911
            ]
        }
    ]
}