{
    "objects": [
        {
            "goal_pos": [
                -1.007621988954706,
                -0.5221439868251325,
                0.07500000000000001
            ],
            "goal_quat": [
                0.8526871128065237,
                -0.0,
                -0.0,
                -0.5224219440774621
            ],
            "shape": [
                0.03,
                0.3,
                0.05
            ],
            "start_pos": [
                0.40294481774465934,
                0.26377533618270244,
                0.15100000000000002
            ],
            "start_quat": [
                0.6536283043292153,
                0.0,
                0.0,
                0.7568157237925985
            ]
        },
        {
            "goal_pos": [
                0.9093324452389487,
                -0.6081943623959732,
                0.07500000000000001
            ],
            "goal_quat": [
                0.9955683985541028,
                -0.0,
                -0.0,
                -0.09404022437456715
            ],
            "shape": [
                0.03,
                0.3,
                0.05
            ],
            "start_pos": [
                -0.38041682758251744,
                0.25213490229917623,
                0.551
            ],
            "start_quat": [
                0.07169970875917994,
                0.0,
                0.0,
                0.99742626382297
            ]
        }
    ]
}