{
    "objects": [
        {
            "goal_pos": [
                -0.01210429828679968,
                -0.3057613741907639,
                0.12000000000000001
            ],
            "goal_quat": [
                0.20485067344799804,
                -0.0,
                -0.0,
                -0.9787932374040503
            ],
            "shape": [
                0.18,
                0.21,
                0.14
            ],
            "start_pos": [
                0.5531748068226869,
                -0.4271851959945089,
                0.12000000000000001
            ],
            "start_quat": [
                0.7312826288107342,
                0.0,
                0.0,
                0.6820745683572009
            ]
        },
        {
            "goal_pos": [
                -0.409100416242018,
                -0.536083339468888,
                0.10500000000000001
            ],
            "goal_quat": [
                0.9829903820891981,
                0.0,
                0.0,
                0.18365704103064565
            ],
            "shape": [
                0.09,
                0.16,
                0.11
            ],
            "start_pos": [
                0.5179420539313709,
                -0.65929939691815,
                0.10500000000000001
            ],
            "start_quat": [
                0.4994067939422034,
                0.0,
                0.0,
                0.8663676206809495
            ]
        }
    ]
}