{
    "objects": [
        {
            "goal_pos": [
                0.42015833062708585,
                -0.8715847643595631,
                0.07500000000000001
            ],
            "goal_quat": [
                0.7285400589567459,
                -0.0,
                -0.0,
                -0.6850031988942105
            ],
            "shape": [
                0.03,
                0.3,
                0.05
            ],
            "start_pos": [
                0.3775124960764289,
                0.33730206434754334,
                0.15100000000000002
            ],
            "start_quat": [
                0.9784191811631207,
                -0.0,
                -0.0,
                -0.20662987666861837
            ]
        },
        {
            "goal_pos": [
                0.8942401225788219,
                -0.5440606719166139,
                0.07500000000000001
            ],
            "goal_quat": [
                0.8891883181352256,
                -0.0,
                -0.0,
                -0.45754140237999097
            ],
            "shape": [
                0.03,
                0.3,
                0.05
            ],
            "start_pos": [
                -0.39599323512847884,
                0.33769114682756035,
                0.551
            ],
            "start_quat": [
                0.08494753678275119,
                -0.0,
                -0.0,
                -0.9963854254225837
            ]
        },
        {
            "goal_pos": [
                -0.1567730800614169,
                -0.8432907125588851,
                0.07500000000000001
            ],
            "goal_quat": [
                0.26958266742891174,
                -0.0,
                -0.0,
                -0.9629772507291711
            ],
            "shape": [
                0.03,
                0.3,
                0.05
            ],
            "start_pos": [
                0.013694050348529649,
                0.26106615827586016,
                0.15100000000000002
            ],
            "start_quat": [
                0.6544860255208284,
                -0.0,
                -0.0,
                -0.7560740984837065
            ]
        }
    ]
}