{
    "objects": [
        {
            "goal_pos": [
                -0.48463328987442333,
                0.6818713113850776,
                0.20500000000000002
            ],
            "goal_quat": [
                0.9941207042815284,
                -0.0,
                -0.0,
                -0.10827753838538223
            ],
            "shape": [
                0.17,
                0.27,
                0.31
            ],
            "start_pos": [
                0.7600304057234166,
                -0.9495439102677511,
                0.20500000000000002
            ],
            "start_quat": [
                0.9536216935133863,
                0.0,
                0.0,
                0.30100775016710285
            ]
        },
        {
            "goal_pos": [
                -0.017097317570978987,
                0.009429776874680412,
                0.24
            ],
            "goal_quat": [
                0.49055921868070407,
                0.0,
                0.0,
                0.8714078568428089
            ],
            "shape": [
                0.31,
                0.14,
                0.38
            ],
            "start_pos": [
                -0.8495265903592526,
                0.6611596093790958,
                0.24
            ],
            "start_quat": [
                0.6912167854142482,
                -0.0,
                -0.0,
                -0.7226474628486514
            ]
        },
        {
            "goal_pos": [
                -1.1812382643179582,
                0.35649221882561855,
                0.13
            ],
            "goal_quat": [
                0.9970218002017325,
                0.0,
                0.0,
                0.0771202303062992
            ],
            "shape": [
                0.24,
                0.31,
                0.16
            ],
            "start_pos": [
                -1.0310622915105006,
                -0.45539211131400315,
                0.13
            ],
            "start_quat": [
                0.4998076290595581,
                0.0,
                0.0,
                0.866136440714662
            ]
        }
    ]
}