{
    "objects": [
        {
            "goal_pos": [
                -0.9294612986106161,
                0.6151935087193643,
                0.135
            ],
            "goal_quat": [
                0.6614054749577469,
                0.0,
                0.0,
                0.7500285312545898
            ],
            "shape": [
                0.18,
                0.05,
                0.17
            ],
            "start_pos": [
                0.4568244139692884,
                -0.8063971916274963,
                0.135
            ],
            "start_quat": [
                0.986183973768109,
                -0.0,
                -0.0,
                -0.16565376507324495
            ]
        },
        {
            "goal_pos": [
                1.2241301271177454,
                0.4276643002594162,
                0.10500000000000001
            ],
            "goal_quat": [
                0.9430508296781783,
                0.0,
                0.0,
                0.3326486624703299
            ],
            "shape": [
                0.11,
                0.16,
                0.11
            ],
            "start_pos": [
                0.26927661435869016,
                0.7729114353004757,
                0.10500000000000001
            ],
            "start_quat": [
                0.179321414896135,
                0.0,
                0.0,
                0.9837905418124573
            ]
        },
        {
            "goal_pos": [
                -0.9765720219527236,
                -0.5287224574024436,
                0.08
            ],
            "goal_quat": [
                0.6280141462257748,
                0.0,
                0.0,
                0.7782019224727675
            ],
            "shape": [
                0.18,
                0.19,
                0.06
            ],
            "start_pos": [
                -0.4043835970594953,
                0.9661293329998698,
                0.08
            ],
            "start_quat": [
                0.9565587493295912,
                -0.0,
                -0.0,
                -0.29153963552321377
            ]
        }
    ]
}