{
    "objects": [
        {
            "goal_pos": [
                -0.8896323554055257,
                -0.5665140203690516,
                0.11
            ],
            "goal_quat": [
                0.9823743244253154,
                0.0,
                0.0,
                0.18692428068580388
            ],
            "shape": [
                0.13,
                0.06,
                0.12
            ],
            "start_pos": [
                0.4815730691410434,
                0.008925742735660658,
                0.11
            ],
            "start_quat": [
                0.8032731232705046,
                -0.0,
                -0.0,
                -0.5956108540240421
            ]
        },
        {
            "goal_pos": [
                0.8819602362616237,
                0.712230552677672,
                0.085
            ],
            "goal_quat": [
                0.6315169115868202,
                -0.0,
                -0.0,
                -0.7753621027493182
            ],
            "shape": [
                0.11,
                0.06,
                0.07
            ],
            "start_pos": [
                0.21983836300932014,
                0.6920933565003666,
                0.085
            ],
            "start_quat": [
                0.8805435655240841,
                -0.0,
                -0.0,
                -0.4739652194139703
            ]
        }
    ]
}