{
    "objects": [
        {
            "goal_pos": [
                -0.7488735433751658,
                -0.8696602284005022,
                0.07500000000000001
            ],
            "goal_quat": [
                0.7978807199726463,
                0.0,
                0.0,
                0.6028153587093908
            ],
            "shape": [
                0.03,
                0.3,
                0.05
            ],
            "start_pos": [
                0.40951553801137863,
                0.32530788281153233,
                0.15100000000000002
            ],
            "start_quat": [
                0.45311863466967883,
                -0.0,
                -0.0,
                -0.8914502245863681
            ]
        },
        {
            "goal_pos": [
                0.33793175825246397,
                -0.9118139492123678,
                0.07500000000000001
            ],
            "goal_quat": [
                0.9751899244442125,
                0.0,
                0.0,
                0.22136985174700527
            ],
            "shape": [
                0.03,
                0.3,
                0.05
            ],
            "start_pos": [
                -0.403282344459381,
                0.2604603340037399,
                0.551
            ],
            "start_quat": [
                0.7801993173026635,
                -0.0,
                -0.0,
                -0.6255309946601031
            ]
        }
    ]
}