{
    "objects": [
        {
            "goal_pos": [
                0.3949204126206267,
                0.32878476403885115,
                0.175
            ],
            "goal_quat": [
                0.20755933295747095,
                0.0,
                0.0,
                0.978222430381889
            ],
            "shape": [
                0.11,
                0.27,
                0.25
            ],
            "start_pos": [
                -0.9493180503451336,
                0.31578752913299146,
                0.175
            ],
            "start_quat": [
                0.9999426563474815,
                0.0,
                0.0,
                0.010709062365235148
            ]
        },
        {
            "goal_pos": [
                -0.8328959867014074,
                0.6024746408212747,
                0.1
            ],
            "goal_quat": [
                0.9450175886697122,
                -0.0,
                -0.0,
                -0.32701950569481736
            ],
            "shape": [
                0.12,
                0.24,
                0.1
            ],
            "start_pos": [
                0.7305523039956452,
                0.275293080957313,
                0.1
            ],
            "start_quat": [
                0.20369488558925283,
                0.0,
                0.0,
                0.9790344189990366
            ]
        }
    ]
}