{
    "objects": [
        {
            "goal_pos": [
                0.24540803104868572,
                -0.9723531908056557,
                0.07500000000000001
            ],
            "goal_quat": [
                0.4336571359999469,
                -0.0,
                -0.0,
                -0.9010779591113766
            ],
            "shape": [
                0.03,
                0.3,
                0.05
            ],
            "start_pos": [
                0.39762776844584596,
                0.3041801842578307,
                0.15100000000000002
            ],
            "start_quat": [
                0.18090081668281355,
                0.0,
                0.0,
                0.9835013444441706
            ]
        },
        {
            "goal_pos": [
                -0.9411272583207793,
                -0.6974594275282506,
                0.07500000000000001
            ],
            "goal_quat": [
                0.7885436783206042,
                -0.0,
                -0.0,
                -0.6149787536009772
            ],
            "shape": [
                0.03,
                0.3,
                0.05
            ],
            "start_pos": [
                -0.40995811995314907,
                0.26560305644992865,
                0.551
            ],
            "start_quat": [
                0.9370696706560399,
                -0.0,
                -0.0,
                -0.34914242414318686
            ]
        },
        {
            "goal_pos": [
                0.9373351338971487,
                -0.698864328637171,
                0.07500000000000001
            ],
            "goal_quat": [
                0.1532636463603558,
                0.0,
                0.0,
                0.9881853341880398
            ],
            "shape": [
                0.03,
                0.3,
                0.05
            ],
            "start_pos": [
                -0.0028795184956609023,
                0.2964984754327241,
                0.15100000000000002
            ],
            "start_quat": [
                0.1582623283590912,
                0.0,
                0.0,
                0.9873971011818696
            ]
        }
    ]
}