{
    "objects": [
        {
            "goal_pos": [
                -0.07255745165829852,
                -0.8642480657519793,
                0.07500000000000001
            ],
            "goal_quat": [
                0.9048346510694939,
                -0.0,
                -0.0,
                -0.42576314333669973
            ],
            "shape": [
                0.03,
                0.3,
                0.05
            ],
            "start_pos": [
                0.421364826474023,
                0.32584471314480234,
                0.15100000000000002
            ],
            "start_quat": [
                0.8606547829340726,
                0.0,
                0.0,
                0.5091889085719605
            ]
        },
        {
            "goal_pos": [
                -0.4517925931617767,
                -0.8454534290079372,
                0.07500000000000001
            ],
            "goal_quat": [
                0.8825496391972091,
                -0.0,
                -0.0,
                -0.4702192407301897
            ],
            "shape": [
                0.03,
                0.3,
                0.05
            ],
            "start_pos": [
                -0.3804240723308326,
                0.2732470009799766,
                0.551
            ],
            "start_quat": [
                0.1275688733946947,
                0.0,
                0.0,
                0.9918297144877282
            ]
        }
    ]
}