{
    "objects": [
        {
            "goal_pos": [
                -0.7624750213789669,
                -0.6008903572249802,
                0.125
            ],
            "goal_quat": [
                0.7008217278848959,
                0.0,
                0.0,
                0.7133364603918889
            ],
            "shape": [
                0.18,
                0.18,
                0.15
            ],
            "start_pos": [
                0.4372897441666484,
                -0.47132157174425193,
                0.125
            ],
            "start_quat": [
                0.5581420091358367,
                -0.0,
                -0.0,
                -0.8297454414685336
            ]
        },
        {
            "goal_pos": [
                0.7445030166036174,
                -0.7174162903543779,
                0.14
            ],
            "goal_quat": [
                0.779409193798261,
                -0.0,
                -0.0,
                -0.6265152102086149
            ],
            "shape": [
                0.16,
                0.34,
                0.18
            ],
            "start_pos": [
                -0.1720187361300311,
                -0.35063334756408704,
                0.14
            ],
            "start_quat": [
                0.9802143373857672,
                0.0,
                0.0,
                0.19793901278773035
            ]
        }
    ]
}