{
    "objects": [
        {
            "goal_pos": [
                -0.3983031547014871,
                -0.7092007274614879,
                0.13
            ],
            "goal_quat": [
                0.9402099957270389,
                0.0,
                0.0,
                0.34059530815171485
            ],
            "shape": [
                0.13,
                0.06,
                0.16
            ],
            "start_pos": [
                0.21329356640700697,
                -0.058154077247288986,
                0.13
            ],
            "start_quat": [
                0.3790257502750802,
                0.0,
                0.0,
                0.9253861251544744
            ]
        },
        {
            "goal_pos": [
                0.49401820152489806,
                1.8170979951280826,
                0.135
            ],
            "goal_quat": [
                0.9837953321490154,
                0.0,
                0.0,
                0.17929513223121424
            ],
            "shape": [
                0.31,
                0.09,
                0.17
            ],
            "start_pos": [
                1.050897748440094,
                1.2067296073819682,
                0.135
            ],
            "start_quat": [
                0.4932456637383428,
                -0.0,
                -0.0,
                -0.8698900592622735
            ]
        },
        {
            "goal_pos": [
                -0.9057720127219562,
                -0.6088413052310653,
                0.16999999999999998
            ],
            "goal_quat": [
                0.6155889527703603,
                0.0,
                0.0,
                0.7880674090628866
            ],
            "shape": [
                0.12,
                0.26,
                0.24
            ],
            "start_pos": [
                0.07389308667732059,
                0.3270172455557846,
                0.16999999999999998
            ],
            "start_quat": [
                0.7593693077244167,
                -0.0,
                -0.0,
                -0.6506598608229497
            ]
        }
    ]
}