{
    "objects": [
        {
            "goal_pos": [
                -0.9255095124866499,
                -0.5965452181977908,
                0.07500000000000001
            ],
            "goal_quat": [
                0.6021319452870116,
                -0.0,
                -0.0,
                -0.7983965934702372
            ],
            "shape": [
                0.03,
                0.3,
                0.05
            ],
            "start_pos": [
                0.38727860117020546,
                0.3081641319177022,
                0.15100000000000002
            ],
            "start_quat": [
                0.6855011636277846,
                0.0,
                0.0,
                0.7280715312831242
            ]
        },
        {
            "goal_pos": [
                -0.5577492658313428,
                -0.8389285322649724,
                0.07500000000000001
            ],
            "goal_quat": [
                0.7478442365657215,
                0.0,
                0.0,
                0.6638742334474452
            ],
            "shape": [
                0.03,
                0.3,
                0.05
            ],
            "start_pos": [
                -0.4224916755183266,
                0.25179126905078514,
                0.551
            ],
            "start_quat": [
                0.4960861914628961,
                0.0,
                0.0,
                0.8682732810813879
            ]
        }
    ]
}