{
    "objects": [
        {
            "goal_pos": [
                1.2282287164673895,
                -0.5386708060943438,
                0.08
            ],
            "goal_quat": [
                0.2080064958459685,
                -0.0,
                -0.0,
                -0.9781274445009102
            ],
            "shape": [
                0.07,
                0.13,
                0.06
            ],
            "start_pos": [
                0.03959206569592144,
                0.08422303534570508,
                0.08
            ],
            "start_quat": [
                0.20136253152294978,
                0.0,
                0.0,
                0.9795167843884397
            ]
        },
        {
            "goal_pos": [
                -1.0314180617495115,
                0.433909213508375,
                0.15000000000000002
            ],
            "goal_quat": [
                0.9977081027934572,
                0.0,
                0.0,
                0.06766492163802654
            ],
            "shape": [
                0.1,
                0.05,
                0.2
            ],
            "start_pos": [
                0.1330340421277944,
                -0.2752403259467303,
                0.15000000000000002
            ],
            "start_quat": [
                0.8054052100314466,
                0.0,
                0.0,
                0.592724596802091
            ]
        }
    ]
}