{
    "objects": [
        {
            "goal_pos": [
                -0.08510135906905358,
                -0.45056934630740786,
                0.14500000000000002
            ],
            "goal_quat": [
                0.05392817476180625,
                -0.0,
                -0.0,
                -0.9985448172049465
            ],
            "shape": [
                0.17,
                0.15,
                0.19
            ],
            "start_pos": [
                -0.6019877748027405,
                -0.5899540467408315,
                0.14500000000000002
            ],
            "start_quat": [
                0.9914965539446327,
                0.0,
                0.0,
                0.13013294554384824
            ]
        },
        {
            "goal_pos": [
                0.22051637030412355,
                -0.3583157127878336,
                0.11
            ],
            "goal_quat": [
                0.9190829427061388,
                0.0,
                0.0,
                0.39406413745306046
            ],
            "shape": [
                0.35000000000000003,
                0.05,
                0.12
            ],
            "start_pos": [
                0.6387702025223085,
                -0.6673695586384272,
                0.11
            ],
            "start_quat": [
                0.8980150127009682,
                0.0,
                0.0,
                0.43996481332452014
            ]
        }
    ]
}