{
    "objects": [
        {
            "goal_pos": [
                0.897832700869992,
                -0.5931567891640614,
                0.07500000000000001
            ],
            "goal_quat": [
                0.7787491718470666,
                -0.0,
                -0.0,
                -0.6273354185342224
            ],
            "shape": [
                0.03,
                0.3,
                0.05
            ],
            "start_pos": [
                0.4090852420877337,
                0.2656809147529413,
                0.15100000000000002
            ],
            "start_quat": [
                0.9937383238264403,
                -0.0,
                -0.0,
                -0.11173246510579092
            ]
        },
        {
            "goal_pos": [
                -0.46204977427686994,
                -0.9733571801363565,
                0.07500000000000001
            ],
            "goal_quat": [
                0.3135868176697335,
                -0.0,
                -0.0,
                -0.9495595335647836
            ],
            "shape": [
                0.03,
                0.3,
                0.05
            ],
            "start_pos": [
                -0.42018906120562177,
                0.3080875854729587,
                0.551
            ],
            "start_quat": [
                0.8444190536876681,
                -0.0,
                -0.0,
                -0.5356831729382799
            ]
        },
        {
            "goal_pos": [
                -0.15682765902354673,
                -0.9151872630415787,
                0.07500000000000001
            ],
            "goal_quat": [
                0.013438829043798962,
                0.0,
                0.0,
                0.9999096948594566
            ],
            "shape": [
                0.03,
                0.3,
                0.05
            ],
            "start_pos": [
                0.0025774952090718214,
                0.31492547145999944,
                0.15100000000000002
            ],
            "start_quat": [
                0.9829074323925185,
                -0.0,
                -0.0,
                -0.18410045993301197
            ]
        },
        {
            "goal_pos": [
                -0.9361283089546288,
                -0.3698024153093189,
                0.07500000000000001
            ],
            "goal_quat": [
                0.9005852372803325,
                -0.0,
                -0.0,
                -0.43467945706316435
            ],
            "shape": [
                0.03,
                0.3,
                0.05
            ],
            "start_pos": [
                0.014813276029969458,
                0.29073685859867915,
                0.551
            ],
            "start_quat": [
                0.9761900615883136,
                -0.0,
                -0.0,
                -0.21691695105778278
            ]
        }
    ]
}