{
    "objects": [
        {
            "goal_pos": [
                1.09851561633843,
                0.10119339115647569,
                0.14500000000000002
            ],
            "goal_quat": [
                0.011187445160356904,
                0.0,
                0.0,
                0.9999374185771748
            ],
            "shape": [
                0.16,
                0.19,
                0.19
            ],
            "start_pos": [
                0.20037843738941458,
                -0.680316884283461,
                0.14500000000000002
            ],
            "start_quat": [
                0.0603582580745015,
                0.0,
                0.0,
                0.998176778272372
            ]
        },
        {
            "goal_pos": [
                -0.8269608048954322,
                -0.7196225912911898,
                0.135
            ],
            "goal_quat": [
                0.26640293082911476,
                0.0,
                0.0,
                0.9638617527662657
            ],
            "shape": [
                0.18,
                0.09,
                0.17
            ],
            "start_pos": [
                -0.2383666108309448,
                -0.8372607541713132,
                0.135
            ],
            "start_quat": [
                0.975396366051125,
                0.0,
                0.0,
                0.22045845208170117
            ]
        },
        {
            "goal_pos": [
                -0.8341146117147751,
                -1.0640514300552852,
                0.13
            ],
            "goal_quat": [
                0.8766705977642771,
                -0.0,
                -0.0,
                -0.4810911171655791
            ],
            "shape": [
                0.12,
                0.13,
                0.16
            ],
            "start_pos": [
                -0.519205479737462,
                0.9390039367581678,
                0.13
            ],
            "start_quat": [
                0.967270045117341,
                -0.0,
                -0.0,
                -0.2537492065380641
            ]
        }
    ]
}