{
    "objects": [
        {
            "goal_pos": [
                0.12550374117137547,
                -0.883972869617127,
                0.07500000000000001
            ],
            "goal_quat": [
                0.6524697946187268,
                0.0,
                0.0,
                0.7578147313890093
            ],
            "shape": [
                0.03,
                0.3,
                0.05
            ],
            "start_pos": [
                0.4220236523244658,
                0.3231481174314645,
                0.15100000000000002
            ],
            "start_quat": [
                0.9577497702652326,
                0.0,
                0.0,
                0.28760281215053213
            ]
        },
        {
            "goal_pos": [
                0.6843442466369056,
                -0.8902076687663047,
                0.07500000000000001
            ],
            "goal_quat": [
                0.8897400196486799,
                0.0,
                0.0,
                0.4564676302166088
            ],
            "shape": [
                0.03,
                0.3,
                0.05
            ],
            "start_pos": [
                -0.4107854231652587,
                0.2873560251154512,
                0.551
            ],
            "start_quat": [
                0.9927377611486645,
                -0.0,
                -0.0,
                -0.12029853527594266
            ]
        },
        {
            "goal_pos": [
                1.0522510983875368,
                -0.4669800539735326,
                0.07500000000000001
            ],
            "goal_quat": [
                0.99752514275596,
                -0.0,
                -0.0,
                -0.07031066469392455
            ],
            "shape": [
                0.03,
                0.3,
                0.05
            ],
            "start_pos": [
                -0.019578125252522116,
                0.3232226858158737,
                0.15100000000000002
            ],
            "start_quat": [
                0.18154339918431883,
                -0.0,
                -0.0,
                -0.9833829336594179
            ]
        },
        {
            "goal_pos": [
                -0.4517123813217049,
                -0.8925224092311312,
                0.07500000000000001
            ],
            "goal_quat": [
                0.7150920500240926,
                0.0,
                0.0,
                0.6990302997669992
            ],
            "shape": [
                0.03,
                0.3,
                0.05
            ],
            "start_pos": [
                0.022288489965848444,
                0.31329790784469325,
                0.551
            ],
            "start_quat": [
                0.16323531271723252,
                0.0,
                0.0,
                0.9865871642597562
            ]
        }
    ]
}