{
    "robots": [
        {
            "base_pos": [
                -0.4670381805096475,
                -0.5667422208228747,
                0.0
            ],
            "base_quat": [
                1.0,
                0.0,
                0.0,
                0.0
            ],
            "home_pose": [
                0.0,
                0.5,
                -1.2,
                0.0,
                1.57,
                1.57
            ],
            "start_pose": [
                0.0,
                0.5,
                -1.2,
                0.0,
                1.57,
                1.57
            ],
            "type": "ur5_vacuum"
        },
        {
            "base_pos": [
                0.7021888094827153,
                0.2201649272891093,
                0.0
            ],
            "base_quat": [
                6.123233995736766e-17,
                0.0,
                0.0,
                1.0
            ],
            "home_pose": [
                0.0,
                0.5,
                -1.2,
                0.0,
                1.57,
                1.57
            ],
            "start_pose": [
                0.0,
                0.5,
                -1.2,
                0.0,
                1.57,
                1.57
            ],
            "type": "ur5_vacuum"
        },
        {
            "base_pos": [
                -0.23515062897306782,
                0.34657729353376543,
                0.0
            ],
            "base_quat": [
                1.0,
                0.0,
                0.0,
                0.0
            ],
            "home_pose": [
                0.0,
                0.5,
                -1.2,
                0.0,
                1.57,
                1.57
            ],
            "start_pose": [
                0.0,
                0.5,
                -1.2,
                0.0,
                1.57,
                1.57
            ],
            "type": "ur5_vacuum"
        }
    ]
}