{
    "objects": [
        {
            "goal_pos": [
                0.9780532586834838,
                -0.4659383097043933,
                0.07500000000000001
            ],
            "goal_quat": [
                0.6898553131672464,
                -0.0,
                -0.0,
                -0.7239472680347102
            ],
            "shape": [
                0.03,
                0.3,
                0.05
            ],
            "start_pos": [
                0.39915985106033364,
                0.2884737264579754,
                0.15100000000000002
            ],
            "start_quat": [
                0.6686897695638492,
                0.0,
                0.0,
                0.7435415200784999
            ]
        },
        {
            "goal_pos": [
                -0.3942426963348872,
                -0.9434996913768756,
                0.07500000000000001
            ],
            "goal_quat": [
                0.44786542256673906,
                -0.0,
                -0.0,
                -0.894100980465359
            ],
            "shape": [
                0.03,
                0.3,
                0.05
            ],
            "start_pos": [
                -0.39082217254036844,
                0.3205709082262923,
                0.551
            ],
            "start_quat": [
                0.4723392336004362,
                0.0,
                0.0,
                0.8814168414557056
            ]
        },
        {
            "goal_pos": [
                0.2566116018503107,
                -0.9528896888723399,
                0.07500000000000001
            ],
            "goal_quat": [
                0.02265297699867419,
                0.0,
                0.0,
                0.99974338839179
            ],
            "shape": [
                0.03,
                0.3,
                0.05
            ],
            "start_pos": [
                0.018684682845630546,
                0.2981331338935211,
                0.15100000000000002
            ],
            "start_quat": [
                0.9490674496220408,
                0.0,
                0.0,
                0.31507296943393137
            ]
        },
        {
            "goal_pos": [
                -0.0832124127243718,
                -0.8740408200969441,
                0.07500000000000001
            ],
            "goal_quat": [
                0.8591857810310117,
                0.0,
                0.0,
                0.511663750596161
            ],
            "shape": [
                0.03,
                0.3,
                0.05
            ],
            "start_pos": [
                0.003597511524486119,
                0.3238314377489273,
                0.551
            ],
            "start_quat": [
                0.7285437029656832,
                -0.0,
                -0.0,
                -0.6849993232617464
            ]
        }
    ]
}