{
    "objects": [
        {
            "goal_pos": [
                0.9855779492522143,
                -0.3279054736899155,
                0.14
            ],
            "goal_quat": [
                0.06288557782208211,
                0.0,
                0.0,
                0.9980207433224937
            ],
            "shape": [
                0.12,
                0.07,
                0.18
            ],
            "start_pos": [
                0.17311120933080293,
                0.3962008199630401,
                0.14
            ],
            "start_quat": [
                0.6146741785091082,
                0.0,
                0.0,
                0.7887811193697228
            ]
        }
    ]
}