{
    "objects": [
        {
            "goal_pos": [
                -0.6819287594521066,
                -0.8710095880361346,
                0.07500000000000001
            ],
            "goal_quat": [
                0.2025103475042064,
                -0.0,
                -0.0,
                -0.9792801229238371
            ],
            "shape": [
                0.03,
                0.3,
                0.05
            ],
            "start_pos": [
                0.40406611637397927,
                0.2691899153011043,
                0.15100000000000002
            ],
            "start_quat": [
                0.28669437100791373,
                -0.0,
                -0.0,
                -0.9580220966305405
            ]
        },
        {
            "goal_pos": [
                0.24484291100749314,
                -0.8351379872126024,
                0.07500000000000001
            ],
            "goal_quat": [
                0.5401718903866439,
                0.0,
                0.0,
                0.8415547093541332
            ],
            "shape": [
                0.03,
                0.3,
                0.05
            ],
            "start_pos": [
                -0.41354133601349996,
                0.29978326320364823,
                0.551
            ],
            "start_quat": [
                0.869853430608017,
                0.0,
                0.0,
                0.493310256592607
            ]
        },
        {
            "goal_pos": [
                1.00627725442205,
                -0.3599652558626014,
                0.07500000000000001
            ],
            "goal_quat": [
                0.9997255211293126,
                0.0,
                0.0,
                0.02342823942861291
            ],
            "shape": [
                0.03,
                0.3,
                0.05
            ],
            "start_pos": [
                0.00018138066624006147,
                0.2798078665864091,
                0.15100000000000002
            ],
            "start_quat": [
                0.869562891025842,
                -0.0,
                -0.0,
                -0.49382221350479927
            ]
        },
        {
            "goal_pos": [
                -0.9256858494319524,
                -0.5713421772118679,
                0.07500000000000001
            ],
            "goal_quat": [
                0.5863739430112355,
                0.0,
                0.0,
                0.8100404921715064
            ],
            "shape": [
                0.03,
                0.3,
                0.05
            ],
            "start_pos": [
                -0.017781560018113405,
                0.33941532082708414,
                0.551
            ],
            "start_quat": [
                0.15760710954881063,
                -0.0,
                -0.0,
                -0.9875018982359828
            ]
        }
    ]
}