{
    "objects": [
        {
            "goal_pos": [
                -0.5627129982138985,
                -0.46662280432572467,
                0.25
            ],
            "goal_quat": [
                0.9928556082966565,
                -0.0,
                -0.0,
                -0.11932200582405662
            ],
            "shape": [
                0.17,
                0.34,
                0.4
            ],
            "start_pos": [
                0.3643994945498146,
                -0.3623836554742659,
                0.25
            ],
            "start_quat": [
                0.34264592134877286,
                0.0,
                0.0,
                0.9394646201869714
            ]
        },
        {
            "goal_pos": [
                0.12175077057880385,
                -0.40966502684048267,
                0.165
            ],
            "goal_quat": [
                0.8662304928665159,
                -0.0,
                -0.0,
                -0.4996446069239945
            ],
            "shape": [
                0.09,
                0.07,
                0.23
            ],
            "start_pos": [
                0.5559947065808202,
                -0.685930160966401,
                0.165
            ],
            "start_quat": [
                0.8536990749270539,
                0.0,
                0.0,
                0.5207666362860551
            ]
        }
    ]
}