{
    "objects": [
        {
            "goal_pos": [
                0.07736916787840897,
                -0.7444418484768456,
                0.07500000000000001
            ],
            "goal_quat": [
                0.4721626564352139,
                -0.0,
                -0.0,
                -0.8815114439801914
            ],
            "shape": [
                0.03,
                0.3,
                0.05
            ],
            "start_pos": [
                0.38840164013938344,
                0.31327753330525965,
                0.15100000000000002
            ],
            "start_quat": [
                0.8893162323834286,
                -0.0,
                -0.0,
                -0.4572927277131615
            ]
        },
        {
            "goal_pos": [
                0.8665434132391134,
                -0.6089528419791463,
                0.07500000000000001
            ],
            "goal_quat": [
                0.7393005931800368,
                -0.0,
                -0.0,
                -0.6733755511775326
            ],
            "shape": [
                0.03,
                0.3,
                0.05
            ],
            "start_pos": [
                -0.40672093140883386,
                0.301753956272495,
                0.551
            ],
            "start_quat": [
                0.9618929052636479,
                0.0,
                0.0,
                0.27342647787560526
            ]
        },
        {
            "goal_pos": [
                -0.9268083492584749,
                -0.4995656026483293,
                0.07500000000000001
            ],
            "goal_quat": [
                0.9570831212597813,
                -0.0,
                -0.0,
                -0.28981355903344935
            ],
            "shape": [
                0.03,
                0.3,
                0.05
            ],
            "start_pos": [
                0.01544314077046547,
                0.2743231821876463,
                0.15100000000000002
            ],
            "start_quat": [
                0.011838348135028423,
                -0.0,
                -0.0,
                -0.9999299243014151
            ]
        }
    ]
}