{
    "objects": [
        {
            "goal_pos": [
                -0.12524176536286225,
                -1.5184799316291857,
                0.22000000000000003
            ],
            "goal_quat": [
                0.7295363503048643,
                -0.0,
                -0.0,
                -0.6839420396377593
            ],
            "shape": [
                0.23,
                0.05,
                0.34
            ],
            "start_pos": [
                -1.0594851158572638,
                -0.4885731981787939,
                0.22000000000000003
            ],
            "start_quat": [
                0.8042565160665591,
                0.0,
                0.0,
                0.5942823035935704
            ]
        },
        {
            "goal_pos": [
                -0.17360058620166763,
                0.5401686803287491,
                0.16999999999999998
            ],
            "goal_quat": [
                0.40547195960798627,
                -0.0,
                -0.0,
                -0.9141074827238095
            ],
            "shape": [
                0.37,
                0.08,
                0.24
            ],
            "start_pos": [
                0.09321586829407846,
                -1.176856633332593,
                0.16999999999999998
            ],
            "start_quat": [
                0.9570488967597005,
                0.0,
                0.0,
                0.28992655830578923
            ]
        }
    ]
}