{
    "objects": [
        {
            "goal_pos": [
                0.18515276967405347,
                -0.3752254075598579,
                0.16999999999999998
            ],
            "goal_quat": [
                0.8921918824801301,
                0.0,
                0.0,
                0.45165655628647927
            ],
            "shape": [
                0.08,
                0.35000000000000003,
                0.24
            ],
            "start_pos": [
                -0.6110771969935651,
                -0.500794633455464,
                0.16999999999999998
            ],
            "start_quat": [
                0.801649485984847,
                0.0,
                0.0,
                0.5977943639916913
            ]
        }
    ]
}