{
    "objects": [
        {
            "goal_pos": [
                -0.289246516181424,
                -0.3517016161566927,
                0.25
            ],
            "goal_quat": [
                0.6942006796146359,
                0.0,
                0.0,
                0.7197815060298351
            ],
            "shape": [
                0.26,
                0.31,
                0.4
            ],
            "start_pos": [
                0.4881622207176891,
                -0.4432202824522311,
                0.25
            ],
            "start_quat": [
                0.9988424453511011,
                0.0,
                0.0,
                0.04810165657264459
            ]
        }
    ]
}