{
    "objects": [
        {
            "goal_pos": [
                1.3350196497170321,
                0.5018502354110734,
                0.08
            ],
            "goal_quat": [
                0.025565293046676953,
                -0.0,
                -0.0,
                -0.9996731544817223
            ],
            "shape": [
                0.25,
                0.12,
                0.06
            ],
            "start_pos": [
                0.7350065425280815,
                0.14194395246005564,
                0.08
            ],
            "start_quat": [
                0.13711083840233304,
                0.0,
                0.0,
                0.9905557117056109
            ]
        },
        {
            "goal_pos": [
                -1.0633833730686642,
                -0.881368664988995,
                0.08
            ],
            "goal_quat": [
                0.9999426610840825,
                -0.0,
                -0.0,
                -0.010708620083081904
            ],
            "shape": [
                0.05,
                0.39,
                0.06
            ],
            "start_pos": [
                1.117028692482364,
                1.0898350814645987,
                0.08
            ],
            "start_quat": [
                0.5350587267149195,
                0.0,
                0.0,
                0.844814866681576
            ]
        },
        {
            "goal_pos": [
                0.42779497769403374,
                0.16371331647816084,
                0.11
            ],
            "goal_quat": [
                0.8877772291044782,
                -0.0,
                -0.0,
                -0.46027338776381027
            ],
            "shape": [
                0.07,
                0.22,
                0.12
            ],
            "start_pos": [
                0.6281936855895124,
                -0.5644294128058627,
                0.11
            ],
            "start_quat": [
                0.9849404088850412,
                0.0,
                0.0,
                0.17289416110837252
            ]
        }
    ]
}