{
    "objects": [
        {
            "goal_pos": [
                0.8352374891787192,
                -0.7528010383775794,
                0.07500000000000001
            ],
            "goal_quat": [
                0.9984855536023506,
                0.0,
                0.0,
                0.055014536691745726
            ],
            "shape": [
                0.03,
                0.3,
                0.05
            ],
            "start_pos": [
                0.3905131560268125,
                0.2684202528911589,
                0.15100000000000002
            ],
            "start_quat": [
                0.9945736510309794,
                -0.0,
                -0.0,
                -0.10403486278602812
            ]
        },
        {
            "goal_pos": [
                -0.06410377983691679,
                -0.7555416567003614,
                0.07500000000000001
            ],
            "goal_quat": [
                0.0872656054461898,
                0.0,
                0.0,
                0.9961850802466928
            ],
            "shape": [
                0.03,
                0.3,
                0.05
            ],
            "start_pos": [
                -0.3864083284790897,
                0.33680690138546726,
                0.551
            ],
            "start_quat": [
                0.4567751353065433,
                0.0,
                0.0,
                0.8895821916864619
            ]
        },
        {
            "goal_pos": [
                -1.0429295137087344,
                -0.48820710806007706,
                0.07500000000000001
            ],
            "goal_quat": [
                0.9967022384406846,
                0.0,
                0.0,
                0.08114584331516038
            ],
            "shape": [
                0.03,
                0.3,
                0.05
            ],
            "start_pos": [
                0.01079152736902158,
                0.27316557355342796,
                0.15100000000000002
            ],
            "start_quat": [
                0.9991052291984005,
                -0.0,
                -0.0,
                -0.04229351000344746
            ]
        },
        {
            "goal_pos": [
                0.3981505161721564,
                -0.8951403984489599,
                0.07500000000000001
            ],
            "goal_quat": [
                0.6158979508239331,
                0.0,
                0.0,
                0.7878259415447553
            ],
            "shape": [
                0.03,
                0.3,
                0.05
            ],
            "start_pos": [
                -0.00864135892295944,
                0.308247413025191,
                0.551
            ],
            "start_quat": [
                0.49786995362881153,
                0.0,
                0.0,
                0.8672516989165516
            ]
        }
    ]
}