{
    "objects": [
        {
            "goal_pos": [
                0.4049316889597982,
                -0.9292138558605201,
                0.07500000000000001
            ],
            "goal_quat": [
                0.3533289038886667,
                0.0,
                0.0,
                0.9354991639102802
            ],
            "shape": [
                0.03,
                0.3,
                0.05
            ],
            "start_pos": [
                0.4056440624531545,
                0.323809889087898,
                0.15100000000000002
            ],
            "start_quat": [
                0.8196948213664201,
                -0.0,
                -0.0,
                -0.5728004886739121
            ]
        },
        {
            "goal_pos": [
                0.9539644166776207,
                -0.5856096190002316,
                0.07500000000000001
            ],
            "goal_quat": [
                0.9144356327508761,
                -0.0,
                -0.0,
                -0.40473135973816593
            ],
            "shape": [
                0.03,
                0.3,
                0.05
            ],
            "start_pos": [
                -0.39283105633421345,
                0.3280831640357637,
                0.551
            ],
            "start_quat": [
                0.6590361674564461,
                0.0,
                0.0,
                0.7521112484096479
            ]
        }
    ]
}