{
    "objects": [
        {
            "goal_pos": [
                -0.37133675212521045,
                -0.5716519757185556,
                0.115
            ],
            "goal_quat": [
                0.24016214246396736,
                0.0,
                0.0,
                0.9707327878088372
            ],
            "shape": [
                0.21,
                0.11,
                0.13
            ],
            "start_pos": [
                0.78569905959989,
                -0.6766779599537829,
                0.115
            ],
            "start_quat": [
                0.9697933951765483,
                0.0,
                0.0,
                0.2439277980713623
            ]
        },
        {
            "goal_pos": [
                -0.6753975878398969,
                -0.6237386556287268,
                0.135
            ],
            "goal_quat": [
                0.9185108766239165,
                0.0,
                0.0,
                0.39539571257610334
            ],
            "shape": [
                0.09,
                0.32,
                0.17
            ],
            "start_pos": [
                0.14430098407083927,
                -0.40727814707842336,
                0.135
            ],
            "start_quat": [
                0.9642411203381444,
                0.0,
                0.0,
                0.2650265304625939
            ]
        }
    ]
}