{
    "objects": [
        {
            "goal_pos": [
                0.9884304590958389,
                -0.47360448019553003,
                0.07500000000000001
            ],
            "goal_quat": [
                0.07690219774108349,
                0.0,
                0.0,
                0.9970386411682304
            ],
            "shape": [
                0.03,
                0.3,
                0.05
            ],
            "start_pos": [
                0.39869940677437365,
                0.2554355069013791,
                0.15100000000000002
            ],
            "start_quat": [
                0.8434827057437982,
                -0.0,
                -0.0,
                -0.5371563320962726
            ]
        },
        {
            "goal_pos": [
                -1.028920034153571,
                -0.5516208329749557,
                0.07500000000000001
            ],
            "goal_quat": [
                0.6398092611953506,
                0.0,
                0.0,
                0.7685337398505413
            ],
            "shape": [
                0.03,
                0.3,
                0.05
            ],
            "start_pos": [
                -0.3926456593329033,
                0.33450983099248777,
                0.551
            ],
            "start_quat": [
                0.9722959061502447,
                -0.0,
                -0.0,
                -0.23375344036714082
            ]
        },
        {
            "goal_pos": [
                -0.7577508825149566,
                -0.691056326626907,
                0.07500000000000001
            ],
            "goal_quat": [
                0.1458739257296968,
                0.0,
                0.0,
                0.9893031880026502
            ],
            "shape": [
                0.03,
                0.3,
                0.05
            ],
            "start_pos": [
                0.0185460713355024,
                0.2629732065953635,
                0.15100000000000002
            ],
            "start_quat": [
                0.5782713717867166,
                0.0,
                0.0,
                0.8158444830798999
            ]
        }
    ]
}