{
    "objects": [
        {
            "goal_pos": [
                0.9434673240958913,
                0.9263583452561928,
                0.08
            ],
            "goal_quat": [
                0.5297962157368135,
                -0.0,
                -0.0,
                -0.84812497297919
            ],
            "shape": [
                0.12,
                0.16,
                0.06
            ],
            "start_pos": [
                -0.11030477517606868,
                -0.807359715889236,
                0.08
            ],
            "start_quat": [
                0.23105797712571302,
                -0.0,
                -0.0,
                -0.9729399833528137
            ]
        },
        {
            "goal_pos": [
                1.039142325685969,
                0.3896139753487987,
                0.135
            ],
            "goal_quat": [
                0.9400587399386598,
                -0.0,
                -0.0,
                -0.3410125591014782
            ],
            "shape": [
                0.18,
                0.11,
                0.17
            ],
            "start_pos": [
                0.03708077025330725,
                -0.3261976940049205,
                0.135
            ],
            "start_quat": [
                0.471040603690315,
                0.0,
                0.0,
                0.8821115290455417
            ]
        }
    ]
}