{
    "objects": [
        {
            "goal_pos": [
                0.5025054280169271,
                -0.8214966295858157,
                0.07500000000000001
            ],
            "goal_quat": [
                0.4011569437089421,
                0.0,
                0.0,
                0.9160093375692743
            ],
            "shape": [
                0.03,
                0.3,
                0.05
            ],
            "start_pos": [
                0.3974475732837315,
                0.3380777439978172,
                0.15100000000000002
            ],
            "start_quat": [
                0.8083777350166255,
                0.0,
                0.0,
                0.5886641126562672
            ]
        },
        {
            "goal_pos": [
                -0.998887179789692,
                -0.6599748810469896,
                0.07500000000000001
            ],
            "goal_quat": [
                0.3238430650730977,
                -0.0,
                -0.0,
                -0.9461108123280599
            ],
            "shape": [
                0.03,
                0.3,
                0.05
            ],
            "start_pos": [
                -0.40835092147403207,
                0.2709950197165614,
                0.551
            ],
            "start_quat": [
                0.9946991567363653,
                0.0,
                0.0,
                0.10282795139437378
            ]
        },
        {
            "goal_pos": [
                0.09819816946204607,
                -0.7540677074153992,
                0.07500000000000001
            ],
            "goal_quat": [
                0.32815126067699874,
                0.0,
                0.0,
                0.9446251902824191
            ],
            "shape": [
                0.03,
                0.3,
                0.05
            ],
            "start_pos": [
                -0.01198883423071956,
                0.3450423564681709,
                0.15100000000000002
            ],
            "start_quat": [
                0.0847294690187151,
                0.0,
                0.0,
                0.9964039929063947
            ]
        }
    ]
}