{
    "objects": [
        {
            "goal_pos": [
                0.7404822565226612,
                -0.8588429076939905,
                0.07500000000000001
            ],
            "goal_quat": [
                0.7995829372479903,
                -0.0,
                -0.0,
                -0.6005556814000483
            ],
            "shape": [
                0.03,
                0.3,
                0.05
            ],
            "start_pos": [
                0.41156681235205017,
                0.3032777159645049,
                0.15100000000000002
            ],
            "start_quat": [
                0.5830921879560005,
                -0.0,
                -0.0,
                -0.8124059947739704
            ]
        },
        {
            "goal_pos": [
                0.9736862792258131,
                -0.6623317788070293,
                0.07500000000000001
            ],
            "goal_quat": [
                0.22890614625119945,
                -0.0,
                -0.0,
                -0.9734484969470262
            ],
            "shape": [
                0.03,
                0.3,
                0.05
            ],
            "start_pos": [
                -0.3757970302146064,
                0.30714206631906016,
                0.551
            ],
            "start_quat": [
                0.8416360376049794,
                0.0,
                0.0,
                0.5400451649673291
            ]
        },
        {
            "goal_pos": [
                0.3637533962918842,
                -0.9928205403808332,
                0.07500000000000001
            ],
            "goal_quat": [
                0.045371671960827885,
                0.0,
                0.0,
                0.9989701754224092
            ],
            "shape": [
                0.03,
                0.3,
                0.05
            ],
            "start_pos": [
                0.023562235688478657,
                0.2932338386076052,
                0.15100000000000002
            ],
            "start_quat": [
                0.5628327583821374,
                -0.0,
                -0.0,
                -0.8265707992011057
            ]
        },
        {
            "goal_pos": [
                -1.0437149048291263,
                -0.49831146788905856,
                0.07500000000000001
            ],
            "goal_quat": [
                0.5271362833341017,
                0.0,
                0.0,
                0.849780759250708
            ],
            "shape": [
                0.03,
                0.3,
                0.05
            ],
            "start_pos": [
                0.014269776999127425,
                0.3183995625660858,
                0.551
            ],
            "start_quat": [
                0.9543379611857237,
                -0.0,
                -0.0,
                -0.29872906761792717
            ]
        }
    ]
}