{
    "objects": [
        {
            "goal_pos": [
                0.8962114933439468,
                -0.5033463361507248,
                0.07500000000000001
            ],
            "goal_quat": [
                0.33638279733546933,
                -0.0,
                -0.0,
                -0.9417253387568822
            ],
            "shape": [
                0.03,
                0.3,
                0.05
            ],
            "start_pos": [
                0.3935811583323447,
                0.27904420656386797,
                0.15100000000000002
            ],
            "start_quat": [
                0.4314736476476768,
                -0.0,
                -0.0,
                -0.9021255408121468
            ]
        },
        {
            "goal_pos": [
                0.35408209494737247,
                -0.8832406334097707,
                0.07500000000000001
            ],
            "goal_quat": [
                0.9583603543479914,
                0.0,
                0.0,
                0.2855616066875806
            ],
            "shape": [
                0.03,
                0.3,
                0.05
            ],
            "start_pos": [
                -0.3865656590941138,
                0.2735676619750337,
                0.551
            ],
            "start_quat": [
                0.9731409556523357,
                0.0,
                0.0,
                0.230210078910674
            ]
        },
        {
            "goal_pos": [
                -0.7977848240457278,
                -0.6688503347064553,
                0.07500000000000001
            ],
            "goal_quat": [
                0.6520267630741853,
                -0.0,
                -0.0,
                -0.7581959510805899
            ],
            "shape": [
                0.03,
                0.3,
                0.05
            ],
            "start_pos": [
                0.007576609776193455,
                0.26223228120338465,
                0.15100000000000002
            ],
            "start_quat": [
                0.703793388888811,
                -0.0,
                -0.0,
                -0.7104047196889973
            ]
        },
        {
            "goal_pos": [
                0.7030738804833315,
                -0.7744057857729919,
                0.07500000000000001
            ],
            "goal_quat": [
                0.10453108719194718,
                -0.0,
                -0.0,
                -0.9945216195792174
            ],
            "shape": [
                0.03,
                0.3,
                0.05
            ],
            "start_pos": [
                0.005537937871449489,
                0.3067006357387071,
                0.551
            ],
            "start_quat": [
                0.5059396681995876,
                0.0,
                0.0,
                0.8625688680575547
            ]
        }
    ]
}