{
    "objects": [
        {
            "goal_pos": [
                0.8662252948037801,
                -0.6371047112630731,
                0.07500000000000001
            ],
            "goal_quat": [
                0.8390945832896237,
                0.0,
                0.0,
                0.5439855515489476
            ],
            "shape": [
                0.03,
                0.3,
                0.05
            ],
            "start_pos": [
                0.4180438355551053,
                0.34163502408197766,
                0.15100000000000002
            ],
            "start_quat": [
                0.31355660294290155,
                0.0,
                0.0,
                0.9495695112791415
            ]
        },
        {
            "goal_pos": [
                -0.49914726591717545,
                -0.9634157142675854,
                0.07500000000000001
            ],
            "goal_quat": [
                0.9923237776872602,
                -0.0,
                -0.0,
                -0.12366697310310822
            ],
            "shape": [
                0.03,
                0.3,
                0.05
            ],
            "start_pos": [
                -0.396606462600809,
                0.2703271918365018,
                0.551
            ],
            "start_quat": [
                0.8812348521902418,
                -0.0,
                -0.0,
                -0.47267868080255404
            ]
        },
        {
            "goal_pos": [
                -0.043690798717838264,
                -0.8502507045195284,
                0.07500000000000001
            ],
            "goal_quat": [
                0.9996900791897002,
                -0.0,
                -0.0,
                -0.024894689588163783
            ],
            "shape": [
                0.03,
                0.3,
                0.05
            ],
            "start_pos": [
                -0.018025014492646516,
                0.3264974341891173,
                0.15100000000000002
            ],
            "start_quat": [
                0.244283515516406,
                0.0,
                0.0,
                0.9697038537857555
            ]
        }
    ]
}