{
    "objects": [
        {
            "goal_pos": [
                -1.1493580984346456,
                -0.6023623501153081,
                0.13
            ],
            "goal_quat": [
                0.8695958444682381,
                -0.0,
                -0.0,
                -0.49376418185564225
            ],
            "shape": [
                0.12,
                0.05,
                0.16
            ],
            "start_pos": [
                0.1305630367268632,
                -0.18772539639472663,
                0.13
            ],
            "start_quat": [
                0.7538917355977883,
                0.0,
                0.0,
                0.6569986689464099
            ]
        },
        {
            "goal_pos": [
                -0.9216937505221728,
                -1.041577277936018,
                0.08
            ],
            "goal_quat": [
                0.8114339835148281,
                -0.0,
                -0.0,
                -0.584444086630413
            ],
            "shape": [
                0.09,
                0.09,
                0.06
            ],
            "start_pos": [
                0.47245523306918136,
                0.7379755751328386,
                0.08
            ],
            "start_quat": [
                0.9453883852794319,
                0.0,
                0.0,
                0.3259460093002343
            ]
        }
    ]
}