{
    "objects": [
        {
            "goal_pos": [
                -1.1196046982682184,
                0.5636937637683718,
                0.09
            ],
            "goal_quat": [
                0.8123834649276921,
                0.0,
                0.0,
                0.5831235768789298
            ],
            "shape": [
                0.12,
                0.1,
                0.08
            ],
            "start_pos": [
                0.04850292900332309,
                -0.8966253132580764,
                0.09
            ],
            "start_quat": [
                0.10248970316287205,
                0.0,
                0.0,
                0.9947340653388655
            ]
        },
        {
            "goal_pos": [
                -0.8966274125552871,
                -0.20729454523712765,
                0.10500000000000001
            ],
            "goal_quat": [
                0.8015442188166069,
                0.0,
                0.0,
                0.5979355026101689
            ],
            "shape": [
                0.1,
                0.06,
                0.11
            ],
            "start_pos": [
                -0.0716370923390574,
                0.06797109348879266,
                0.10500000000000001
            ],
            "start_quat": [
                0.46522695461395847,
                0.0,
                0.0,
                0.8851914373177261
            ]
        }
    ]
}