{
    "objects": [
        {
            "goal_pos": [
                -1.1576204219308897,
                0.9119744343650995,
                0.175
            ],
            "goal_quat": [
                0.9893015300904598,
                -0.0,
                -0.0,
                -0.1458851690908813
            ],
            "shape": [
                0.26,
                0.23,
                0.25
            ],
            "start_pos": [
                -0.6319022012360045,
                -0.15544101822671147,
                0.175
            ],
            "start_quat": [
                0.9781140380354106,
                -0.0,
                -0.0,
                -0.20806952827856198
            ]
        },
        {
            "goal_pos": [
                -0.4942336940399571,
                0.895225395699929,
                0.14
            ],
            "goal_quat": [
                0.6869084762607442,
                -0.0,
                -0.0,
                -0.7267439337491182
            ],
            "shape": [
                0.18,
                0.21,
                0.18
            ],
            "start_pos": [
                0.4240581284352883,
                0.41532212016458636,
                0.14
            ],
            "start_quat": [
                0.9919045637004521,
                0.0,
                0.0,
                0.12698557599277063
            ]
        }
    ]
}