{
    "objects": [
        {
            "goal_pos": [
                1.0372311984278646,
                -0.2502140083079415,
                0.14500000000000002
            ],
            "goal_quat": [
                0.6756321641689679,
                -0.0,
                -0.0,
                -0.7372388885160338
            ],
            "shape": [
                0.08,
                0.14,
                0.19
            ],
            "start_pos": [
                0.5291620075469063,
                -0.8534682674392552,
                0.14500000000000002
            ],
            "start_quat": [
                0.9919407701920631,
                -0.0,
                -0.0,
                -0.12670244050836896
            ]
        },
        {
            "goal_pos": [
                1.057707296652433,
                0.2016019855501367,
                0.11
            ],
            "goal_quat": [
                0.9956837681028203,
                -0.0,
                -0.0,
                -0.09281074257093867
            ],
            "shape": [
                0.15,
                0.2,
                0.12
            ],
            "start_pos": [
                0.020497402866092695,
                -0.18620812431208283,
                0.11
            ],
            "start_quat": [
                0.5964870012942955,
                -0.0,
                -0.0,
                -0.8026227365873329
            ]
        },
        {
            "goal_pos": [
                -1.0307831633662587,
                0.05525623759818382,
                0.135
            ],
            "goal_quat": [
                0.6298101143974567,
                0.0,
                0.0,
                0.7767491356948282
            ],
            "shape": [
                0.14,
                0.14,
                0.17
            ],
            "start_pos": [
                -0.17398652759711342,
                -0.0573249195246448,
                0.135
            ],
            "start_quat": [
                0.07765539924657605,
                -0.0,
                -0.0,
                -0.996980260069303
            ]
        }
    ]
}