{
    "objects": [
        {
            "goal_pos": [
                -0.20032304377243748,
                -0.8286018632277765,
                0.07500000000000001
            ],
            "goal_quat": [
                0.8034847019101966,
                -0.0,
                -0.0,
                -0.5953254016051075
            ],
            "shape": [
                0.03,
                0.3,
                0.05
            ],
            "start_pos": [
                0.4130028926827055,
                0.29986255786826854,
                0.15100000000000002
            ],
            "start_quat": [
                0.05130869655549162,
                -0.0,
                -0.0,
                -0.9986828413754671
            ]
        },
        {
            "goal_pos": [
                0.7929310583365111,
                -0.6788978645105515,
                0.07500000000000001
            ],
            "goal_quat": [
                0.30195049198792984,
                -0.0,
                -0.0,
                -0.953323607380121
            ],
            "shape": [
                0.03,
                0.3,
                0.05
            ],
            "start_pos": [
                -0.4029475425284311,
                0.28370739101695686,
                0.551
            ],
            "start_quat": [
                0.5968099618726184,
                0.0,
                0.0,
                0.8023826203312256
            ]
        }
    ]
}