{
    "objects": [
        {
            "goal_pos": [
                0.21626558277766894,
                -0.24733257745050907,
                0.19
            ],
            "goal_quat": [
                0.4148984914938488,
                0.0,
                0.0,
                0.909867705634247
            ],
            "shape": [
                0.14,
                0.39,
                0.28
            ],
            "start_pos": [
                1.1475980689816696,
                0.1269057948678669,
                0.19
            ],
            "start_quat": [
                0.8907232331121495,
                -0.0,
                -0.0,
                -0.4545460614659855
            ]
        },
        {
            "goal_pos": [
                -1.4279228742778802,
                0.7341614104868938,
                0.1
            ],
            "goal_quat": [
                0.4699436762784142,
                -0.0,
                -0.0,
                -0.8826964037119043
            ],
            "shape": [
                0.22,
                0.18,
                0.1
            ],
            "start_pos": [
                1.007989978841075,
                1.0280170980169552,
                0.1
            ],
            "start_quat": [
                0.9578237824329368,
                -0.0,
                -0.0,
                -0.28735622806172517
            ]
        },
        {
            "goal_pos": [
                1.0483253939068335,
                0.5275044656199819,
                0.135
            ],
            "goal_quat": [
                0.9993580827779583,
                -0.0,
                -0.0,
                -0.03582488501535319
            ],
            "shape": [
                0.28,
                0.1,
                0.17
            ],
            "start_pos": [
                1.377465794803037,
                -0.1686231827686307,
                0.135
            ],
            "start_quat": [
                0.0829547697705501,
                0.0,
                0.0,
                0.9965533132614206
            ]
        }
    ]
}