{
    "name": "a1_",
    "type": 0,
    "start_conf": [
        0.4180484343158284,
        -0.7002943010947713,
        -1.5184234149587368,
        0.15509532474785281,
        1.135234659891658,
        1.4954515719242794
    ],
    "goal_conf": [
        -0.05940612787876645,
        -0.0899431083638869,
        -1.6477422769918522,
        0.15858527358744706,
        1.063726535060997,
        1.6205060251871781
    ],
    "start_time": 9,
    "success": 1,
    "planning_time": 93,
    "init_time": 36.0,
    "path": [
        {
            "q": [
                0.4180484343158284,
                -0.7002943010947713,
                -1.5184234149587368,
                0.15509532474785281,
                1.135234659891658,
                1.4954515719242794
            ],
            "t": 9.0
        },
        {
            "q": [
                0.8351404345645048,
                -0.628236099847726,
                -1.3222623427485827,
                -0.1709336302888519,
                0.5580146533565251,
                2.081015315033616
            ],
            "t": 13.0
        },
        {
            "q": [
                -0.05940612787876645,
                -0.0899431083638869,
                -1.6477422769918522,
                0.15858527358744706,
                1.063726535060997,
                1.6205060251871781
            ],
            "t": 18.326720140884774
        }
    ]
}
