{
    "name": "a2_",
    "type": 0,
    "start_conf": [
        0.0,
        0.5000000000000004,
        -1.2,
        0.0,
        1.57,
        1.57
    ],
    "goal_conf": [
        -0.17212769556119,
        -0.3673440051940434,
        -1.888014546750467,
        0.17314807924505474,
        1.473049960329232,
        1.3527615038107337
    ],
    "start_time": 0,
    "success": 1,
    "planning_time": 42,
    "path": [
        {
            "q": [
                0.0,
                0.5000000000000004,
                -1.2,
                0.0,
                1.57,
                1.57
            ],
            "t": 0.0
        },
        {
            "q": [
                0.26077267668968734,
                0.15800369821137422,
                -1.0948701541525931,
                -0.5252155076226461,
                1.0040347613227039,
                1.1141317346768518
            ],
            "t": 4.999999999999999
        },
        {
            "q": [
                -0.17212769556119,
                -0.3673440051940434,
                -1.888014546750467,
                0.17314807924505474,
                1.473049960329232,
                1.3527615038107337
            ],
            "t": 11.816277905969411
        }
    ]
}
