{
    "name": "a1_",
    "type": 0,
    "start_conf": [
        -1.8503865613607395,
        -0.5004765406986147,
        -1.6005425835105491,
        0.5472711901619736,
        1.41209498874884,
        3.7667741041476352
    ],
    "goal_conf": [
        0.0,
        0.5000000000000004,
        -1.2,
        0.0,
        1.57,
        1.57
    ],
    "start_time": 356,
    "success": 1,
    "planning_time": 123,
    "path": [
        {
            "q": [
                -1.8503865613607395,
                -0.5004765406986147,
                -1.6005425835105491,
                0.5472711901619736,
                1.41209498874884,
                3.7667741041476352
            ],
            "t": 356.0
        },
        {
            "q": [
                -2.594280326008777,
                -0.4504245031126534,
                -1.2376782567028024,
                0.008289714044073748,
                1.397663529152615,
                3.6193392298562483
            ],
            "t": 361.0
        },
        {
            "q": [
                0.0,
                0.5000000000000004,
                -1.2,
                0.0,
                1.57,
                1.57
            ],
            "t": 378.22499864112604
        }
    ]
}
