{
    "name": "a0_",
    "type": 0,
    "start_conf": [
        -1.1388237434845134,
        -1.0119603444907994,
        -0.8788342886867782,
        0.194036152447045,
        1.3901247058920287,
        1.5461014828803679
    ],
    "goal_conf": [
        0.03591664429786158,
        -0.4786179555461699,
        -1.730640691734393,
        0.482455877070259,
        1.3965219865335166,
        1.5941174668917846
    ],
    "start_time": 145,
    "success": 0,
    "planning_time": 3536,
    "path": []
}
