{
    "name": "a0_",
    "type": 0,
    "start_conf": [
        0.0,
        0.5000000000000004,
        -1.2,
        0.0,
        1.57,
        1.57
    ],
    "goal_conf": [
        -0.8142347626379033,
        -0.8688375025662123,
        -0.8178386884021321,
        0.22479997531853568,
        1.8864071813012315,
        2.2862266280917076
    ],
    "start_time": 0,
    "success": 0,
    "planning_time": 320,
    "path": []
}
