{
    "name": "a1_",
    "type": 2,
    "start_conf": [
        0.0,
        -0.5000000000000004,
        0.0,
        -1.9999999999999998,
        0.0,
        1.9999999999999998,
        0.0
    ],
    "goal_conf": [
        0.8046594301735457,
        0.45534534287513573,
        0.07155811121946384,
        -1.9551198511105945,
        0.5321761130316954,
        2.6034262467197595,
        2.0149199123132733
    ],
    "start_time": 0,
    "success": 1,
    "planning_time": 40,
    "path": [
        {
            "q": [
                0.0,
                -0.5000000000000004,
                0.0,
                -1.9999999999999998,
                0.0,
                1.9999999999999998,
                0.0
            ],
            "t": 0.0
        },
        {
            "q": [
                0.2664808914266931,
                -0.7811416548945439,
                -0.4427593634389155,
                -2.035630217094726,
                -0.13921245465677823,
                2.287084517247968,
                -0.7421888644607091
            ],
            "t": 5.0
        },
        {
            "q": [
                0.8046594301735457,
                0.45534534287513573,
                0.07155811121946384,
                -1.9551198511105945,
                0.5321761130316954,
                2.6034262467197595,
                2.0149199123132733
            ],
            "t": 21.004082519818017
        }
    ]
}
