{
    "name": "a1_",
    "type": 0,
    "start_conf": [
        -5.3290705182007514e-15,
        0.5000000000000007,
        -1.2000000000000046,
        1.1102230246251565e-16,
        1.5700000000000016,
        1.570000000000001
    ],
    "goal_conf": [
        1.591243743329012,
        -0.10593480416691645,
        -1.9554289642652325,
        0.35939153163104987,
        1.6015487234718284,
        0.01103143641945672
    ],
    "start_time": 189,
    "success": 1,
    "planning_time": 189,
    "path": [
        {
            "q": [
                -5.3290705182007514e-15,
                0.5000000000000007,
                -1.2000000000000046,
                1.1102230246251565e-16,
                1.5700000000000016,
                1.570000000000001
            ],
            "t": 189.0
        },
        {
            "q": [
                0.11989773926763414,
                0.1365967962967569,
                -1.0264400667765932,
                0.2725413461462422,
                0.5128757265785668,
                0.005590320079537969
            ],
            "t": 198.76694497809913
        },
        {
            "q": [
                0.8186032849190922,
                -0.1307528216705996,
                -1.959019034137111,
                0.6349828817220853,
                1.3996759614905177,
                -0.5234727218044509
            ],
            "t": 247.87592710125563
        },
        {
            "q": [
                1.591243743329012,
                -0.10593480416691645,
                -1.9554289642652325,
                0.35939153163104987,
                1.6015487234718284,
                0.01103143641945672
            ],
            "t": 265.9974987493747
        }
    ]
}
