{
    "start_conf": [
        -0.10738609414770997,
        -0.48167339579829005,
        -1.7355956817416942,
        0.06800584605698932,
        2.01009928516584,
        2.1401914429137903
    ],
    "goal_conf": [
        0.6394815408192625,
        -0.9635979534001365,
        -0.9814277347017976,
        0.22458054237316308,
        1.862444841585537,
        1.7599421184104387
    ],
    "start_time": 36,
    "travel_time": 0.0,
    "path_length": 0.0,
    "total_rrt_time": 15008525,
    "total_coll_time": 0.0,
    "total_nn_time": 0.0,
    "dimension": 0
}
