{
    "start_conf": [
        -0.10738609414771005,
        -0.4816733957982904,
        -1.7355956817416913,
        0.06800584605698923,
        2.0100992851658397,
        2.1401914429137907
    ],
    "goal_conf": [
        0.6394815408192625,
        -0.9635979534001365,
        -0.9814277347017976,
        0.22458054237316308,
        1.862444841585537,
        1.7599421184104387
    ],
    "start_time": 44,
    "travel_time": 0.0,
    "path_length": 0.0,
    "total_rrt_time": 3493,
    "total_coll_time": 888.0,
    "total_nn_time": 21.0,
    "dimension": 6
}
