{
    "name": "a3_",
    "type": 0,
    "start_conf": [
        -1.7904235483240634,
        -0.44302777664839377,
        -1.8207424224110604,
        0.36935068177008784,
        1.3815962798600672,
        1.375466593889021
    ],
    "goal_conf": [
        0.0,
        0.5000000000000004,
        -1.2,
        0.0,
        1.57,
        1.57
    ],
    "start_time": 62,
    "success": 1,
    "planning_time": 87,
    "path": [
        {
            "q": [
                -1.7904235483240634,
                -0.44302777664839377,
                -1.8207424224110604,
                0.36935068177008784,
                1.3815962798600672,
                1.375466593889021
            ],
            "t": 62.0
        },
        {
            "q": [
                -1.7776356680768035,
                -0.5258843652478885,
                -1.7476320256187134,
                -0.39400160690792124,
                1.5152459705317058,
                1.9976057819158823
            ],
            "t": 67.0
        },
        {
            "q": [
                0.0,
                0.5000000000000004,
                -1.2,
                0.0,
                1.57,
                1.57
            ],
            "t": 78.01772947054785
        }
    ]
}
