{
    "name": "a1_",
    "type": 0,
    "start_conf": [
        0.0,
        0.5000000000000004,
        -1.2,
        0.0,
        1.57,
        1.57
    ],
    "goal_conf": [
        0.21945510299901244,
        -0.1457862887189864,
        -1.8942737923109219,
        0.43266836308742956,
        1.808056541928253,
        2.463698195190397
    ],
    "start_time": 130,
    "success": 0,
    "planning_time": 105,
    "path": []
}
