{
    "start_conf": [
        1.0835692168801834,
        -1.070020271360175,
        -0.7667034102779721,
        0.18930668566130943,
        1.6010872524453694,
        1.5746678784657733
    ],
    "goal_conf": [
        0.0,
        0.5000000000000004,
        -1.2,
        0.0,
        1.57,
        1.57
    ],
    "start_time": 78,
    "travel_time": 0.0,
    "path_length": 0.0,
    "total_rrt_time": 41791,
    "total_coll_time": 0.0,
    "total_nn_time": 0.0,
    "dimension": 6
}
