{
    "name": "a0_",
    "type": 0,
    "start_conf": [
        -0.5120403639109306,
        -0.48281748134089414,
        -1.5261891727775636,
        0.03147363264169246,
        1.393896377738097,
        2.4424872724758675
    ],
    "goal_conf": [
        0.0,
        0.5000000000000004,
        -1.2,
        0.0,
        1.57,
        1.57
    ],
    "start_time": 107,
    "success": 1,
    "planning_time": 55,
    "path": [
        {
            "q": [
                -0.5120403639109306,
                -0.48281748134089414,
                -1.5261891727775636,
                0.03147363264169246,
                1.393896377738097,
                2.4424872724758675
            ],
            "t": 107.0
        },
        {
            "q": [
                -0.8174741858172405,
                -0.5702273299892953,
                -1.5140982511946108,
                -0.7810227504625322,
                1.5478962329890888,
                2.90622985240084
            ],
            "t": 112.0
        },
        {
            "q": [
                0.0,
                0.5000000000000004,
                -1.2,
                0.0,
                1.57,
                1.57
            ],
            "t": 122.38072800841057
        }
    ]
}
