{
    "name": "a0_",
    "type": 0,
    "start_conf": [
        2.647948838105659,
        -0.13185652188112762,
        -2.3603859179558873,
        1.3232023705123712,
        1.4859405898173534,
        -2.551306832394486
    ],
    "goal_conf": [
        0.0,
        0.5000000000000004,
        -1.2,
        0.0,
        1.57,
        1.57
    ],
    "start_time": 184,
    "success": 1,
    "planning_time": 186,
    "path": [
        {
            "q": [
                2.647948838105659,
                -0.13185652188112762,
                -2.3603859179558873,
                1.3232023705123712,
                1.4859405898173534,
                -2.551306832394486
            ],
            "t": 184.0
        },
        {
            "q": [
                3.398094307781653,
                -0.23275267490548218,
                -2.0346446325247087,
                1.1331004860429712,
                1.319820619984842,
                -2.044099000496022
            ],
            "t": 189.0
        },
        {
            "q": [
                0.0,
                0.5000000000000004,
                -1.2,
                0.0,
                1.57,
                1.57
            ],
            "t": 215.07395167479783
        }
    ]
}
