{
    "name": "a1_",
    "type": 0,
    "start_conf": [
        0.0,
        0.5000000000000004,
        -1.2,
        0.0,
        1.57,
        1.57
    ],
    "goal_conf": [
        0.9058295444248639,
        -0.2867817036394849,
        -1.660523796880122,
        0.14189857534947395,
        1.30425181705459,
        1.6580358037379592
    ],
    "start_time": 0,
    "success": 1,
    "planning_time": 634,
    "path": [
        {
            "q": [
                0.0,
                0.5000000000000004,
                -1.2,
                0.0,
                1.57,
                1.57
            ],
            "t": 0.0
        },
        {
            "q": [
                2.150497846341296,
                -0.1471435425876036,
                -0.8952774308543183,
                0.5094024510410475,
                1.3016765579736853,
                1.7026783668645165
            ],
            "t": 57.99414184704241
        },
        {
            "q": [
                1.5921635103599578,
                -0.21631543191638913,
                -1.6592847395512964,
                -0.03845153858753558,
                1.1952448561892004,
                0.32736718805087517
            ],
            "t": 66.80792496621352
        },
        {
            "q": [
                0.9058295444248639,
                -0.2867817036394849,
                -1.660523796880122,
                0.14189857534947395,
                1.30425181705459,
                1.6580358037379592
            ],
            "t": 74.38053598728939
        }
    ]
}
