{
    "name": "a3_",
    "type": 0,
    "start_conf": [
        0.0,
        0.5000000000000004,
        -1.2,
        0.0,
        1.57,
        1.57
    ],
    "goal_conf": [
        0.7636802661665694,
        -0.6732611012388178,
        -1.1934264048824539,
        -0.09507935745122115,
        1.6249485682061837,
        1.7645498381323588
    ],
    "start_time": 5,
    "success": 1,
    "planning_time": 60,
    "path": [
        {
            "q": [
                0.0,
                0.5000000000000004,
                -1.2,
                0.0,
                1.57,
                1.57
            ],
            "t": 5.0
        },
        {
            "q": [
                0.3671360742276886,
                0.40120580358249064,
                -1.114813584846275,
                -0.04763912127579914,
                1.6708706934559618,
                0.6558065293637568
            ],
            "t": 10.0
        },
        {
            "q": [
                0.7636802661665694,
                -0.6732611012388178,
                -1.1934264048824539,
                -0.09507935745122115,
                1.6249485682061837,
                1.7645498381323588
            ],
            "t": 45.996004587759046
        }
    ]
}
