{
    "name": "a0_",
    "type": 0,
    "start_conf": [
        0.03591664429786158,
        -0.4786179555461699,
        -1.730640691734393,
        0.482455877070259,
        1.3965219865335166,
        1.5941174668917846
    ],
    "goal_conf": [
        0.0,
        0.5000000000000004,
        -1.2,
        0.0,
        1.57,
        1.57
    ],
    "start_time": 178,
    "success": 1,
    "planning_time": 68,
    "path": [
        {
            "q": [
                0.03591664429786158,
                -0.4786179555461699,
                -1.730640691734393,
                0.482455877070259,
                1.3965219865335166,
                1.5941174668917846
            ],
            "t": 178.0
        },
        {
            "q": [
                -0.6014364405428649,
                -0.5874714217137084,
                -1.1227151139589315,
                0.48067293302660524,
                1.461031674534329,
                2.050400034275493
            ],
            "t": 183.0
        },
        {
            "q": [
                0.0,
                0.5000000000000004,
                -1.2,
                0.0,
                1.57,
                1.57
            ],
            "t": 190.1158647238677
        }
    ]
}
