{
    "name": "a1_",
    "type": 0,
    "start_conf": [
        -0.194213999193801,
        0.25228524186881573,
        -1.2079543109795903,
        -0.14313970155043698,
        1.3391492297183747,
        1.3399270643348673
    ],
    "goal_conf": [
        1.1549518680372162,
        -1.2581028839283266,
        -1.1082768279796877,
        0.4870111796225195,
        1.6516621087995962,
        1.8000323552281339
    ],
    "start_time": 64,
    "success": 1,
    "planning_time": 258,
    "path": [
        {
            "q": [
                -0.194213999193801,
                0.25228524186881573,
                -1.2079543109795903,
                -0.14313970155043698,
                1.3391492297183747,
                1.3399270643348673
            ],
            "t": 64.0
        },
        {
            "q": [
                0.8051464065466081,
                0.22148000989367914,
                -0.5830691090775455,
                -0.5247861830057399,
                0.2785576083051205,
                1.0939528539003784
            ],
            "t": 72.24797495578902
        },
        {
            "q": [
                1.1549518680372162,
                -1.2581028839283266,
                -1.1082768279796877,
                0.4870111796225195,
                1.6516621087995962,
                1.8000323552281339
            ],
            "t": 84.49451772345701
        }
    ]
}
