{
    "name": "a3_",
    "type": 0,
    "start_conf": [
        -0.8182551268533527,
        -0.015342906441366266,
        -2.1206714295864857,
        0.024177964862619528,
        1.2920286645794863,
        1.0311729045955662
    ],
    "goal_conf": [
        0.2445498152779473,
        -0.6098428021293799,
        -1.3367238009581022,
        -0.03448508783032374,
        1.9163652072346387,
        2.1065437431387606
    ],
    "start_time": 75,
    "success": 1,
    "planning_time": 69,
    "path": [
        {
            "q": [
                -0.8182551268533527,
                -0.015342906441366266,
                -2.1206714295864857,
                0.024177964862619528,
                1.2920286645794863,
                1.0311729045955662
            ],
            "t": 75.0
        },
        {
            "q": [
                -0.1785594463209489,
                -0.22945018556444735,
                -1.9306375562308487,
                0.35413847558539396,
                0.8098703252250209,
                0.6219247726918768
            ],
            "t": 80.0
        },
        {
            "q": [
                0.2445498152779473,
                -0.6098428021293799,
                -1.3367238009581022,
                -0.03448508783032374,
                1.9163652072346387,
                2.1065437431387606
            ],
            "t": 90.31742517673382
        }
    ]
}
