{
    "start_conf": [
        0.9573259078820111,
        -0.41324789118159644,
        -1.7525050707345764,
        0.3499779928499377,
        1.6911091884212486,
        1.3792197940461417
    ],
    "goal_conf": [
        0.0,
        0.5000000000000004,
        -1.2,
        0.0,
        1.57,
        1.57
    ],
    "start_time": 73,
    "travel_time": 0.0,
    "path_length": 0.0,
    "total_rrt_time": 306428,
    "total_coll_time": 0.0,
    "total_nn_time": 0.0,
    "dimension": 6
}
