{
    "start_conf": [
        0.794873099693103,
        -0.4860400967851546,
        -1.6657281992910402,
        -0.0993590683141925,
        1.5127092395102473,
        1.266451959859248
    ],
    "goal_conf": [
        0.0,
        0.5000000000000004,
        -1.2,
        0.0,
        1.57,
        1.57
    ],
    "start_time": 160,
    "travel_time": 0.0,
    "path_length": 0.0,
    "total_rrt_time": 3654,
    "total_coll_time": 1002.0,
    "total_nn_time": 48.0,
    "dimension": 6
}
