{
    "name": "a1_",
    "type": 0,
    "start_conf": [
        0.8549333028315029,
        -0.5452179635933092,
        -1.2749545748176772,
        0.0545444025599533,
        1.416963682244191,
        1.5695373417118414
    ],
    "goal_conf": [
        -2.7318426470501866,
        -0.29963367457601386,
        -1.8689139611846313,
        0.4563107108550574,
        1.366844181107509,
        1.2717266313000661
    ],
    "start_time": 159,
    "success": 1,
    "planning_time": 154,
    "path": [
        {
            "q": [
                0.8549333028315029,
                -0.5452179635933092,
                -1.2749545748176772,
                0.0545444025599533,
                1.416963682244191,
                1.5695373417118414
            ],
            "t": 159.0
        },
        {
            "q": [
                -2.059177950353043,
                -0.3324161458112279,
                -1.4767706966840235,
                0.6147230192863242,
                1.3818065125865382,
                0.6656302324673001
            ],
            "t": 174.5805511198994
        },
        {
            "q": [
                -2.7318426470501866,
                -0.29963367457601386,
                -1.8689139611846313,
                0.4563107108550574,
                1.366844181107509,
                1.2717266313000661
            ],
            "t": 179.58834529254568
        }
    ]
}
