{
    "name": "a0_",
    "type": 0,
    "start_conf": [
        -4.884981308350689e-15,
        0.49999999999999956,
        -1.1999999999999962,
        -4.440892098500626e-16,
        1.5699999999999998,
        1.5700000000000003
    ],
    "goal_conf": [
        -0.6191322391754361,
        -0.6091699832066296,
        -0.309614527724427,
        -0.2703863050359942,
        1.7247902165916373,
        3.170368007926842
    ],
    "start_time": 79,
    "success": 1,
    "planning_time": 118,
    "path": [
        {
            "q": [
                -4.884981308350689e-15,
                0.49999999999999956,
                -1.1999999999999962,
                -4.440892098500626e-16,
                1.5699999999999998,
                1.5700000000000003
            ],
            "t": 79.0
        },
        {
            "q": [
                -0.5353179936425195,
                0.35082236241970854,
                -1.3821923705748191,
                -0.44165805318333246,
                0.9046997038607278,
                1.4275208848702787
            ],
            "t": 95.99749874937469
        },
        {
            "q": [
                -0.6191322391754361,
                -0.6091699832066296,
                -0.309614527724427,
                -0.2703863050359942,
                1.7247902165916373,
                3.170368007926842
            ],
            "t": 108.06071299252271
        }
    ]
}
