{
    "start_conf": [
        1.4182841234701145,
        -0.40227628834822715,
        -1.9875383249380079,
        0.18998870791410982,
        2.003072061630462,
        1.8734270755881717
    ],
    "goal_conf": [
        0.7948730996931014,
        -0.4860400967851551,
        -1.665728199291048,
        -0.09935906831419353,
        1.5127092395102477,
        1.266451959859248
    ],
    "start_time": 139,
    "travel_time": 0.0,
    "path_length": 0.0,
    "total_rrt_time": 5057,
    "total_coll_time": 1690.0,
    "total_nn_time": 69.0,
    "dimension": 6
}
