{
    "name": "a0_",
    "type": 0,
    "start_conf": [
        0.0,
        0.5000000000000004,
        -1.2,
        0.0,
        1.57,
        1.57
    ],
    "goal_conf": [
        0.45329884085876665,
        -0.039183666912015455,
        -1.1535572736010065,
        0.09528063553106347,
        1.2171301937755905,
        0.7000996234218407
    ],
    "start_time": 0,
    "success": 0,
    "planning_time": 15001,
    "init_time": 1.0,
    "path": []
}
