{
    "name": "a1_",
    "type": 0,
    "start_conf": [
        -0.05940612787876631,
        -0.08994310836388619,
        -1.647742276991855,
        0.15858527358744645,
        1.063726535060997,
        1.6205060251871772
    ],
    "goal_conf": [
        0.0,
        0.5000000000000004,
        -1.2,
        0.0,
        1.57,
        1.57
    ],
    "start_time": 24,
    "success": 1,
    "planning_time": 46,
    "path": [
        {
            "q": [
                -0.05940612787876631,
                -0.08994310836388619,
                -1.647742276991855,
                0.15858527358744645,
                1.063726535060997,
                1.6205060251871772
            ],
            "t": 24.0
        },
        {
            "q": [
                0.284481253687178,
                -0.14149988099857397,
                -1.1836838563047307,
                0.38783782775594344,
                1.3682541322898623,
                0.9004786929852532
            ],
            "t": 29.0
        },
        {
            "q": [
                0.0,
                0.5000000000000004,
                -1.2,
                0.0,
                1.57,
                1.57
            ],
            "t": 34.32250184716898
        }
    ]
}
