{
    "name": "a1_",
    "type": 0,
    "start_conf": [
        -0.194213999193801,
        0.25228524186881573,
        -1.207954310979592,
        -0.14313970155043698,
        1.3391492297183747,
        1.339927064334869
    ],
    "goal_conf": [
        1.1549518680372162,
        -1.2581028839283266,
        -1.1082768279796877,
        0.4870111796225195,
        1.6516621087995962,
        1.8000323552281339
    ],
    "start_time": 51,
    "success": 1,
    "planning_time": 407,
    "init_time": 71.0,
    "path": [
        {
            "q": [
                -0.194213999193801,
                0.25228524186881573,
                -1.207954310979592,
                -0.14313970155043698,
                1.3391492297183747,
                1.339927064334869
            ],
            "t": 51.0
        },
        {
            "q": [
                0.805146406546608,
                0.22148000989367914,
                -0.5830691090775467,
                -0.52478618300574,
                0.27855760830512044,
                1.0939528539003798
            ],
            "t": 57.59837996463122
        },
        {
            "q": [
                1.1549518680372162,
                -1.2581028839283266,
                -1.1082768279796877,
                0.4870111796225195,
                1.6516621087995962,
                1.8000323552281339
            ],
            "t": 67.3949537465122
        }
    ]
}
