{
    "name": "a1_",
    "type": 0,
    "start_conf": [
        0.8326114495746584,
        -0.9488713012337526,
        -1.2290039654099896,
        0.172132271105772,
        1.7612621133414537,
        1.4504084672829085
    ],
    "goal_conf": [
        -0.03947559104951629,
        0.4615278618053144,
        -1.5320499244001353,
        0.008724859447577279,
        1.400087866777517,
        1.6898267660196373
    ],
    "start_time": 40,
    "success": 1,
    "planning_time": 74,
    "path": [
        {
            "q": [
                0.8326114495746584,
                -0.9488713012337526,
                -1.2290039654099896,
                0.172132271105772,
                1.7612621133414537,
                1.4504084672829085
            ],
            "t": 40.0
        },
        {
            "q": [
                0.3067310842249983,
                0.16956346251964172,
                -0.9442516439455014,
                -0.1763156136202101,
                0.9692180884392549,
                2.1688906098664518
            ],
            "t": 48.47569557466605
        },
        {
            "q": [
                -0.03947559104951629,
                0.4615278618053144,
                -1.5320499244001353,
                0.008724859447577279,
                1.400087866777517,
                1.6898267660196373
            ],
            "t": 53.47993554243726
        }
    ]
}
