{
    "name": "a1_",
    "type": 0,
    "start_conf": [
        0.0,
        0.5000000000000004,
        -1.2,
        0.0,
        1.57,
        1.57
    ],
    "goal_conf": [
        0.41804843431582883,
        -0.7002943010947726,
        -1.518423414958737,
        0.15509532474785329,
        1.135234659891658,
        1.4954515719242802
    ],
    "start_time": 0,
    "success": 1,
    "planning_time": 31,
    "path": [
        {
            "q": [
                0.0,
                0.5000000000000004,
                -1.2,
                0.0,
                1.57,
                1.57
            ],
            "t": 0.0
        },
        {
            "q": [
                0.4345611823324581,
                0.12247725052248837,
                -1.2577746301802957,
                -0.23936881271782215,
                1.2199287927817262,
                2.2667409604143325
            ],
            "t": 5.0
        },
        {
            "q": [
                0.41804843431582883,
                -0.7002943010947726,
                -1.518423414958737,
                0.15509532474785329,
                1.135234659891658,
                1.4954515719242802
            ],
            "t": 11.131991153329519
        }
    ]
}
