{
    "name": "a1_",
    "type": 0,
    "start_conf": [
        1.2481936242942984,
        -0.3421820426817786,
        -1.7567387303134165,
        0.06495927259120282,
        1.1451179740931217,
        1.1682209222125004
    ],
    "goal_conf": [
        -1.7098116759283288,
        -0.630729822969249,
        -1.4119344996851455,
        0.09633776678121031,
        1.0253100132690753,
        0.9197386135287647
    ],
    "start_time": 116,
    "success": 1,
    "planning_time": 256,
    "path": [
        {
            "q": [
                1.2481936242942984,
                -0.3421820426817786,
                -1.7567387303134165,
                0.06495927259120282,
                1.1451179740931217,
                1.1682209222125004
            ],
            "t": 116.0
        },
        {
            "q": [
                1.5735151670799707,
                -0.36616057697186527,
                -1.1580508512724046,
                0.565700173915917,
                1.129135201806854,
                1.701293945271051
            ],
            "t": 121.0
        },
        {
            "q": [
                -1.3685600547976735,
                -0.2780758419513626,
                -1.2591641954226036,
                0.20475639603380325,
                0.20115821156204505,
                1.1315473561658689
            ],
            "t": 136.80584134149524
        },
        {
            "q": [
                -1.7098116759283288,
                -0.630729822969249,
                -1.4119344996851455,
                0.09633776678121031,
                1.0253100132690753,
                0.9197386135287647
            ],
            "t": 141.8137469643521
        }
    ]
}
