{
    "name": "a0_",
    "type": 0,
    "start_conf": [
        -1.3763898434473643,
        -0.12188096629940447,
        -1.9635264246975623,
        -0.04244437653761166,
        1.6527694320961168,
        3.2396440710040455
    ],
    "goal_conf": [
        0.0,
        0.5000000000000004,
        -1.2,
        0.0,
        1.57,
        1.57
    ],
    "start_time": 258,
    "success": 1,
    "planning_time": 82,
    "path": [
        {
            "q": [
                -1.3763898434473643,
                -0.12188096629940447,
                -1.9635264246975623,
                -0.04244437653761166,
                1.6527694320961168,
                3.2396440710040455
            ],
            "t": 258.0
        },
        {
            "q": [
                -1.285909211888392,
                0.056426918801941964,
                -1.2854984280847792,
                0.5744908253858607,
                1.509227485197257,
                3.554420587505451
            ],
            "t": 263.0
        },
        {
            "q": [
                0.0,
                0.5000000000000004,
                -1.2,
                0.0,
                1.57,
                1.57
            ],
            "t": 275.3812003300029
        }
    ]
}
