{
    "name": "a3_",
    "type": 0,
    "start_conf": [
        0.7636802661665694,
        -0.6732611012388178,
        -1.1934264048824539,
        -0.09507935745122115,
        1.6249485682061837,
        1.7645498381323588
    ],
    "goal_conf": [
        -1.7904235483240691,
        -0.44302777664839277,
        -1.8207424224110635,
        0.3693506817700928,
        1.3815962798600654,
        1.3754665938890238
    ],
    "start_time": 46,
    "success": 1,
    "planning_time": 87,
    "path": [
        {
            "q": [
                0.7636802661665694,
                -0.6732611012388178,
                -1.1934264048824539,
                -0.09507935745122115,
                1.6249485682061837,
                1.7645498381323588
            ],
            "t": 46.0
        },
        {
            "q": [
                -0.12141397532802678,
                -0.48279911039703716,
                -1.3432461052518119,
                -0.24418376515040038,
                1.9401291864403194,
                1.9551161641009096
            ],
            "t": 51.0
        },
        {
            "q": [
                -1.7904235483240691,
                -0.44302777664839277,
                -1.8207424224110635,
                0.3693506817700928,
                1.3815962798600654,
                1.3754665938890238
            ],
            "t": 61.05182286476807
        }
    ]
}
