{
    "start_conf": [
        0.09377551737368299,
        -0.39288529200818567,
        -1.7912634808198886,
        0.05509270824833479,
        1.8547824612475028,
        1.84686066617127
    ],
    "goal_conf": [
        0.9011841935293728,
        -0.47321884833944877,
        -1.821840451275639,
        0.11122501493516639,
        1.5561559528547213,
        1.29300525165417
    ],
    "start_time": 176,
    "travel_time": 0.0,
    "path_length": 0.0,
    "total_rrt_time": 15009141,
    "total_coll_time": 0.0,
    "total_nn_time": 0.0,
    "dimension": 0
}
