{
    "start_conf": [
        0.6394815408192625,
        -0.9635979534001365,
        -0.9814277347017976,
        0.22458054237316308,
        1.862444841585537,
        1.7599421184104387
    ],
    "goal_conf": [
        0.9573259078820111,
        -0.41324789118159644,
        -1.7525050707345764,
        0.3499779928499377,
        1.6911091884212486,
        1.3792197940461417
    ],
    "start_time": 58,
    "travel_time": 0.0,
    "path_length": 0.0,
    "total_rrt_time": 49499,
    "total_coll_time": 0.0,
    "total_nn_time": 0.0,
    "dimension": 6
}
