{
    "name": "a0_",
    "type": 0,
    "start_conf": [
        0.45329884085876593,
        -0.03918366691201447,
        -1.1535572736010067,
        0.09528063553106314,
        1.21713019377559,
        0.70009962342184
    ],
    "goal_conf": [
        -1.3324390431211255,
        -0.06849496688582529,
        -2.0741369992382106,
        0.002666978229913095,
        1.6082964451283253,
        3.271791093955188
    ],
    "start_time": 48,
    "success": 0,
    "planning_time": 217,
    "path": []
}
