{
    "name": "a2_",
    "type": 1,
    "start_conf": [
        -0.39377163391682246,
        0.8952487677693044,
        -0.05139860254952244,
        -1.7655568819490086,
        -3.49289585569814,
        0.438232832722536,
        -0.1638131832062918
    ],
    "goal_conf": [
        0.0,
        -0.5000000000000004,
        0.0,
        -1.5,
        -3.0,
        0.1999999999999989,
        0.0
    ],
    "start_time": 281,
    "success": 1,
    "planning_time": 29,
    "path": [
        {
            "q": [
                -0.39377163391682246,
                0.8952487677693044,
                -0.05139860254952244,
                -1.7655568819490086,
                -3.49289585569814,
                0.438232832722536,
                -0.1638131832062918
            ],
            "t": 281.0
        },
        {
            "q": [
                -1.0624155247905365,
                0.5982217024086813,
                -0.345889479453915,
                -1.6322942540282965,
                -2.9780766126366816,
                0.6819795003354806,
                -0.35290356916357957
            ],
            "t": 346.9974987493747
        },
        {
            "q": [
                0.0,
                -0.5000000000000004,
                0.0,
                -1.5,
                -3.0,
                0.1999999999999989,
                0.0
            ],
            "t": 355.4102389374332
        }
    ]
}
