{
    "name": "a1_",
    "type": 0,
    "start_conf": [
        -2.7356326229504333,
        -0.07189366847113489,
        -2.1752690867402134,
        0.5474186027236368,
        1.2391046503640832,
        1.2973091502764909
    ],
    "goal_conf": [
        0.0,
        0.5000000000000004,
        -1.2,
        0.0,
        1.57,
        1.57
    ],
    "start_time": 167,
    "success": 1,
    "planning_time": 96,
    "path": [
        {
            "q": [
                -2.7356326229504333,
                -0.07189366847113489,
                -2.1752690867402134,
                0.5474186027236368,
                1.2391046503640832,
                1.2973091502764909
            ],
            "t": 167.0
        },
        {
            "q": [
                -2.2290517259290743,
                0.0862655177849256,
                -2.36601815499648,
                0.7028376599322951,
                0.8689851208253554,
                2.0189965549370026
            ],
            "t": 172.0
        },
        {
            "q": [
                0.0,
                0.5000000000000004,
                -1.2,
                0.0,
                1.57,
                1.57
            ],
            "t": 185.86472212230672
        }
    ]
}
