{
    "name": "a0_",
    "type": 0,
    "start_conf": [
        0.0,
        0.5000000000000004,
        -1.2,
        0.0,
        1.57,
        1.57
    ],
    "goal_conf": [
        0.29890579283949986,
        -0.3448156891009945,
        -1.9632413237859518,
        0.39017957691836613,
        1.6961248333198276,
        1.7004818578745653
    ],
    "start_time": 0,
    "success": 1,
    "planning_time": 24,
    "path": [
        {
            "q": [
                0.0,
                0.5000000000000004,
                -1.2,
                0.0,
                1.57,
                1.57
            ],
            "t": 0.0
        },
        {
            "q": [
                0.4345611823324581,
                0.12247725052248837,
                -1.2577746301802957,
                -0.23936881271782215,
                1.2199287927817262,
                2.2667409604143325
            ],
            "t": 5.0
        },
        {
            "q": [
                0.29890579283949986,
                -0.3448156891009945,
                -1.9632413237859518,
                0.39017957691836613,
                1.6961248333198276,
                1.7004818578745653
            ],
            "t": 11.4797528804336
        }
    ]
}
