{
    "name": "a0_",
    "type": 0,
    "start_conf": [
        -0.1359699403269623,
        -0.3592064456008095,
        -1.7367238833667684,
        0.4680943888179545,
        1.7683187117702166,
        1.406068657600681
    ],
    "goal_conf": [
        0.0,
        0.5000000000000004,
        -1.2,
        0.0,
        1.57,
        1.57
    ],
    "start_time": 29,
    "success": 1,
    "planning_time": 42,
    "path": [
        {
            "q": [
                -0.1359699403269623,
                -0.3592064456008095,
                -1.7367238833667684,
                0.4680943888179545,
                1.7683187117702166,
                1.406068657600681
            ],
            "t": 29.0
        },
        {
            "q": [
                -0.4467358598007898,
                -0.23195787213588115,
                -1.6382923708729522,
                -0.01787877420893741,
                1.2050036905242565,
                0.8368148891904854
            ],
            "t": 34.0
        },
        {
            "q": [
                0.0,
                0.5000000000000004,
                -1.2,
                0.0,
                1.57,
                1.57
            ],
            "t": 40.32416602461871
        }
    ]
}
