{
    "name": "a0_",
    "type": 0,
    "start_conf": [
        -2.796167937969876,
        0.015637976598879444,
        -2.2887740960298157,
        0.6433628379178216,
        1.8972917578998874,
        1.7707358738085333
    ],
    "goal_conf": [
        0.0,
        0.5000000000000004,
        -1.2,
        0.0,
        1.57,
        1.57
    ],
    "start_time": 45,
    "success": 1,
    "planning_time": 70,
    "path": [
        {
            "q": [
                -2.796167937969876,
                0.015637976598879444,
                -2.2887740960298157,
                0.6433628379178216,
                1.8972917578998874,
                1.7707358738085333
            ],
            "t": 45.0
        },
        {
            "q": [
                -2.9678955178523214,
                -0.17540299919254512,
                -1.7950991106468206,
                0.6559539769302447,
                1.4933586184200522,
                1.0448037318477217
            ],
            "t": 50.0
        },
        {
            "q": [
                0.0,
                0.5000000000000004,
                -1.2,
                0.0,
                1.57,
                1.57
            ],
            "t": 66.07320177129412
        }
    ]
}
