{
    "start_conf": [
        0.143129304740686,
        -0.9546590672006279,
        -1.0229114048191013,
        0.25005169850268005,
        2.0062455896513667,
        2.3190226267673593
    ],
    "goal_conf": [
        0.0,
        0.5000000000000004,
        -1.2,
        0.0,
        1.57,
        1.57
    ],
    "start_time": 195,
    "travel_time": 0.0,
    "path_length": 0.0,
    "total_rrt_time": 3944,
    "total_coll_time": 1496.0,
    "total_nn_time": 73.0,
    "dimension": 6
}
