{
    "name": "a1_",
    "type": 0,
    "start_conf": [
        -0.039475591049518144,
        0.46152786180531225,
        -1.5320499244001364,
        0.00872485944757706,
        1.400087866777518,
        1.6898267660196387
    ],
    "goal_conf": [
        0.0,
        0.5000000000000004,
        -1.2,
        0.0,
        1.57,
        1.57
    ],
    "start_time": 54,
    "success": 1,
    "planning_time": 44,
    "path": [
        {
            "q": [
                -0.039475591049518144,
                0.46152786180531225,
                -1.5320499244001364,
                0.00872485944757706,
                1.400087866777518,
                1.6898267660196387
            ],
            "t": 54.0
        },
        {
            "q": [
                0.625511699864166,
                0.48704406752403856,
                -1.2886243340117414,
                0.046858202995572244,
                0.7757054070726183,
                1.3633651293212818
            ],
            "t": 59.0
        },
        {
            "q": [
                0.0,
                0.5000000000000004,
                -1.2,
                0.0,
                1.57,
                1.57
            ],
            "t": 64.18681551760983
        }
    ]
}
