{
    "name": "a0_",
    "type": 0,
    "start_conf": [
        1.1574193073091463,
        -0.8804963369315629,
        -0.9544864150389457,
        0.3479983631742307,
        1.2895899878293036,
        1.1460077348226407
    ],
    "goal_conf": [
        -2.357353466331148,
        -0.3794645244925325,
        -1.7031852175550057,
        0.3087063832168581,
        1.269206952805736,
        1.9944363566135521
    ],
    "start_time": 94,
    "success": 1,
    "planning_time": 115,
    "path": [
        {
            "q": [
                1.1574193073091463,
                -0.8804963369315629,
                -0.9544864150389457,
                0.3479983631742307,
                1.2895899878293036,
                1.1460077348226407
            ],
            "t": 94.0
        },
        {
            "q": [
                0.7256740525144199,
                -0.5002772114207341,
                -0.9352695467607832,
                0.3804087982733142,
                0.4831800945538549,
                1.27758589127638
            ],
            "t": 99.0
        },
        {
            "q": [
                -2.357353466331148,
                -0.3794645244925325,
                -1.7031852175550057,
                0.3087063832168581,
                1.269206952805736,
                1.9944363566135521
            ],
            "t": 115.77018066118
        }
    ]
}
