{
    "name": "a1_",
    "type": 0,
    "start_conf": [
        -1.7098116759283286,
        -0.6307298229692488,
        -1.4119344996851453,
        0.09633776678121109,
        1.0253100132690758,
        0.9197386135287644
    ],
    "goal_conf": [
        0.8549333028315024,
        -0.5452179635933089,
        -1.2749545748176772,
        0.05454440255995414,
        1.4169636822441904,
        1.5695373417118417
    ],
    "start_time": 142,
    "success": 1,
    "planning_time": 88,
    "path": [
        {
            "q": [
                -1.7098116759283286,
                -0.6307298229692488,
                -1.4119344996851453,
                0.09633776678121109,
                1.0253100132690758,
                0.9197386135287644
            ],
            "t": 142.0
        },
        {
            "q": [
                -1.324640825836424,
                -0.5232607075205831,
                -0.9901997245409229,
                -0.07313266990523473,
                1.4095299115954478,
                1.6167955880420326
            ],
            "t": 147.0
        },
        {
            "q": [
                0.8549333028315024,
                -0.5452179635933089,
                -1.2749545748176772,
                0.05454440255995414,
                1.4169636822441904,
                1.5695373417118417
            ],
            "t": 158.0146546116107
        }
    ]
}
