{
    "start_conf": [
        0.0,
        0.5000000000000004,
        -1.2,
        0.0,
        1.57,
        1.57
    ],
    "goal_conf": [
        0.10174766003250321,
        -0.5409899864297765,
        -1.7497022635664785,
        0.11632511676308908,
        1.1564932623705726,
        0.9997829644784818
    ],
    "start_time": 0,
    "travel_time": 0.0,
    "path_length": 0.0,
    "total_rrt_time": 2815,
    "total_coll_time": 930.0,
    "total_nn_time": 29.0,
    "dimension": 6
}
