{
    "name": "a1_",
    "type": 0,
    "start_conf": [
        0.9058295444248639,
        -0.2867817036394849,
        -1.660523796880122,
        0.14189857534947395,
        1.30425181705459,
        1.6580358037379592
    ],
    "goal_conf": [
        -2.7356326229504333,
        -0.07189366847113489,
        -2.1752690867402134,
        0.5474186027236368,
        1.2391046503640832,
        1.2973091502764909
    ],
    "start_time": 75,
    "success": 0,
    "planning_time": 15072,
    "path": []
}
