{
    "name": "a1_",
    "type": 0,
    "start_conf": [
        -1.7098116759283286,
        -0.6307298229692488,
        -1.4119344996851453,
        0.09633776678121109,
        1.0253100132690758,
        0.9197386135287644
    ],
    "goal_conf": [
        0.0,
        0.5000000000000004,
        -1.2,
        0.0,
        1.57,
        1.57
    ],
    "start_time": 142,
    "success": 1,
    "planning_time": 65,
    "path": [
        {
            "q": [
                -1.7098116759283286,
                -0.6307298229692488,
                -1.4119344996851453,
                0.09633776678121109,
                1.0253100132690758,
                0.9197386135287644
            ],
            "t": 142.0
        },
        {
            "q": [
                -1.341516474598182,
                -0.4824081480813661,
                -0.9261152237554338,
                0.3922161276925805,
                1.3774910808381229,
                1.5480406489871088
            ],
            "t": 147.0
        },
        {
            "q": [
                0.0,
                0.5000000000000004,
                -1.2,
                0.0,
                1.57,
                1.57
            ],
            "t": 155.70764409777243
        }
    ]
}
