{
    "start_conf": [
        0.9573259078820104,
        -0.41324789118159577,
        -1.752505070734572,
        0.34997799284993825,
        1.6911091884212492,
        1.3792197940461417
    ],
    "goal_conf": [
        0.10732631637467441,
        -0.3838195934820867,
        -1.8486079177227805,
        0.20599545763892502,
        1.4112065291998193,
        0.8208995928210705
    ],
    "start_time": 76,
    "travel_time": 0.0,
    "path_length": 0.0,
    "total_rrt_time": 155143,
    "total_coll_time": 54414.0,
    "total_nn_time": 33488.0,
    "dimension": 6
}
