{
    "start_conf": [
        1.0835692168801843,
        -1.070020271360176,
        -0.7667034102779837,
        0.18930668566130815,
        1.6010872524453676,
        1.5746678784657746
    ],
    "goal_conf": [
        1.4182841234701022,
        -0.4022762883482109,
        -1.987538324938022,
        0.1899887079141034,
        2.0030720616304727,
        1.8734270755881681
    ],
    "start_time": 114,
    "travel_time": 0.0,
    "path_length": 0.0,
    "total_rrt_time": 4563,
    "total_coll_time": 1572.0,
    "total_nn_time": 130.0,
    "dimension": 6
}
