{
    "name": "a1_",
    "type": 0,
    "start_conf": [
        1.591243743329012,
        -0.10593480416691645,
        -1.9554289642652325,
        0.35939153163104987,
        1.6015487234718284,
        0.01103143641945672
    ],
    "goal_conf": [
        -1.8503865613607395,
        -0.5004765406986147,
        -1.6005425835105491,
        0.5472711901619736,
        1.41209498874884,
        3.7667741041476352
    ],
    "start_time": 310,
    "success": 1,
    "planning_time": 1138,
    "path": [
        {
            "q": [
                1.591243743329012,
                -0.10593480416691645,
                -1.9554289642652325,
                0.35939153163104987,
                1.6015487234718284,
                0.01103143641945672
            ],
            "t": 310.0
        },
        {
            "q": [
                2.1771101139464006,
                -0.009969228232394961,
                -0.5271996838287322,
                -0.2651686916520122,
                1.3836622288734857,
                -0.46210734743269
            ],
            "t": 318.7374166366579
        },
        {
            "q": [
                0.5163839836439553,
                -0.45431031696433577,
                0.6945468293244621,
                -0.20699191103008108,
                0.5657074208146142,
                0.22905581794795193
            ],
            "t": 330.5721044666002
        },
        {
            "q": [
                -1.8503865613607395,
                -0.5004765406986147,
                -1.6005425835105491,
                0.5472711901619736,
                1.41209498874884,
                3.7667741041476352
            ],
            "t": 355.4134332709408
        }
    ]
}
