{
    "name": "a0_",
    "type": 0,
    "start_conf": [
        2.886204247196959,
        -0.2615200212498987,
        -2.1529809037458394,
        0.9275559474958577,
        1.2388194179308396,
        0.8866666254656259
    ],
    "goal_conf": [
        0.0,
        0.5000000000000004,
        -1.2,
        0.0,
        1.57,
        1.57
    ],
    "start_time": 67,
    "success": 1,
    "planning_time": 65,
    "path": [
        {
            "q": [
                2.886204247196959,
                -0.2615200212498987,
                -2.1529809037458394,
                0.9275559474958577,
                1.2388194179308396,
                0.8866666254656259
            ],
            "t": 67.0
        },
        {
            "q": [
                2.2745182016985326,
                -0.15923558298738028,
                -1.7407858377918346,
                0.46233305963594823,
                0.8941043334223662,
                0.5546839780899031
            ],
            "t": 72.0
        },
        {
            "q": [
                0.0,
                0.5000000000000004,
                -1.2,
                0.0,
                1.57,
                1.57
            ],
            "t": 85.78829770981562
        }
    ]
}
