{
    "start_conf": [
        1.4182841234701022,
        -0.4022762883482109,
        -1.987538324938022,
        0.1899887079141034,
        2.0030720616304727,
        1.8734270755881681
    ],
    "goal_conf": [
        0.7948730996931014,
        -0.4860400967851551,
        -1.665728199291048,
        -0.09935906831419353,
        1.5127092395102477,
        1.266451959859248
    ],
    "start_time": 111,
    "travel_time": 0.0,
    "path_length": 0.0,
    "total_rrt_time": 15016142,
    "total_coll_time": 0.0,
    "total_nn_time": 0.0,
    "dimension": 0
}
