{
    "name": "a1_",
    "type": 2,
    "start_conf": [
        0.7242961422963763,
        0.018536873049837865,
        0.6661398128654206,
        -2.478539016006776,
        -0.16377159111258166,
        2.1183143881008792,
        -0.05331558939249703
    ],
    "goal_conf": [
        0.0,
        -0.5000000000000004,
        0.0,
        -1.9999999999999998,
        0.0,
        1.9999999999999998,
        0.0
    ],
    "start_time": 132,
    "success": 1,
    "planning_time": 25,
    "path": [
        {
            "q": [
                0.7242961422963763,
                0.018536873049837865,
                0.6661398128654206,
                -2.478539016006776,
                -0.16377159111258166,
                2.1183143881008792,
                -0.05331558939249703
            ],
            "t": 132.0
        },
        {
            "q": [
                0.809395141016051,
                -0.3273134183469697,
                0.05299245312393819,
                -2.012548151340138,
                -0.004081234625953861,
                2.205695866192353,
                0.44358684869637305
            ],
            "t": 162.98998998999
        },
        {
            "q": [
                0.0,
                -0.5000000000000004,
                0.0,
                -1.9999999999999998,
                0.0,
                1.9999999999999998,
                0.0
            ],
            "t": 172.62810232680678
        }
    ]
}
