{
    "name": "a0_",
    "type": 0,
    "start_conf": [
        -0.6191322391754361,
        -0.6091699832066296,
        -0.309614527724427,
        -0.2703863050359942,
        1.7247902165916373,
        3.170368007926842
    ],
    "goal_conf": [
        2.6479488381056595,
        -0.1318565218811267,
        -2.3603859179558873,
        1.3232023705123719,
        1.4859405898173534,
        3.7318784747850997
    ],
    "start_time": 129,
    "success": 1,
    "planning_time": 5571,
    "path": [
        {
            "q": [
                -0.6191322391754361,
                -0.6091699832066296,
                -0.309614527724427,
                -0.2703863050359942,
                1.7247902165916373,
                3.170368007926842
            ],
            "t": 129.0
        },
        {
            "q": [
                -1.4847458723077565,
                -0.2687190211250887,
                -0.09214115589915475,
                -0.13894636746896716,
                1.528341560939365,
                3.348252750400602
            ],
            "t": 134.0
        },
        {
            "q": [
                0.5061655153310499,
                -0.3052708251250814,
                0.6606368726472862,
                0.512237457537914,
                1.4033042322412757,
                -1.9416268561102885
            ],
            "t": 162.70539305047978
        },
        {
            "q": [
                2.6479488381056595,
                -0.1318565218811267,
                -2.3603859179558873,
                1.3232023705123719,
                1.4859405898173534,
                3.7318784747850997
            ],
            "t": 196.85076492647215
        }
    ]
}
