{
    "objects": [
        {
            "goal_pos": [
                0.28956971193752645,
                -0.3490598743394574,
                0.235
            ],
            "goal_quat": [
                0.1320424073702072,
                -0.0,
                -0.0,
                -0.9912440681567181
            ],
            "shape": [
                0.36,
                0.2,
                0.37
            ],
            "start_pos": [
                -0.6559695915790614,
                -0.5887000792248037,
                0.235
            ],
            "start_quat": [
                0.0033454568349783284,
                0.0,
                0.0,
                0.9999944039436247
            ]
        },
        {
            "goal_pos": [
                0.7403291444686183,
                -0.6902613270789119,
                0.21500000000000002
            ],
            "goal_quat": [
                0.08497974560201998,
                0.0,
                0.0,
                0.996382678912784
            ],
            "shape": [
                0.12,
                0.06,
                0.33
            ],
            "start_pos": [
                -0.22288898395262563,
                -0.4952833016854735,
                0.21500000000000002
            ],
            "start_quat": [
                0.996153836711018,
                -0.0,
                -0.0,
                -0.08762153619926168
            ]
        }
    ]
}