{
    "objects": [
        {
            "goal_pos": [
                0.10837497314442945,
                -0.4015206608435181,
                0.245
            ],
            "goal_quat": [
                0.8914225590600594,
                -0.0,
                -0.0,
                -0.4531730587742555
            ],
            "shape": [
                0.14,
                0.09,
                0.39
            ],
            "start_pos": [
                -0.8255858318941106,
                -0.713561068005533,
                0.245
            ],
            "start_quat": [
                0.7774969761980879,
                -0.0,
                -0.0,
                -0.6288866765982802
            ]
        },
        {
            "goal_pos": [
                0.5334055611147941,
                -0.5282314714186163,
                0.175
            ],
            "goal_quat": [
                0.9589974094196898,
                -0.0,
                -0.0,
                -0.2834148350498327
            ],
            "shape": [
                0.21,
                0.22,
                0.25
            ],
            "start_pos": [
                -0.24098548840777978,
                -0.3818733650768086,
                0.175
            ],
            "start_quat": [
                0.1426546485215342,
                -0.0,
                -0.0,
                -0.9897725250052143
            ]
        }
    ]
}