{
    "objects": [
        {
            "goal_pos": [
                -0.4227062074735707,
                0.8253272063076791,
                0.20500000000000002
            ],
            "goal_quat": [
                0.9992767050950614,
                -0.0,
                -0.0,
                -0.038027183097852996
            ],
            "shape": [
                0.2,
                0.06,
                0.31
            ],
            "start_pos": [
                0.22608280826832183,
                0.5518039064477546,
                0.20500000000000002
            ],
            "start_quat": [
                0.5081421272271823,
                0.0,
                0.0,
                0.8612732310579693
            ]
        },
        {
            "goal_pos": [
                0.8484014296423726,
                -0.7016455703548226,
                0.09
            ],
            "goal_quat": [
                0.8807181291447946,
                0.0,
                0.0,
                0.47364076787761084
            ],
            "shape": [
                0.27,
                0.12,
                0.08
            ],
            "start_pos": [
                -0.14882947247027234,
                0.9317950551184007,
                0.09
            ],
            "start_quat": [
                0.5882818268355213,
                0.0,
                0.0,
                0.8086559789026863
            ]
        }
    ]
}