{
    "objects": [
        {
            "goal_pos": [
                0.19702311205887388,
                -0.8608202797688325,
                0.07500000000000001
            ],
            "goal_quat": [
                0.9929401086606238,
                -0.0,
                -0.0,
                -0.1186167804866944
            ],
            "shape": [
                0.03,
                0.3,
                0.05
            ],
            "start_pos": [
                0.3971003290456415,
                0.27680360941856663,
                0.15100000000000002
            ],
            "start_quat": [
                0.9999927528138705,
                -0.0,
                -0.0,
                -0.0038071406248560966
            ]
        },
        {
            "goal_pos": [
                -0.8479676022432727,
                -0.7708846443741428,
                0.07500000000000001
            ],
            "goal_quat": [
                0.6750374891266293,
                0.0,
                0.0,
                0.7377834291129178
            ],
            "shape": [
                0.03,
                0.3,
                0.05
            ],
            "start_pos": [
                -0.4080947134347671,
                0.34462391597843123,
                0.551
            ],
            "start_quat": [
                0.8889943101335576,
                0.0,
                0.0,
                0.45791824221159844
            ]
        },
        {
            "goal_pos": [
                1.0375039130366606,
                -0.5077926720186946,
                0.07500000000000001
            ],
            "goal_quat": [
                0.48607235641805957,
                -0.0,
                -0.0,
                -0.8739185684754586
            ],
            "shape": [
                0.03,
                0.3,
                0.05
            ],
            "start_pos": [
                0.019214160053145482,
                0.2896432339075409,
                0.15100000000000002
            ],
            "start_quat": [
                0.17680155867561337,
                -0.0,
                -0.0,
                -0.9842465183326145
            ]
        }
    ]
}