{
    "objects": [
        {
            "goal_pos": [
                0.6449950643901835,
                -0.7677585355028282,
                0.07500000000000001
            ],
            "goal_quat": [
                0.4054571999009702,
                0.0,
                0.0,
                0.9141140295654939
            ],
            "shape": [
                0.03,
                0.3,
                0.05
            ],
            "start_pos": [
                0.41879224185152325,
                0.2570312620710222,
                0.15100000000000002
            ],
            "start_quat": [
                0.17715468444339355,
                0.0,
                0.0,
                0.984183020469141
            ]
        },
        {
            "goal_pos": [
                -0.9019155024046773,
                -0.5028618489664053,
                0.07500000000000001
            ],
            "goal_quat": [
                0.5986477377235865,
                0.0,
                0.0,
                0.8010124132112011
            ],
            "shape": [
                0.03,
                0.3,
                0.05
            ],
            "start_pos": [
                -0.3979096970418287,
                0.3342330670874608,
                0.551
            ],
            "start_quat": [
                0.8474454379291086,
                -0.0,
                -0.0,
                -0.5308825008729722
            ]
        },
        {
            "goal_pos": [
                -0.5200088698898688,
                -0.8457352332121826,
                0.07500000000000001
            ],
            "goal_quat": [
                0.8298428276800649,
                -0.0,
                -0.0,
                -0.557997205501922
            ],
            "shape": [
                0.03,
                0.3,
                0.05
            ],
            "start_pos": [
                -0.022105277101962164,
                0.3006804715127149,
                0.15100000000000002
            ],
            "start_quat": [
                0.9990653617590732,
                0.0,
                0.0,
                0.04322502669995916
            ]
        },
        {
            "goal_pos": [
                0.947966942163294,
                -0.41302743029323685,
                0.07500000000000001
            ],
            "goal_quat": [
                0.9884157024517141,
                -0.0,
                -0.0,
                -0.15177087713683618
            ],
            "shape": [
                0.03,
                0.3,
                0.05
            ],
            "start_pos": [
                -0.018260402763398485,
                0.27414577131373585,
                0.551
            ],
            "start_quat": [
                0.007601625416683276,
                0.0,
                0.0,
                0.9999711072281161
            ]
        }
    ]
}