{
    "objects": [
        {
            "goal_pos": [
                1.004392240771108,
                0.059964455979335196,
                0.11
            ],
            "goal_quat": [
                0.4954886560749778,
                0.0,
                0.0,
                0.8686144091028034
            ],
            "shape": [
                0.14,
                0.06,
                0.12
            ],
            "start_pos": [
                -0.5092764920751437,
                0.9819644520359667,
                0.11
            ],
            "start_quat": [
                0.30810772685438625,
                0.0,
                0.0,
                0.9513514748254837
            ]
        },
        {
            "goal_pos": [
                1.074905072284512,
                -0.5103185332642113,
                0.13
            ],
            "goal_quat": [
                0.6474319384848318,
                0.0,
                0.0,
                0.7621232741688007
            ],
            "shape": [
                0.15,
                0.13,
                0.16
            ],
            "start_pos": [
                -0.04782844202011349,
                -0.47749874897453715,
                0.13
            ],
            "start_quat": [
                0.41719038086421667,
                0.0,
                0.0,
                0.908819116279125
            ]
        },
        {
            "goal_pos": [
                -0.9645701099571735,
                0.9370339515970304,
                0.125
            ],
            "goal_quat": [
                0.8211179495812287,
                0.0,
                0.0,
                0.5707585416579578
            ],
            "shape": [
                0.13,
                0.13,
                0.15
            ],
            "start_pos": [
                0.07277746130953111,
                0.19195581300546735,
                0.125
            ],
            "start_quat": [
                0.252864337822919,
                0.0,
                0.0,
                0.9675017450409982
            ]
        },
        {
            "goal_pos": [
                -1.0467140002940079,
                -0.07033882973082783,
                0.135
            ],
            "goal_quat": [
                0.7075135935839785,
                -0.0,
                -0.0,
                -0.7066997346071986
            ],
            "shape": [
                0.17,
                0.05,
                0.17
            ],
            "start_pos": [
                0.005708314611352017,
                0.515463161789369,
                0.135
            ],
            "start_quat": [
                0.9809082668114688,
                -0.0,
                -0.0,
                -0.19447100581043028
            ]
        }
    ]
}