{
    "objects": [
        {
            "goal_pos": [
                -1.1579542663507336,
                0.7987372249805857,
                0.07500000000000001
            ],
            "goal_quat": [
                0.8796708324593286,
                0.0,
                0.0,
                0.4755830385120056
            ],
            "shape": [
                0.13,
                0.05,
                0.05
            ],
            "start_pos": [
                0.13341541957165481,
                0.5046443260332731,
                0.07500000000000001
            ],
            "start_quat": [
                0.6664892170190643,
                0.0,
                0.0,
                0.7455146702763902
            ]
        },
        {
            "goal_pos": [
                1.0629469177098394,
                0.16093967272837426,
                0.135
            ],
            "goal_quat": [
                0.9777198221684181,
                -0.0,
                -0.0,
                -0.20991414754360138
            ],
            "shape": [
                0.14,
                0.15,
                0.17
            ],
            "start_pos": [
                -0.1906414122204284,
                -0.046882793305410675,
                0.135
            ],
            "start_quat": [
                0.7188404936482705,
                0.0,
                0.0,
                0.6951750460794107
            ]
        },
        {
            "goal_pos": [
                1.1731521059903744,
                0.6746721582969841,
                0.095
            ],
            "goal_quat": [
                0.5879072295189373,
                -0.0,
                -0.0,
                -0.8089283586816373
            ],
            "shape": [
                0.08,
                0.18,
                0.09
            ],
            "start_pos": [
                0.14021882453229234,
                0.0009993135183022361,
                0.095
            ],
            "start_quat": [
                0.999218892696183,
                0.0,
                0.0,
                0.03951714158455553
            ]
        }
    ]
}