{
    "objects": [
        {
            "goal_pos": [
                0.9539432389123823,
                -0.13167076847458237,
                0.08
            ],
            "goal_quat": [
                0.10452353574822083,
                -0.0,
                -0.0,
                -0.9945224132590931
            ],
            "shape": [
                0.13,
                0.05,
                0.06
            ],
            "start_pos": [
                0.06770900572971883,
                -0.6219999196148919,
                0.08
            ],
            "start_quat": [
                0.9643025504431733,
                -0.0,
                -0.0,
                -0.26480292900342184
            ]
        },
        {
            "goal_pos": [
                -0.9864262393830301,
                0.2611711056419195,
                0.10500000000000001
            ],
            "goal_quat": [
                0.6038130752127832,
                0.0,
                0.0,
                0.7971259437517273
            ],
            "shape": [
                0.14,
                0.18,
                0.11
            ],
            "start_pos": [
                0.1322987865539223,
                0.6719792464966076,
                0.10500000000000001
            ],
            "start_quat": [
                0.6881034949602165,
                0.0,
                0.0,
                0.7256125551722044
            ]
        },
        {
            "goal_pos": [
                1.1181498230023408,
                0.3511976904433735,
                0.10500000000000001
            ],
            "goal_quat": [
                0.5398495633025108,
                0.0,
                0.0,
                0.8417615155149875
            ],
            "shape": [
                0.07,
                0.09,
                0.11
            ],
            "start_pos": [
                0.4777662009958159,
                -0.9261411199872057,
                0.10500000000000001
            ],
            "start_quat": [
                0.984691106031202,
                -0.0,
                -0.0,
                -0.17430842120519618
            ]
        }
    ]
}