{
    "objects": [
        {
            "goal_pos": [
                -0.1904098042060614,
                -0.9627844725067247,
                0.07500000000000001
            ],
            "goal_quat": [
                0.4086096016147147,
                -0.0,
                -0.0,
                -0.9127092600977948
            ],
            "shape": [
                0.03,
                0.3,
                0.05
            ],
            "start_pos": [
                0.386356609433016,
                0.29102796126654495,
                0.15100000000000002
            ],
            "start_quat": [
                0.7649774911909147,
                0.0,
                0.0,
                0.6440570145346248
            ]
        },
        {
            "goal_pos": [
                0.1034837342232307,
                -0.791130768859511,
                0.07500000000000001
            ],
            "goal_quat": [
                0.25054131492380144,
                0.0,
                0.0,
                0.9681059082126565
            ],
            "shape": [
                0.03,
                0.3,
                0.05
            ],
            "start_pos": [
                -0.41326157337427055,
                0.31289893276855313,
                0.551
            ],
            "start_quat": [
                0.46174193105546457,
                -0.0,
                -0.0,
                -0.8870143116687411
            ]
        },
        {
            "goal_pos": [
                0.5892634813909035,
                -0.8544647526203555,
                0.07500000000000001
            ],
            "goal_quat": [
                0.7024117175004639,
                -0.0,
                -0.0,
                -0.7117708754353809
            ],
            "shape": [
                0.03,
                0.3,
                0.05
            ],
            "start_pos": [
                0.003511245971638044,
                0.3126339085512258,
                0.15100000000000002
            ],
            "start_quat": [
                0.43228563704217415,
                -0.0,
                -0.0,
                -0.9017367287667957
            ]
        },
        {
            "goal_pos": [
                1.047938035958568,
                -0.41645052557081125,
                0.07500000000000001
            ],
            "goal_quat": [
                0.1529373041968229,
                -0.0,
                -0.0,
                -0.9882358933903426
            ],
            "shape": [
                0.03,
                0.3,
                0.05
            ],
            "start_pos": [
                0.021812154356798383,
                0.2965921936236157,
                0.551
            ],
            "start_quat": [
                0.8967836606344105,
                0.0,
                0.0,
                0.4424692825712836
            ]
        }
    ]
}