{
    "objects": [
        {
            "goal_pos": [
                -0.37842020928879283,
                -0.9700223681304534,
                0.07500000000000001
            ],
            "goal_quat": [
                0.8539811073295217,
                -0.0,
                -0.0,
                -0.5203040152874508
            ],
            "shape": [
                0.03,
                0.3,
                0.05
            ],
            "start_pos": [
                0.41196617236730604,
                0.26323657260692523,
                0.15100000000000002
            ],
            "start_quat": [
                0.23492792663974907,
                -0.0,
                -0.0,
                -0.9720127927577644
            ]
        },
        {
            "goal_pos": [
                0.25684769180643263,
                -0.893615619455262,
                0.07500000000000001
            ],
            "goal_quat": [
                0.4960995084194809,
                -0.0,
                -0.0,
                -0.8682656723295868
            ],
            "shape": [
                0.03,
                0.3,
                0.05
            ],
            "start_pos": [
                -0.38311192164712393,
                0.34877247651951426,
                0.551
            ],
            "start_quat": [
                0.4111208580390651,
                0.0,
                0.0,
                0.9115808467081913
            ]
        }
    ]
}