{
    "objects": [
        {
            "goal_pos": [
                -0.661364717250586,
                -0.5875144877699012,
                0.07500000000000001
            ],
            "goal_quat": [
                0.9726589670796789,
                -0.0,
                -0.0,
                -0.23223809713199964
            ],
            "shape": [
                0.27,
                0.24,
                0.05
            ],
            "start_pos": [
                0.006225058730507271,
                -0.3368877741557966,
                0.07500000000000001
            ],
            "start_quat": [
                0.40136593652325164,
                0.0,
                0.0,
                0.9159177828816368
            ]
        },
        {
            "goal_pos": [
                -0.36334457338894594,
                -0.4632042819249542,
                0.1
            ],
            "goal_quat": [
                0.7940965873426268,
                -0.0,
                -0.0,
                -0.6077915843204758
            ],
            "shape": [
                0.12,
                0.16,
                0.1
            ],
            "start_pos": [
                0.47401092072232076,
                -0.6343432809125387,
                0.1
            ],
            "start_quat": [
                0.8495051384456072,
                0.0,
                0.0,
                0.5275803443595201
            ]
        }
    ]
}