{
    "objects": [
        {
            "goal_pos": [
                -0.8700678282570862,
                -0.11062066498742706,
                0.14500000000000002
            ],
            "goal_quat": [
                0.9805326368560866,
                -0.0,
                -0.0,
                -0.1963561765263567
            ],
            "shape": [
                0.3,
                0.16,
                0.19
            ],
            "start_pos": [
                0.25978804228496205,
                -0.575742991246326,
                0.14500000000000002
            ],
            "start_quat": [
                0.836433160129421,
                0.0,
                0.0,
                0.5480689451482452
            ]
        },
        {
            "goal_pos": [
                -0.08049056165952334,
                -0.8750911363480969,
                0.22000000000000003
            ],
            "goal_quat": [
                0.8174893280647363,
                0.0,
                0.0,
                0.5759437459511701
            ],
            "shape": [
                0.23,
                0.16,
                0.34
            ],
            "start_pos": [
                -0.32821872018693726,
                0.36066184465055684,
                0.22000000000000003
            ],
            "start_quat": [
                0.15348299529403656,
                0.0,
                0.0,
                0.9881512891028229
            ]
        },
        {
            "goal_pos": [
                -0.7115853105913352,
                -0.6572404515172392,
                0.135
            ],
            "goal_quat": [
                0.512853522508297,
                0.0,
                0.0,
                0.8584761292259859
            ],
            "shape": [
                0.31,
                0.16,
                0.17
            ],
            "start_pos": [
                0.46701022008141635,
                -0.2542659852736181,
                0.135
            ],
            "start_quat": [
                0.6822653887554078,
                -0.0,
                -0.0,
                -0.7311046021647192
            ]
        }
    ]
}