{
    "objects": [
        {
            "goal_pos": [
                1.0604979822005918,
                -0.39658125318261894,
                0.07500000000000001
            ],
            "goal_quat": [
                0.3574996028060464,
                -0.0,
                -0.0,
                -0.9339132904041568
            ],
            "shape": [
                0.03,
                0.3,
                0.05
            ],
            "start_pos": [
                0.38323765138621596,
                0.3029467363434485,
                0.15100000000000002
            ],
            "start_quat": [
                0.21529155791685559,
                0.0,
                0.0,
                0.9765498170035839
            ]
        },
        {
            "goal_pos": [
                -0.9050459127291933,
                -0.49456606317175084,
                0.07500000000000001
            ],
            "goal_quat": [
                0.8358484543220754,
                0.0,
                0.0,
                0.5489602548522046
            ],
            "shape": [
                0.03,
                0.3,
                0.05
            ],
            "start_pos": [
                -0.3838262817862865,
                0.291817976038318,
                0.551
            ],
            "start_quat": [
                0.2870594945704409,
                0.0,
                0.0,
                0.9579127552011003
            ]
        }
    ]
}