{
    "objects": [
        {
            "goal_pos": [
                -0.9938917165087082,
                -0.3592050345790046,
                0.07500000000000001
            ],
            "goal_quat": [
                0.008335280745525218,
                0.0,
                0.0,
                0.9999652609440456
            ],
            "shape": [
                0.03,
                0.3,
                0.05
            ],
            "start_pos": [
                0.41865368208541065,
                0.3179177679889806,
                0.15100000000000002
            ],
            "start_quat": [
                0.30824219798990315,
                -0.0,
                -0.0,
                -0.9513079140732266
            ]
        },
        {
            "goal_pos": [
                -0.39289469789741727,
                -0.9927972733093136,
                0.07500000000000001
            ],
            "goal_quat": [
                0.6237329478736039,
                -0.0,
                -0.0,
                -0.7816375181226296
            ],
            "shape": [
                0.03,
                0.3,
                0.05
            ],
            "start_pos": [
                -0.41630723870033887,
                0.2511417693777478,
                0.551
            ],
            "start_quat": [
                0.7537381424813455,
                -0.0,
                -0.0,
                -0.6571748721373718
            ]
        },
        {
            "goal_pos": [
                -0.7943770754896418,
                -0.7099374242761424,
                0.07500000000000001
            ],
            "goal_quat": [
                0.6348742040787804,
                -0.0,
                -0.0,
                -0.7726155221035461
            ],
            "shape": [
                0.03,
                0.3,
                0.05
            ],
            "start_pos": [
                -0.019735670577255972,
                0.2609885794127904,
                0.15100000000000002
            ],
            "start_quat": [
                0.6433410191227138,
                -0.0,
                -0.0,
                -0.7655797366141217
            ]
        },
        {
            "goal_pos": [
                0.5367073510751725,
                -0.9147918505993426,
                0.07500000000000001
            ],
            "goal_quat": [
                0.01928877733865814,
                0.0,
                0.0,
                0.9998139542278752
            ],
            "shape": [
                0.03,
                0.3,
                0.05
            ],
            "start_pos": [
                0.007646468894341112,
                0.27897020930244765,
                0.551
            ],
            "start_quat": [
                0.567159483452996,
                0.0,
                0.0,
                0.8236079894763836
            ]
        }
    ]
}