{
    "objects": [
        {
            "goal_pos": [
                -0.1792505529633504,
                -0.3298261182603356,
                0.11
            ],
            "goal_quat": [
                0.9983669413979741,
                0.0,
                0.0,
                0.05712661659554262
            ],
            "shape": [
                0.1,
                0.09,
                0.12
            ],
            "start_pos": [
                -0.40188239245878815,
                -0.48558000002940893,
                0.11
            ],
            "start_quat": [
                0.7618801967074668,
                0.0,
                0.0,
                0.6477179678417079
            ]
        },
        {
            "goal_pos": [
                0.19583618425777458,
                -0.3704055302744862,
                0.165
            ],
            "goal_quat": [
                0.9927246269818056,
                0.0,
                0.0,
                0.12040687266030443
            ],
            "shape": [
                0.19,
                0.18,
                0.23
            ],
            "start_pos": [
                0.5499527129018822,
                -0.5470959431502236,
                0.165
            ],
            "start_quat": [
                0.39880281103744597,
                0.0,
                0.0,
                0.9170367047772031
            ]
        },
        {
            "goal_pos": [
                -0.466284596090878,
                -0.31702190710099765,
                0.2
            ],
            "goal_quat": [
                0.18685165755654826,
                0.0,
                0.0,
                0.9823881402319403
            ],
            "shape": [
                0.12,
                0.16,
                0.3
            ],
            "start_pos": [
                0.8386573057829756,
                -0.7044930905185186,
                0.2
            ],
            "start_quat": [
                0.35626145640076523,
                -0.0,
                -0.0,
                -0.9343863091265869
            ]
        }
    ]
}