{
    "objects": [
        {
            "goal_pos": [
                -0.9155122369752903,
                -0.5639057149575126,
                0.07500000000000001
            ],
            "goal_quat": [
                0.8497455143365988,
                -0.0,
                -0.0,
                -0.5271930963744016
            ],
            "shape": [
                0.03,
                0.3,
                0.05
            ],
            "start_pos": [
                0.39306702958183315,
                0.3340647015281934,
                0.15100000000000002
            ],
            "start_quat": [
                0.9302818128305065,
                0.0,
                0.0,
                0.3668456742511576
            ]
        },
        {
            "goal_pos": [
                -0.25751697143980473,
                -0.8807524794069301,
                0.07500000000000001
            ],
            "goal_quat": [
                0.8450009209509127,
                0.0,
                0.0,
                0.5347648488748202
            ],
            "shape": [
                0.03,
                0.3,
                0.05
            ],
            "start_pos": [
                -0.41085138550886896,
                0.3320136646490371,
                0.551
            ],
            "start_quat": [
                0.987376753484527,
                0.0,
                0.0,
                0.1583892252596609
            ]
        }
    ]
}