{
    "objects": [
        {
            "goal_pos": [
                0.1746223844339287,
                -0.5284909405353176,
                0.10500000000000001
            ],
            "goal_quat": [
                0.8428218795638541,
                -0.0,
                -0.0,
                -0.5381926043048642
            ],
            "shape": [
                0.05,
                0.08,
                0.11
            ],
            "start_pos": [
                0.3400705349714025,
                -0.6899602830832671,
                0.10500000000000001
            ],
            "start_quat": [
                0.6750738880189735,
                -0.0,
                -0.0,
                -0.7377501241714205
            ]
        },
        {
            "goal_pos": [
                -0.4695184050356026,
                -0.4457690538026039,
                0.13
            ],
            "goal_quat": [
                0.9906586715041956,
                -0.0,
                -0.0,
                -0.13636493894525178
            ],
            "shape": [
                0.26,
                0.26,
                0.16
            ],
            "start_pos": [
                0.7023158258538931,
                -0.6520123443685932,
                0.13
            ],
            "start_quat": [
                0.9248994919785428,
                -0.0,
                -0.0,
                -0.3802116906906379
            ]
        },
        {
            "goal_pos": [
                -0.11587054274792968,
                -0.3826364188653818,
                0.22999999999999998
            ],
            "goal_quat": [
                0.44709336457804444,
                0.0,
                0.0,
                0.8944872963604815
            ],
            "shape": [
                0.28,
                0.18,
                0.36
            ],
            "start_pos": [
                0.44181769898600454,
                -0.3938915272969544,
                0.22999999999999998
            ],
            "start_quat": [
                0.6241938190882863,
                0.0,
                0.0,
                0.7812695285315944
            ]
        }
    ]
}