{
    "objects": [
        {
            "goal_pos": [
                0.061184922048479695,
                -0.805893377541919,
                0.07500000000000001
            ],
            "goal_quat": [
                0.0876934599753956,
                0.0,
                0.0,
                0.9961475076902736
            ],
            "shape": [
                0.03,
                0.3,
                0.05
            ],
            "start_pos": [
                0.38989320036624625,
                0.2674404383549484,
                0.15100000000000002
            ],
            "start_quat": [
                0.894308407367603,
                0.0,
                0.0,
                0.4474510839316645
            ]
        },
        {
            "goal_pos": [
                0.8127098535000747,
                -0.6793256318968853,
                0.07500000000000001
            ],
            "goal_quat": [
                0.9915825294679046,
                -0.0,
                -0.0,
                -0.12947620342762636
            ],
            "shape": [
                0.03,
                0.3,
                0.05
            ],
            "start_pos": [
                -0.3775524652488816,
                0.2621275118602539,
                0.551
            ],
            "start_quat": [
                0.8195671775513065,
                -0.0,
                -0.0,
                -0.5729831075001995
            ]
        }
    ]
}