{
    "objects": [
        {
            "goal_pos": [
                0.27748777563047117,
                -0.8445457123140134,
                0.07500000000000001
            ],
            "goal_quat": [
                0.2371555227505784,
                -0.0,
                -0.0,
                -0.9714716969777863
            ],
            "shape": [
                0.03,
                0.3,
                0.05
            ],
            "start_pos": [
                0.4006241352880774,
                0.25313633400965624,
                0.15100000000000002
            ],
            "start_quat": [
                0.5550849047930551,
                0.0,
                0.0,
                0.831793693454624
            ]
        },
        {
            "goal_pos": [
                -0.43462298513423336,
                -0.9640857294527012,
                0.07500000000000001
            ],
            "goal_quat": [
                0.9319530679232296,
                0.0,
                0.0,
                0.36257892821905713
            ],
            "shape": [
                0.03,
                0.3,
                0.05
            ],
            "start_pos": [
                -0.41504361881066365,
                0.2720878772460824,
                0.551
            ],
            "start_quat": [
                0.4467980487971061,
                -0.0,
                -0.0,
                -0.894634843716194
            ]
        }
    ]
}