{
    "objects": [
        {
            "goal_pos": [
                0.29403088744121,
                -0.49852831324125946,
                0.22500000000000003
            ],
            "goal_quat": [
                0.3767368964007654,
                -0.0,
                -0.0,
                -0.9263203068541243
            ],
            "shape": [
                0.23,
                0.15,
                0.35000000000000003
            ],
            "start_pos": [
                0.027871196203560267,
                -0.2918445258692598,
                0.22500000000000003
            ],
            "start_quat": [
                0.8199961038777165,
                -0.0,
                -0.0,
                -0.5723691026124359
            ]
        },
        {
            "goal_pos": [
                -0.31821710060146974,
                -0.36440418070806857,
                0.10500000000000001
            ],
            "goal_quat": [
                0.44415443213309586,
                0.0,
                0.0,
                0.8959502443866664
            ],
            "shape": [
                0.23,
                0.31,
                0.11
            ],
            "start_pos": [
                0.7071898897056628,
                -0.6803044419368662,
                0.10500000000000001
            ],
            "start_quat": [
                0.4589329483171988,
                -0.0,
                -0.0,
                -0.8884709049534956
            ]
        }
    ]
}