{
    "objects": [
        {
            "goal_pos": [
                -1.0902221721989767,
                -0.914580156361185,
                0.135
            ],
            "goal_quat": [
                0.7302581455009124,
                -0.0,
                -0.0,
                -0.6831713115533821
            ],
            "shape": [
                0.05,
                0.11,
                0.17
            ],
            "start_pos": [
                -0.5520109984179118,
                0.8550331875651203,
                0.135
            ],
            "start_quat": [
                0.9709118365553867,
                -0.0,
                -0.0,
                -0.2394372686877423
            ]
        },
        {
            "goal_pos": [
                -0.8646027667453795,
                -0.9280308419442866,
                0.15000000000000002
            ],
            "goal_quat": [
                0.999481743701668,
                0.0,
                0.0,
                0.03219074412114921
            ],
            "shape": [
                0.17,
                0.08,
                0.2
            ],
            "start_pos": [
                0.172791529536935,
                -0.7522862634165417,
                0.15000000000000002
            ],
            "start_quat": [
                0.7415530365994676,
                -0.0,
                -0.0,
                -0.6708942494239377
            ]
        },
        {
            "goal_pos": [
                -1.1572773769450393,
                0.22687208885335708,
                0.085
            ],
            "goal_quat": [
                0.9265569138249051,
                -0.0,
                -0.0,
                -0.3761546031132244
            ],
            "shape": [
                0.16,
                0.06,
                0.07
            ],
            "start_pos": [
                -0.10700501693821185,
                0.2540364144655915,
                0.085
            ],
            "start_quat": [
                0.8854163903255919,
                0.0,
                0.0,
                0.46479868302610217
            ]
        }
    ]
}