{
    "objects": [
        {
            "goal_pos": [
                -1.0523588289405303,
                -0.3810657145868922,
                0.07500000000000001
            ],
            "goal_quat": [
                0.19585347981882123,
                0.0,
                0.0,
                0.9806331701726485
            ],
            "shape": [
                0.03,
                0.3,
                0.05
            ],
            "start_pos": [
                0.41747798701144395,
                0.27265831043425354,
                0.15100000000000002
            ],
            "start_quat": [
                0.007788752690714159,
                0.0,
                0.0,
                0.9999696672057222
            ]
        },
        {
            "goal_pos": [
                0.18267668575423532,
                -0.892579014389761,
                0.07500000000000001
            ],
            "goal_quat": [
                0.9598829853461981,
                0.0,
                0.0,
                0.28040088167277655
            ],
            "shape": [
                0.03,
                0.3,
                0.05
            ],
            "start_pos": [
                -0.4168895028143594,
                0.31175993543310854,
                0.551
            ],
            "start_quat": [
                0.8250255688808101,
                -0.0,
                -0.0,
                -0.565095399638765
            ]
        },
        {
            "goal_pos": [
                0.9137949689940852,
                -0.581646036958824,
                0.07500000000000001
            ],
            "goal_quat": [
                0.904391110137646,
                0.0,
                0.0,
                0.4267044877945349
            ],
            "shape": [
                0.03,
                0.3,
                0.05
            ],
            "start_pos": [
                0.011035355585888008,
                0.26343187686445135,
                0.15100000000000002
            ],
            "start_quat": [
                0.2450743519651988,
                -0.0,
                -0.0,
                -0.969504286740826
            ]
        }
    ]
}