{
    "objects": [
        {
            "goal_pos": [
                -0.012758642970555845,
                -0.7316134057820776,
                0.07500000000000001
            ],
            "goal_quat": [
                0.6452013188198363,
                -0.0,
                -0.0,
                -0.7640126034255874
            ],
            "shape": [
                0.03,
                0.3,
                0.05
            ],
            "start_pos": [
                0.4162343602809311,
                0.30049767651749876,
                0.15100000000000002
            ],
            "start_quat": [
                0.790071450322223,
                0.0,
                0.0,
                0.6130147660421721
            ]
        },
        {
            "goal_pos": [
                -0.5479494121715041,
                -0.9547552573034175,
                0.07500000000000001
            ],
            "goal_quat": [
                0.918284491971208,
                -0.0,
                -0.0,
                -0.39592119393280834
            ],
            "shape": [
                0.03,
                0.3,
                0.05
            ],
            "start_pos": [
                -0.40934275938037357,
                0.328314471567693,
                0.551
            ],
            "start_quat": [
                0.9975233162142307,
                -0.0,
                -0.0,
                -0.07033657376474808
            ]
        },
        {
            "goal_pos": [
                0.2817540072690192,
                -0.8916076370755148,
                0.07500000000000001
            ],
            "goal_quat": [
                0.3803257365905551,
                -0.0,
                -0.0,
                -0.9248526012759286
            ],
            "shape": [
                0.03,
                0.3,
                0.05
            ],
            "start_pos": [
                -0.017741148889924594,
                0.3012575660174355,
                0.15100000000000002
            ],
            "start_quat": [
                0.08573224544682115,
                0.0,
                0.0,
                0.9963182132685551
            ]
        }
    ]
}