{
    "objects": [
        {
            "goal_pos": [
                0.3346754827925184,
                -0.8839847316110419,
                0.07500000000000001
            ],
            "goal_quat": [
                0.6132906630306874,
                -0.0,
                -0.0,
                -0.7898573052389779
            ],
            "shape": [
                0.03,
                0.3,
                0.05
            ],
            "start_pos": [
                0.3878755387175845,
                0.2874840290399719,
                0.15100000000000002
            ],
            "start_quat": [
                0.7858057885144059,
                0.0,
                0.0,
                0.6184733322765443
            ]
        },
        {
            "goal_pos": [
                -1.011637384381308,
                -0.6318989640623229,
                0.07500000000000001
            ],
            "goal_quat": [
                0.8270045850944575,
                0.0,
                0.0,
                0.562195176280217
            ],
            "shape": [
                0.03,
                0.3,
                0.05
            ],
            "start_pos": [
                -0.37963525435924067,
                0.30318643015259883,
                0.551
            ],
            "start_quat": [
                0.6187179116652542,
                0.0,
                0.0,
                0.7856132291303314
            ]
        },
        {
            "goal_pos": [
                -0.7759195944966362,
                -0.8263952657328373,
                0.07500000000000001
            ],
            "goal_quat": [
                0.9204413331430202,
                0.0,
                0.0,
                0.3908807391544122
            ],
            "shape": [
                0.03,
                0.3,
                0.05
            ],
            "start_pos": [
                0.004064949313796879,
                0.3077764169968295,
                0.15100000000000002
            ],
            "start_quat": [
                0.7805759499580972,
                0.0,
                0.0,
                0.6250609461060691
            ]
        },
        {
            "goal_pos": [
                0.016134615554916243,
                -0.8046668308797951,
                0.07500000000000001
            ],
            "goal_quat": [
                0.48705525455054205,
                0.0,
                0.0,
                0.8733711576498887
            ],
            "shape": [
                0.03,
                0.3,
                0.05
            ],
            "start_pos": [
                -0.014782963618108044,
                0.25430569887369775,
                0.551
            ],
            "start_quat": [
                0.3444832000356644,
                0.0,
                0.0,
                0.9387924823373845
            ]
        }
    ]
}