{
    "objects": [
        {
            "goal_pos": [
                0.4185767372389634,
                0.19895889529094224,
                0.1
            ],
            "goal_quat": [
                0.8729478355086562,
                -0.0,
                -0.0,
                -0.4878135673397698
            ],
            "shape": [
                0.14,
                0.15,
                0.1
            ],
            "start_pos": [
                -0.16375933939199494,
                -0.6799106533113916,
                0.1
            ],
            "start_quat": [
                0.005473861304530951,
                -0.0,
                -0.0,
                -0.9999850183089839
            ]
        },
        {
            "goal_pos": [
                0.24332240763844348,
                0.06741425080883207,
                0.24
            ],
            "goal_quat": [
                0.816402224859879,
                -0.0,
                -0.0,
                -0.5774836856949637
            ],
            "shape": [
                0.12,
                0.16,
                0.38
            ],
            "start_pos": [
                -0.19918397231152307,
                -0.13456993999399966,
                0.24
            ],
            "start_quat": [
                0.00878041809278637,
                -0.0,
                -0.0,
                -0.9999614513860601
            ]
        },
        {
            "goal_pos": [
                0.7436349338832562,
                -0.4009474329349258,
                0.11
            ],
            "goal_quat": [
                0.3844328409847353,
                -0.0,
                -0.0,
                -0.9231529617416635
            ],
            "shape": [
                0.32,
                0.25,
                0.12
            ],
            "start_pos": [
                -0.6247332663357379,
                1.502595013730542,
                0.11
            ],
            "start_quat": [
                0.8152390076217922,
                0.0,
                0.0,
                0.5791246501849454
            ]
        }
    ]
}