{
    "objects": [
        {
            "goal_pos": [
                -0.895713846233387,
                -0.8790113742784801,
                0.125
            ],
            "goal_quat": [
                0.006498525250896938,
                -0.0,
                -0.0,
                -0.9999788843618467
            ],
            "shape": [
                0.19,
                0.18,
                0.15
            ],
            "start_pos": [
                -0.6496508958446476,
                0.9447269202367606,
                0.125
            ],
            "start_quat": [
                0.19468449402265758,
                0.0,
                0.0,
                0.9808659173338331
            ]
        }
    ]
}