{
    "objects": [
        {
            "goal_pos": [
                -1.0436174601365673,
                -0.36262347880563633,
                0.07500000000000001
            ],
            "goal_quat": [
                0.9461141004397116,
                0.0,
                0.0,
                0.3238334586622504
            ],
            "shape": [
                0.03,
                0.3,
                0.05
            ],
            "start_pos": [
                0.4094593451544961,
                0.29746454712890846,
                0.15100000000000002
            ],
            "start_quat": [
                0.7750399910238825,
                0.0,
                0.0,
                0.6319121871856089
            ]
        },
        {
            "goal_pos": [
                -0.5592282045862613,
                -0.8600424785341156,
                0.07500000000000001
            ],
            "goal_quat": [
                0.7934230867342459,
                -0.0,
                -0.0,
                -0.6086705228915734
            ],
            "shape": [
                0.03,
                0.3,
                0.05
            ],
            "start_pos": [
                -0.422206268135741,
                0.27673442876381354,
                0.551
            ],
            "start_quat": [
                0.37153929949990727,
                -0.0,
                -0.0,
                -0.9284172278276175
            ]
        }
    ]
}