{
    "objects": [
        {
            "goal_pos": [
                0.3435922728749636,
                1.4636185612641515,
                0.09
            ],
            "goal_quat": [
                0.9554033611387056,
                0.0,
                0.0,
                0.2953039409233547
            ],
            "shape": [
                0.19,
                0.14,
                0.08
            ],
            "start_pos": [
                1.0379079208445046,
                -0.44634848378731073,
                0.09
            ],
            "start_quat": [
                0.9568328805539459,
                -0.0,
                -0.0,
                -0.2906386737700927
            ]
        },
        {
            "goal_pos": [
                -0.04895118874767301,
                -0.7637135717171768,
                0.2
            ],
            "goal_quat": [
                0.2633893136492627,
                0.0,
                0.0,
                0.9646896233791313
            ],
            "shape": [
                0.37,
                0.06,
                0.3
            ],
            "start_pos": [
                0.38983375306458334,
                0.2377369013983759,
                0.2
            ],
            "start_quat": [
                0.670380264715698,
                -0.0,
                -0.0,
                -0.7420177226183419
            ]
        },
        {
            "goal_pos": [
                -0.28207920465075986,
                -1.1641836663492713,
                0.21500000000000002
            ],
            "goal_quat": [
                0.1384429561600651,
                0.0,
                0.0,
                0.9903704094376318
            ],
            "shape": [
                0.29,
                0.06,
                0.33
            ],
            "start_pos": [
                -0.015873644255042674,
                -0.1144704271200856,
                0.21500000000000002
            ],
            "start_quat": [
                0.15541131182829881,
                0.0,
                0.0,
                0.9878498489931591
            ]
        },
        {
            "goal_pos": [
                1.1654447730792534,
                0.48441672906982086,
                0.21000000000000002
            ],
            "goal_quat": [
                0.2980340379580542,
                0.0,
                0.0,
                0.9545552431464703
            ],
            "shape": [
                0.31,
                0.19,
                0.32
            ],
            "start_pos": [
                0.9079815732074858,
                -0.875817011446685,
                0.21000000000000002
            ],
            "start_quat": [
                0.48849179996620196,
                -0.0,
                -0.0,
                -0.8725684852008925
            ]
        }
    ]
}