{
    "objects": [
        {
            "goal_pos": [
                -0.6367587368989269,
                -0.5548962304697449,
                0.1
            ],
            "goal_quat": [
                0.41506852797353616,
                0.0,
                0.0,
                0.909790150026852
            ],
            "shape": [
                0.33,
                0.13,
                0.1
            ],
            "start_pos": [
                0.45050540707561704,
                -0.4562343950923312,
                0.1
            ],
            "start_quat": [
                0.9662766581185148,
                0.0,
                0.0,
                0.25750615521830705
            ]
        },
        {
            "goal_pos": [
                -0.2366443292125653,
                -0.4100673285911055,
                0.235
            ],
            "goal_quat": [
                0.12934439317523583,
                -0.0,
                -0.0,
                -0.9915997317235065
            ],
            "shape": [
                0.09,
                0.31,
                0.37
            ],
            "start_pos": [
                0.08882243325345246,
                -0.38172044473596023,
                0.235
            ],
            "start_quat": [
                0.3689780781097269,
                0.0,
                0.0,
                0.9294380979250056
            ]
        }
    ]
}