{
    "objects": [
        {
            "goal_pos": [
                -1.1438511567071297,
                -0.7011060020610865,
                0.11
            ],
            "goal_quat": [
                0.6034856608432693,
                0.0,
                0.0,
                0.7973738503089769
            ],
            "shape": [
                0.08,
                0.19,
                0.12
            ],
            "start_pos": [
                0.12206856546531353,
                -0.010909639620427347,
                0.11
            ],
            "start_quat": [
                0.9868469682379587,
                0.0,
                0.0,
                0.16165723392273307
            ]
        }
    ]
}