{
    "objects": [
        {
            "goal_pos": [
                0.40154297790744153,
                -0.41432116074747805,
                0.22999999999999998
            ],
            "goal_quat": [
                0.5858197930239547,
                -0.0,
                -0.0,
                -0.8104413427888355
            ],
            "shape": [
                0.36,
                0.14,
                0.36
            ],
            "start_pos": [
                -0.48151430465964035,
                -0.4275993192218881,
                0.22999999999999998
            ],
            "start_quat": [
                0.8252838736068877,
                0.0,
                0.0,
                0.5647180960128785
            ]
        },
        {
            "goal_pos": [
                -0.02411173956116608,
                -0.35559910639052794,
                0.11
            ],
            "goal_quat": [
                0.9952368441318564,
                0.0,
                0.0,
                0.09748653282614422
            ],
            "shape": [
                0.06,
                0.35000000000000003,
                0.12
            ],
            "start_pos": [
                0.6919560987234412,
                -0.7042006799848348,
                0.11
            ],
            "start_quat": [
                0.3548940062583532,
                -0.0,
                -0.0,
                -0.9349065430950283
            ]
        }
    ]
}