{
    "objects": [
        {
            "goal_pos": [
                -0.5961112442455615,
                -0.8571328719519695,
                0.07500000000000001
            ],
            "goal_quat": [
                0.2592600049833329,
                -0.0,
                -0.0,
                -0.9658075635529275
            ],
            "shape": [
                0.03,
                0.3,
                0.05
            ],
            "start_pos": [
                0.41876931068222156,
                0.3095911919978214,
                0.15100000000000002
            ],
            "start_quat": [
                0.5823090776170563,
                -0.0,
                -0.0,
                -0.8129674889715904
            ]
        },
        {
            "goal_pos": [
                -0.9475586550421232,
                -0.30196319242817,
                0.07500000000000001
            ],
            "goal_quat": [
                0.9994981661287985,
                -0.0,
                -0.0,
                -0.03167674075988236
            ],
            "shape": [
                0.03,
                0.3,
                0.05
            ],
            "start_pos": [
                -0.37611547753409935,
                0.3332486225147163,
                0.551
            ],
            "start_quat": [
                0.2599154225419394,
                0.0,
                0.0,
                0.965631385739323
            ]
        },
        {
            "goal_pos": [
                0.00825825489384413,
                -0.6986454730744227,
                0.07500000000000001
            ],
            "goal_quat": [
                0.6316027161182117,
                -0.0,
                -0.0,
                -0.7752922087781469
            ],
            "shape": [
                0.03,
                0.3,
                0.05
            ],
            "start_pos": [
                -0.007347295859706265,
                0.2642696870681041,
                0.15100000000000002
            ],
            "start_quat": [
                0.493736386239999,
                -0.0,
                -0.0,
                -0.8696116264762486
            ]
        },
        {
            "goal_pos": [
                -0.9238324125652854,
                -0.629007563741363,
                0.07500000000000001
            ],
            "goal_quat": [
                0.6542574747008805,
                -0.0,
                -0.0,
                -0.7562718802110963
            ],
            "shape": [
                0.03,
                0.3,
                0.05
            ],
            "start_pos": [
                -0.008548357460699884,
                0.3353969603952198,
                0.551
            ],
            "start_quat": [
                0.9539820474154526,
                -0.0,
                -0.0,
                -0.29986372439663517
            ]
        }
    ]
}