{
    "objects": [
        {
            "goal_pos": [
                0.10951250674209828,
                -0.35935766253797163,
                0.15000000000000002
            ],
            "goal_quat": [
                0.7421782617794759,
                0.0,
                0.0,
                0.6702025274064518
            ],
            "shape": [
                0.19,
                0.29,
                0.2
            ],
            "start_pos": [
                -0.44855281203220015,
                -0.37254838864870676,
                0.15000000000000002
            ],
            "start_quat": [
                0.909193497994303,
                0.0,
                0.0,
                0.41637385028947627
            ]
        },
        {
            "goal_pos": [
                -0.7520257812740707,
                -0.6952077584037749,
                0.195
            ],
            "goal_quat": [
                0.5244883166856877,
                -0.0,
                -0.0,
                -0.8514176446728209
            ],
            "shape": [
                0.21,
                0.3,
                0.29
            ],
            "start_pos": [
                0.6004897581743681,
                -0.5242866594177,
                0.195
            ],
            "start_quat": [
                0.9947069185384129,
                -0.0,
                -0.0,
                -0.10275284040753022
            ]
        }
    ]
}