{
    "objects": [
        {
            "goal_pos": [
                -0.026910369108033072,
                -0.7251609506505279,
                0.07500000000000001
            ],
            "goal_quat": [
                0.5091734568699751,
                0.0,
                0.0,
                0.8606639244322255
            ],
            "shape": [
                0.03,
                0.3,
                0.05
            ],
            "start_pos": [
                0.3945132023667128,
                0.32101769824015836,
                0.15100000000000002
            ],
            "start_quat": [
                0.36761272484663493,
                0.0,
                0.0,
                0.9299789699400908
            ]
        },
        {
            "goal_pos": [
                -0.24013861689815724,
                -0.9520654772178543,
                0.07500000000000001
            ],
            "goal_quat": [
                0.682809389026261,
                0.0,
                0.0,
                0.7305965632670224
            ],
            "shape": [
                0.03,
                0.3,
                0.05
            ],
            "start_pos": [
                -0.40274725018320295,
                0.3227405588428123,
                0.551
            ],
            "start_quat": [
                0.9727174175605486,
                0.0,
                0.0,
                0.23199315846450558
            ]
        }
    ]
}