{
    "objects": [
        {
            "goal_pos": [
                -0.8290128632320248,
                -0.783971570961469,
                0.07500000000000001
            ],
            "goal_quat": [
                0.9920446099504587,
                0.0,
                0.0,
                0.12588682166232606
            ],
            "shape": [
                0.03,
                0.3,
                0.05
            ],
            "start_pos": [
                0.41011639654621057,
                0.3052852109983751,
                0.15100000000000002
            ],
            "start_quat": [
                0.7814627984543465,
                0.0,
                0.0,
                0.6239518367886271
            ]
        },
        {
            "goal_pos": [
                0.7199441446681147,
                -0.7707637766897293,
                0.07500000000000001
            ],
            "goal_quat": [
                0.5187398498367646,
                -0.0,
                -0.0,
                -0.854932142448353
            ],
            "shape": [
                0.03,
                0.3,
                0.05
            ],
            "start_pos": [
                -0.3796774975248056,
                0.25628475520543736,
                0.551
            ],
            "start_quat": [
                0.37064594800915124,
                0.0,
                0.0,
                0.9287742358745733
            ]
        },
        {
            "goal_pos": [
                -0.027747058598980467,
                -0.7035649184059074,
                0.07500000000000001
            ],
            "goal_quat": [
                0.9549400665682725,
                -0.0,
                -0.0,
                -0.29679870158506994
            ],
            "shape": [
                0.03,
                0.3,
                0.05
            ],
            "start_pos": [
                0.016555648524077038,
                0.289622373795752,
                0.15100000000000002
            ],
            "start_quat": [
                0.974824119771851,
                -0.0,
                -0.0,
                -0.22297519034869298
            ]
        },
        {
            "goal_pos": [
                0.9568916691253201,
                -0.5557881643287221,
                0.07500000000000001
            ],
            "goal_quat": [
                0.902200541905105,
                -0.0,
                -0.0,
                -0.431316800259548
            ],
            "shape": [
                0.03,
                0.3,
                0.05
            ],
            "start_pos": [
                0.0182222827339657,
                0.2955064535333517,
                0.551
            ],
            "start_quat": [
                0.17321689641793178,
                0.0,
                0.0,
                0.9848837021675907
            ]
        }
    ]
}