{
    "objects": [
        {
            "goal_pos": [
                0.9887375456426584,
                -0.4845491771370708,
                0.07500000000000001
            ],
            "goal_quat": [
                0.4709184990351255,
                0.0,
                0.0,
                0.8821767211089309
            ],
            "shape": [
                0.03,
                0.3,
                0.05
            ],
            "start_pos": [
                0.3999446549478608,
                0.34485089767328886,
                0.15100000000000002
            ],
            "start_quat": [
                0.9999964247398235,
                0.0,
                0.0,
                0.0026740433000319364
            ]
        },
        {
            "goal_pos": [
                -0.706416348419575,
                -0.8225886744603017,
                0.07500000000000001
            ],
            "goal_quat": [
                0.9810558517653569,
                0.0,
                0.0,
                0.19372510347642116
            ],
            "shape": [
                0.03,
                0.3,
                0.05
            ],
            "start_pos": [
                -0.39033964559091744,
                0.2577907018965297,
                0.551
            ],
            "start_quat": [
                0.3330689161699253,
                0.0,
                0.0,
                0.9429024854572138
            ]
        },
        {
            "goal_pos": [
                -0.0704625611668035,
                -0.7275853225247388,
                0.07500000000000001
            ],
            "goal_quat": [
                0.026844223863439754,
                -0.0,
                -0.0,
                -0.9996396288889159
            ],
            "shape": [
                0.03,
                0.3,
                0.05
            ],
            "start_pos": [
                0.0124963931548763,
                0.2556173675380397,
                0.15100000000000002
            ],
            "start_quat": [
                0.965156490400055,
                -0.0,
                -0.0,
                -0.26167336325779983
            ]
        },
        {
            "goal_pos": [
                0.251310912765164,
                -0.9442780696094704,
                0.07500000000000001
            ],
            "goal_quat": [
                0.9793287840433436,
                0.0,
                0.0,
                0.20227489400364598
            ],
            "shape": [
                0.03,
                0.3,
                0.05
            ],
            "start_pos": [
                -0.020015673771619728,
                0.2512366483219774,
                0.551
            ],
            "start_quat": [
                0.27025140549349363,
                0.0,
                0.0,
                0.9627897890135683
            ]
        }
    ]
}