{
    "objects": [
        {
            "goal_pos": [
                0.8948913211318579,
                -0.5542716375038265,
                0.07500000000000001
            ],
            "goal_quat": [
                0.42655129672254705,
                -0.0,
                -0.0,
                -0.9044633719860156
            ],
            "shape": [
                0.03,
                0.3,
                0.05
            ],
            "start_pos": [
                0.4242233289701322,
                0.32433992149781404,
                0.15100000000000002
            ],
            "start_quat": [
                0.5273495172751891,
                -0.0,
                -0.0,
                -0.8496484488478897
            ]
        },
        {
            "goal_pos": [
                -0.07071447024654626,
                -0.7594626026842084,
                0.07500000000000001
            ],
            "goal_quat": [
                0.46315674141941393,
                -0.0,
                -0.0,
                -0.886276386280121
            ],
            "shape": [
                0.03,
                0.3,
                0.05
            ],
            "start_pos": [
                -0.4084849620618688,
                0.3399031659536035,
                0.551
            ],
            "start_quat": [
                0.9928068978195239,
                -0.0,
                -0.0,
                -0.11972662043995612
            ]
        },
        {
            "goal_pos": [
                -1.0794361269863177,
                -0.32025698493456645,
                0.07500000000000001
            ],
            "goal_quat": [
                0.9021623556787323,
                -0.0,
                -0.0,
                -0.43139666664938503
            ],
            "shape": [
                0.03,
                0.3,
                0.05
            ],
            "start_pos": [
                0.01877435107976181,
                0.2594917308187392,
                0.15100000000000002
            ],
            "start_quat": [
                0.8814596235502596,
                0.0,
                0.0,
                0.47225939064314487
            ]
        }
    ]
}