{
    "objects": [
        {
            "goal_pos": [
                0.06466745217183636,
                -0.3452214864499552,
                0.10500000000000001
            ],
            "goal_quat": [
                0.9985092747341502,
                -0.0,
                -0.0,
                -0.054582307297158676
            ],
            "shape": [
                0.38,
                0.09,
                0.11
            ],
            "start_pos": [
                -0.701244681258761,
                -0.6949089060916989,
                0.10500000000000001
            ],
            "start_quat": [
                0.6458308044629649,
                0.0,
                0.0,
                0.7634805642625879
            ]
        }
    ]
}