{
    "objects": [
        {
            "goal_pos": [
                -0.11551693805967805,
                -0.8568591117425697,
                0.07500000000000001
            ],
            "goal_quat": [
                0.8000697470879315,
                0.0,
                0.0,
                0.5999069926202338
            ],
            "shape": [
                0.03,
                0.3,
                0.05
            ],
            "start_pos": [
                0.4236004778898349,
                0.2568279691514601,
                0.15100000000000002
            ],
            "start_quat": [
                0.9857808235187462,
                -0.0,
                -0.0,
                -0.16803621033188818
            ]
        },
        {
            "goal_pos": [
                -0.6127424087484674,
                -0.8840613283181531,
                0.07500000000000001
            ],
            "goal_quat": [
                0.9999648684643915,
                0.0,
                0.0,
                0.008382233413139562
            ],
            "shape": [
                0.03,
                0.3,
                0.05
            ],
            "start_pos": [
                -0.41449299601493106,
                0.34119441474231854,
                0.551
            ],
            "start_quat": [
                0.7962322887011914,
                0.0,
                0.0,
                0.604991026734829
            ]
        },
        {
            "goal_pos": [
                -0.9263921977657386,
                -0.4971042193799814,
                0.07500000000000001
            ],
            "goal_quat": [
                0.14567612427322665,
                0.0,
                0.0,
                0.9893323338579061
            ],
            "shape": [
                0.03,
                0.3,
                0.05
            ],
            "start_pos": [
                -0.00314229661079609,
                0.3348947444428439,
                0.15100000000000002
            ],
            "start_quat": [
                0.9999978244871142,
                -0.0,
                -0.0,
                -0.002085910122422119
            ]
        }
    ]
}