{
    "objects": [
        {
            "goal_pos": [
                0.061134827938626915,
                -0.34260865628032966,
                0.22999999999999998
            ],
            "goal_quat": [
                0.15154569153295855,
                0.0,
                0.0,
                0.9884502533652351
            ],
            "shape": [
                0.39,
                0.08,
                0.36
            ],
            "start_pos": [
                0.48720238602702365,
                -0.4353181211608934,
                0.22999999999999998
            ],
            "start_quat": [
                0.7116690702828953,
                0.0,
                0.0,
                0.7025148641862886
            ]
        },
        {
            "goal_pos": [
                -0.7584496015522532,
                -0.6591982999856227,
                0.24
            ],
            "goal_quat": [
                0.8540396261255369,
                0.0,
                0.0,
                0.520207955540237
            ],
            "shape": [
                0.23,
                0.17,
                0.38
            ],
            "start_pos": [
                -0.47072468519933347,
                -0.5280722658778775,
                0.24
            ],
            "start_quat": [
                0.6570491003600394,
                -0.0,
                -0.0,
                -0.7538477828554402
            ]
        }
    ]
}