{
    "objects": [
        {
            "goal_pos": [
                -0.1508688406700628,
                -0.8719542728306471,
                0.07500000000000001
            ],
            "goal_quat": [
                0.9929430184120525,
                0.0,
                0.0,
                0.11859242044398276
            ],
            "shape": [
                0.03,
                0.3,
                0.05
            ],
            "start_pos": [
                0.3801305046519936,
                0.3491742902943657,
                0.15100000000000002
            ],
            "start_quat": [
                0.8696562757979311,
                0.0,
                0.0,
                0.49365773767385923
            ]
        },
        {
            "goal_pos": [
                0.8927146002666296,
                -0.5026276620066829,
                0.07500000000000001
            ],
            "goal_quat": [
                0.5631336977035525,
                -0.0,
                -0.0,
                -0.8263658018763386
            ],
            "shape": [
                0.03,
                0.3,
                0.05
            ],
            "start_pos": [
                -0.4068220208885781,
                0.32573454026038645,
                0.551
            ],
            "start_quat": [
                0.11803265589081785,
                0.0,
                0.0,
                0.9930097140226574
            ]
        }
    ]
}