{
    "objects": [
        {
            "goal_pos": [
                -0.7124223671705876,
                -0.7113974604838698,
                0.085
            ],
            "goal_quat": [
                0.9997637990766662,
                0.0,
                0.0,
                0.02173352377759511
            ],
            "shape": [
                0.38,
                0.1,
                0.07
            ],
            "start_pos": [
                0.33359285053368964,
                -0.37942241002719757,
                0.085
            ],
            "start_quat": [
                0.8881314173142301,
                -0.0,
                -0.0,
                -0.45958958384564913
            ]
        }
    ]
}