{
    "objects": [
        {
            "goal_pos": [
                1.0074960065335583,
                -0.5153805794741404,
                0.07500000000000001
            ],
            "goal_quat": [
                0.5806352494857949,
                -0.0,
                -0.0,
                -0.8141638084897711
            ],
            "shape": [
                0.03,
                0.3,
                0.05
            ],
            "start_pos": [
                0.3822368872526833,
                0.2822784158955271,
                0.15100000000000002
            ],
            "start_quat": [
                0.3155216165325951,
                0.0,
                0.0,
                0.9489183892731018
            ]
        },
        {
            "goal_pos": [
                0.04075057898979623,
                -0.8840292037509632,
                0.07500000000000001
            ],
            "goal_quat": [
                0.953698285354011,
                0.0,
                0.0,
                0.3007649921663412
            ],
            "shape": [
                0.03,
                0.3,
                0.05
            ],
            "start_pos": [
                -0.3900510935883016,
                0.25215187261721167,
                0.551
            ],
            "start_quat": [
                0.9666855211098165,
                -0.0,
                -0.0,
                -0.2559669964597826
            ]
        },
        {
            "goal_pos": [
                0.6774677628440623,
                -0.8688752756145786,
                0.07500000000000001
            ],
            "goal_quat": [
                0.69322270644858,
                -0.0,
                -0.0,
                -0.7207234415946979
            ],
            "shape": [
                0.03,
                0.3,
                0.05
            ],
            "start_pos": [
                0.0159651521047647,
                0.3324053867410536,
                0.15100000000000002
            ],
            "start_quat": [
                0.7152010304243653,
                -0.0,
                -0.0,
                -0.6989187979156992
            ]
        }
    ]
}