{
    "objects": [
        {
            "goal_pos": [
                1.0328279492321855,
                0.07930421871075088,
                0.12000000000000001
            ],
            "goal_quat": [
                0.5509185504986644,
                0.0,
                0.0,
                0.8345590157181519
            ],
            "shape": [
                0.07,
                0.18,
                0.14
            ],
            "start_pos": [
                0.3468838416997329,
                1.0617469090110783,
                0.12000000000000001
            ],
            "start_quat": [
                0.9453566015417247,
                -0.0,
                -0.0,
                -0.32603818169269777
            ]
        },
        {
            "goal_pos": [
                0.8363496633069333,
                0.7584287289767314,
                0.09
            ],
            "goal_quat": [
                0.41129370989945685,
                0.0,
                0.0,
                0.9115028711952263
            ],
            "shape": [
                0.17,
                0.11,
                0.08
            ],
            "start_pos": [
                -0.05055162171145955,
                0.8457274042224869,
                0.09
            ],
            "start_quat": [
                0.9988325402325271,
                -0.0,
                -0.0,
                -0.04830689984502309
            ]
        },
        {
            "goal_pos": [
                -1.0143922146125979,
                0.29525934821543665,
                0.095
            ],
            "goal_quat": [
                0.0833807259352633,
                0.0,
                0.0,
                0.9965177642884789
            ],
            "shape": [
                0.05,
                0.07,
                0.09
            ],
            "start_pos": [
                -0.3007901078184541,
                -0.97509691521392,
                0.095
            ],
            "start_quat": [
                0.6727717853436659,
                0.0,
                0.0,
                0.7398500691663794
            ]
        },
        {
            "goal_pos": [
                -1.0751710018100347,
                -0.36987916870407506,
                0.135
            ],
            "goal_quat": [
                0.9392133019250377,
                -0.0,
                -0.0,
                -0.34333420087003863
            ],
            "shape": [
                0.19,
                0.08,
                0.17
            ],
            "start_pos": [
                0.19933117083871893,
                -0.22755506120536229,
                0.135
            ],
            "start_quat": [
                0.15801188226597723,
                -0.0,
                -0.0,
                -0.9874372106938055
            ]
        }
    ]
}