{
    "objects": [
        {
            "goal_pos": [
                -0.948967057525167,
                -0.38140880025554336,
                0.07500000000000001
            ],
            "goal_quat": [
                0.8630156074748133,
                0.0,
                0.0,
                0.5051772572621208
            ],
            "shape": [
                0.03,
                0.3,
                0.05
            ],
            "start_pos": [
                0.4015384592234587,
                0.3482967490821336,
                0.15100000000000002
            ],
            "start_quat": [
                0.14909511574845477,
                -0.0,
                -0.0,
                -0.9888228589893919
            ]
        },
        {
            "goal_pos": [
                0.7315016765397813,
                -0.8805588999395892,
                0.07500000000000001
            ],
            "goal_quat": [
                0.6721792709647241,
                0.0,
                0.0,
                0.7403884302751712
            ],
            "shape": [
                0.03,
                0.3,
                0.05
            ],
            "start_pos": [
                -0.40466825377766186,
                0.29299799995850057,
                0.551
            ],
            "start_quat": [
                0.34674960993325765,
                0.0,
                0.0,
                0.9379577325291015
            ]
        },
        {
            "goal_pos": [
                -0.09926697970875215,
                -0.7868994550968835,
                0.07500000000000001
            ],
            "goal_quat": [
                0.979336631320425,
                0.0,
                0.0,
                0.2022368971131675
            ],
            "shape": [
                0.03,
                0.3,
                0.05
            ],
            "start_pos": [
                0.015136055786672889,
                0.29381125384713574,
                0.15100000000000002
            ],
            "start_quat": [
                0.8378293072942051,
                0.0,
                0.0,
                0.5459322777038489
            ]
        }
    ]
}