{
    "objects": [
        {
            "goal_pos": [
                1.005210520829988,
                0.35703002091350705,
                0.10500000000000001
            ],
            "goal_quat": [
                0.9375350931698779,
                -0.0,
                -0.0,
                -0.34789071426950774
            ],
            "shape": [
                0.09,
                0.12,
                0.11
            ],
            "start_pos": [
                -0.16231749145546348,
                0.6069251629568593,
                0.10500000000000001
            ],
            "start_quat": [
                0.3346063328997833,
                -0.0,
                -0.0,
                -0.9423580009653229
            ]
        },
        {
            "goal_pos": [
                0.9710405704266893,
                0.5100809755160444,
                0.14
            ],
            "goal_quat": [
                0.9209237728330382,
                -0.0,
                -0.0,
                -0.3897427416013835
            ],
            "shape": [
                0.09,
                0.12,
                0.18
            ],
            "start_pos": [
                0.15099707839201004,
                0.0069806646761489954,
                0.14
            ],
            "start_quat": [
                0.4600975514160693,
                -0.0,
                -0.0,
                -0.8878683704136202
            ]
        },
        {
            "goal_pos": [
                1.3332128897833837,
                0.5122092081899232,
                0.11
            ],
            "goal_quat": [
                0.42433611862142273,
                0.0,
                0.0,
                0.9055047534018282
            ],
            "shape": [
                0.14,
                0.09,
                0.12
            ],
            "start_pos": [
                0.4593840063173901,
                0.8443190790840296,
                0.11
            ],
            "start_quat": [
                0.9790422341766045,
                0.0,
                0.0,
                0.20365731928531972
            ]
        },
        {
            "goal_pos": [
                -1.0908133247187206,
                -0.040560142795468435,
                0.125
            ],
            "goal_quat": [
                0.956886779212924,
                0.0,
                0.0,
                0.2904611708430523
            ],
            "shape": [
                0.17,
                0.18,
                0.15
            ],
            "start_pos": [
                -0.02557059228744807,
                -0.4318652596337201,
                0.125
            ],
            "start_quat": [
                0.7778928372815184,
                0.0,
                0.0,
                0.6283969555194465
            ]
        }
    ]
}