{
    "objects": [
        {
            "goal_pos": [
                -0.41002684275353024,
                -0.6235550771247003,
                0.185
            ],
            "goal_quat": [
                0.8062022360457721,
                -0.0,
                -0.0,
                -0.5916400549276537
            ],
            "shape": [
                0.07,
                0.17,
                0.27
            ],
            "start_pos": [
                -0.59600143094785,
                -0.6084108775501402,
                0.185
            ],
            "start_quat": [
                0.4224696246896357,
                0.0,
                0.0,
                0.906377082794241
            ]
        },
        {
            "goal_pos": [
                0.6423465235549366,
                -0.6727031948979274,
                0.21500000000000002
            ],
            "goal_quat": [
                0.9110063969306386,
                -0.0,
                -0.0,
                -0.41239222198224806
            ],
            "shape": [
                0.18,
                0.13,
                0.33
            ],
            "start_pos": [
                0.19571187974039486,
                -0.45847082857970933,
                0.21500000000000002
            ],
            "start_quat": [
                0.7615938503637404,
                -0.0,
                -0.0,
                -0.6480546327958258
            ]
        }
    ]
}