{
    "objects": [
        {
            "goal_pos": [
                -1.0927306504674537,
                -0.24193207791475163,
                0.14
            ],
            "goal_quat": [
                0.7875352844541625,
                -0.0,
                -0.0,
                -0.616269564184133
            ],
            "shape": [
                0.2,
                0.15,
                0.18
            ],
            "start_pos": [
                -0.33994972259710143,
                1.0914155079565035,
                0.14
            ],
            "start_quat": [
                0.35268352122462504,
                0.0,
                0.0,
                0.9357426643349118
            ]
        }
    ]
}