{
    "objects": [
        {
            "goal_pos": [
                0.8447013983704093,
                -0.060365287826621705,
                0.195
            ],
            "goal_quat": [
                0.5990543996406473,
                0.0,
                0.0,
                0.8007083278392848
            ],
            "shape": [
                0.21,
                0.23,
                0.29
            ],
            "start_pos": [
                0.7683004400668103,
                -0.7221374688030531,
                0.195
            ],
            "start_quat": [
                0.4388222049545599,
                -0.0,
                -0.0,
                -0.8985739103929171
            ]
        },
        {
            "goal_pos": [
                0.35579203563304174,
                0.3319180537240142,
                0.11
            ],
            "goal_quat": [
                0.9984988202897747,
                0.0,
                0.0,
                0.05477322228907421
            ],
            "shape": [
                0.25,
                0.27,
                0.12
            ],
            "start_pos": [
                -0.7965192667132615,
                0.66924686935987,
                0.11
            ],
            "start_quat": [
                0.8471107660395408,
                0.0,
                0.0,
                0.5314163622433
            ]
        }
    ]
}