{
    "objects": [
        {
            "goal_pos": [
                -0.8813507648166496,
                -0.5982578375630645,
                0.07500000000000001
            ],
            "goal_quat": [
                0.857397447737947,
                -0.0,
                -0.0,
                -0.5146548519274392
            ],
            "shape": [
                0.03,
                0.3,
                0.05
            ],
            "start_pos": [
                0.41082458905033653,
                0.33102162121599626,
                0.15100000000000002
            ],
            "start_quat": [
                0.8818342469232634,
                -0.0,
                -0.0,
                -0.4715594988474741
            ]
        },
        {
            "goal_pos": [
                0.5458231676816918,
                -0.8681654578893785,
                0.07500000000000001
            ],
            "goal_quat": [
                0.3192578965832395,
                -0.0,
                -0.0,
                -0.9476678719199283
            ],
            "shape": [
                0.03,
                0.3,
                0.05
            ],
            "start_pos": [
                -0.38986998570641357,
                0.30624982734749817,
                0.551
            ],
            "start_quat": [
                0.5729326872180481,
                -0.0,
                -0.0,
                -0.8196024255192917
            ]
        }
    ]
}