{
    "objects": [
        {
            "goal_pos": [
                0.4883799268873517,
                -0.9644964604610655,
                0.07500000000000001
            ],
            "goal_quat": [
                0.4288929406978433,
                -0.0,
                -0.0,
                -0.9033553262252657
            ],
            "shape": [
                0.03,
                0.3,
                0.05
            ],
            "start_pos": [
                0.40560898423341835,
                0.2537201931239632,
                0.15100000000000002
            ],
            "start_quat": [
                0.03911221993713225,
                -0.0,
                -0.0,
                -0.9992348243789292
            ]
        },
        {
            "goal_pos": [
                -0.11340626956095712,
                -0.8322461242144223,
                0.07500000000000001
            ],
            "goal_quat": [
                0.4277068966993245,
                0.0,
                0.0,
                0.9039174799260347
            ],
            "shape": [
                0.03,
                0.3,
                0.05
            ],
            "start_pos": [
                -0.40745811078127125,
                0.2628266315896247,
                0.551
            ],
            "start_quat": [
                0.5418931935843507,
                -0.0,
                -0.0,
                -0.8404473610803673
            ]
        }
    ]
}