{
    "objects": [
        {
            "goal_pos": [
                0.09861164854496376,
                -0.6076873579983555,
                0.10500000000000001
            ],
            "goal_quat": [
                0.9808443686376013,
                -0.0,
                -0.0,
                -0.19479302993666225
            ],
            "shape": [
                0.09,
                0.07,
                0.11
            ],
            "start_pos": [
                0.2709800147237238,
                -0.5006158142143129,
                0.10500000000000001
            ],
            "start_quat": [
                0.582557584531482,
                0.0,
                0.0,
                0.812789431959376
            ]
        }
    ]
}