{
    "objects": [
        {
            "goal_pos": [
                0.32590619080669847,
                -0.9698451617682284,
                0.07500000000000001
            ],
            "goal_quat": [
                0.2878270822481558,
                -0.0,
                -0.0,
                -0.9576823955385801
            ],
            "shape": [
                0.03,
                0.3,
                0.05
            ],
            "start_pos": [
                0.3939134856820215,
                0.3205584651035269,
                0.15100000000000002
            ],
            "start_quat": [
                0.5313483340118574,
                -0.0,
                -0.0,
                -0.8471534382523768
            ]
        },
        {
            "goal_pos": [
                -0.8767498806690204,
                -0.5849719358590044,
                0.07500000000000001
            ],
            "goal_quat": [
                0.7098741130279641,
                0.0,
                0.0,
                0.704328576484556
            ],
            "shape": [
                0.03,
                0.3,
                0.05
            ],
            "start_pos": [
                -0.39061116105075394,
                0.28518949909986074,
                0.551
            ],
            "start_quat": [
                0.25975802405602094,
                0.0,
                0.0,
                0.9656737383498174
            ]
        },
        {
            "goal_pos": [
                0.6215639780372422,
                -0.8533355518729033,
                0.07500000000000001
            ],
            "goal_quat": [
                0.015129598416380117,
                -0.0,
                -0.0,
                -0.9998855410754568
            ],
            "shape": [
                0.03,
                0.3,
                0.05
            ],
            "start_pos": [
                -0.003289397321501738,
                0.28238278691439733,
                0.15100000000000002
            ],
            "start_quat": [
                0.07228134387347347,
                0.0,
                0.0,
                0.9973842826753612
            ]
        }
    ]
}