{
    "objects": [
        {
            "goal_pos": [
                -0.9221336655704986,
                0.4160575061383017,
                0.12000000000000001
            ],
            "goal_quat": [
                0.041041267740807234,
                0.0,
                0.0,
                0.9991574522277394
            ],
            "shape": [
                0.19,
                0.05,
                0.14
            ],
            "start_pos": [
                -0.084123523100816,
                -0.2802736034614107,
                0.12000000000000001
            ],
            "start_quat": [
                0.6973786340941406,
                0.0,
                0.0,
                0.716702895702948
            ]
        },
        {
            "goal_pos": [
                1.0511018952704796,
                0.04483314672753891,
                0.13
            ],
            "goal_quat": [
                0.6502116137719511,
                0.0,
                0.0,
                0.7597531555157077
            ],
            "shape": [
                0.19,
                0.1,
                0.16
            ],
            "start_pos": [
                -0.06395461627075266,
                0.9220457762254828,
                0.13
            ],
            "start_quat": [
                0.6764811446383456,
                -0.0,
                -0.0,
                -0.7364599520332343
            ]
        }
    ]
}