{
    "objects": [
        {
            "goal_pos": [
                -0.6701149018075436,
                -0.7764831940179233,
                0.07500000000000001
            ],
            "goal_quat": [
                0.6295880317457003,
                0.0,
                0.0,
                0.7769291539661611
            ],
            "shape": [
                0.03,
                0.3,
                0.05
            ],
            "start_pos": [
                0.4070521529214902,
                0.3038828847810922,
                0.15100000000000002
            ],
            "start_quat": [
                0.7697838672951055,
                -0.0,
                -0.0,
                -0.6383046276286828
            ]
        },
        {
            "goal_pos": [
                0.7771577181972802,
                -0.6685608973602821,
                0.07500000000000001
            ],
            "goal_quat": [
                0.979481302915818,
                0.0,
                0.0,
                0.20153505213319972
            ],
            "shape": [
                0.03,
                0.3,
                0.05
            ],
            "start_pos": [
                -0.4044330725098965,
                0.3085587534044125,
                0.551
            ],
            "start_quat": [
                0.997016649677075,
                0.0,
                0.0,
                0.07718678816158034
            ]
        },
        {
            "goal_pos": [
                0.48160457883521424,
                -0.949985041960764,
                0.07500000000000001
            ],
            "goal_quat": [
                0.4843081453110542,
                -0.0,
                -0.0,
                -0.8748974913584829
            ],
            "shape": [
                0.03,
                0.3,
                0.05
            ],
            "start_pos": [
                0.02340662534180639,
                0.30664365721235826,
                0.15100000000000002
            ],
            "start_quat": [
                0.9982383144295296,
                -0.0,
                -0.0,
                -0.059331843093667555
            ]
        }
    ]
}