{
    "objects": [
        {
            "goal_pos": [
                0.31253645940278885,
                -0.4158049607874912,
                0.07500000000000001
            ],
            "goal_quat": [
                0.7698834626940361,
                0.0,
                0.0,
                0.6381844982998575
            ],
            "shape": [
                0.24,
                0.14,
                0.05
            ],
            "start_pos": [
                -0.21836866790400772,
                -0.4237623254268662,
                0.07500000000000001
            ],
            "start_quat": [
                0.7723400920072949,
                0.0,
                0.0,
                0.635209242909896
            ]
        },
        {
            "goal_pos": [
                -0.7082458753666968,
                -0.6689182009873857,
                0.08
            ],
            "goal_quat": [
                0.8955317001086093,
                0.0,
                0.0,
                0.4449977237026992
            ],
            "shape": [
                0.28,
                0.29,
                0.06
            ],
            "start_pos": [
                0.7369763904679199,
                -0.7175764451593354,
                0.08
            ],
            "start_quat": [
                0.8898008438367774,
                -0.0,
                -0.0,
                -0.4563490531461185
            ]
        }
    ]
}