{
    "objects": [
        {
            "goal_pos": [
                0.5747233309371678,
                -0.5458717513444384,
                0.12000000000000001
            ],
            "goal_quat": [
                0.7979275477722421,
                -0.0,
                -0.0,
                -0.6027533728700125
            ],
            "shape": [
                0.27,
                0.21,
                0.14
            ],
            "start_pos": [
                0.05869069887408493,
                -0.34468743852053596,
                0.12000000000000001
            ],
            "start_quat": [
                0.9700670397865326,
                0.0,
                0.0,
                0.24283726715599815
            ]
        },
        {
            "goal_pos": [
                -0.2663908486513592,
                -0.42747635422723673,
                0.185
            ],
            "goal_quat": [
                0.6237013661037124,
                0.0,
                0.0,
                0.7816627187734893
            ],
            "shape": [
                0.07,
                0.31,
                0.27
            ],
            "start_pos": [
                -0.6728658667886733,
                -0.6954636958784709,
                0.185
            ],
            "start_quat": [
                0.2208430917115867,
                -0.0,
                -0.0,
                -0.9753093503310977
            ]
        }
    ]
}