{
    "objects": [
        {
            "goal_pos": [
                -0.06001732562964379,
                -0.7771641829855302,
                0.135
            ],
            "goal_quat": [
                0.04836177659259953,
                -0.0,
                -0.0,
                -0.9988298846974931
            ],
            "shape": [
                0.07,
                0.24,
                0.17
            ],
            "start_pos": [
                0.796092203081693,
                -0.18405575545849112,
                0.135
            ],
            "start_quat": [
                0.875625202463083,
                0.0,
                0.0,
                0.4829912057289293
            ]
        },
        {
            "goal_pos": [
                -0.5963422377803663,
                -0.7294489819894875,
                0.085
            ],
            "goal_quat": [
                0.8302019224999944,
                -0.0,
                -0.0,
                -0.5574627950610814
            ],
            "shape": [
                0.12,
                0.21,
                0.07
            ],
            "start_pos": [
                -0.09084164873473971,
                0.7356705136473746,
                0.085
            ],
            "start_quat": [
                0.7219525181016815,
                -0.0,
                -0.0,
                -0.6919425999363251
            ]
        }
    ]
}