{
    "objects": [
        {
            "goal_pos": [
                -0.608417792899202,
                -0.3120627875703865,
                0.11
            ],
            "goal_quat": [
                0.9615916885008196,
                -0.0,
                -0.0,
                -0.27448392413061806
            ],
            "shape": [
                0.09,
                0.36,
                0.12
            ],
            "start_pos": [
                0.6180395783826627,
                0.27750264098112454,
                0.11
            ],
            "start_quat": [
                0.6426136731708985,
                -0.0,
                -0.0,
                -0.7661903595411559
            ]
        },
        {
            "goal_pos": [
                -0.4886781359785267,
                0.8765118171828393,
                0.175
            ],
            "goal_quat": [
                0.045385879537140225,
                0.0,
                0.0,
                0.9989695300351459
            ],
            "shape": [
                0.29,
                0.23,
                0.25
            ],
            "start_pos": [
                0.8415711710674767,
                -0.6825336375622615,
                0.175
            ],
            "start_quat": [
                0.8475754077864146,
                0.0,
                0.0,
                0.5306749740808332
            ]
        },
        {
            "goal_pos": [
                -0.8908097291773904,
                0.2547167450195118,
                0.115
            ],
            "goal_quat": [
                0.7421585679409256,
                -0.0,
                -0.0,
                -0.6702243356010542
            ],
            "shape": [
                0.12,
                0.28,
                0.13
            ],
            "start_pos": [
                0.1410738126370335,
                0.6727924582718812,
                0.115
            ],
            "start_quat": [
                0.8474050238067493,
                -0.0,
                -0.0,
                -0.5309470083041081
            ]
        }
    ]
}