{
    "objects": [
        {
            "goal_pos": [
                0.3994442119314786,
                -0.6555707407923516,
                0.08
            ],
            "goal_quat": [
                0.04625616257818177,
                0.0,
                0.0,
                0.9989296108452992
            ],
            "shape": [
                0.09,
                0.11,
                0.06
            ],
            "start_pos": [
                -0.4481403328079413,
                -0.7121395920426299,
                0.08
            ],
            "start_quat": [
                0.7106393086332707,
                -0.0,
                -0.0,
                -0.7035565172928377
            ]
        },
        {
            "goal_pos": [
                -0.6409416318965447,
                -0.5224984438191482,
                0.195
            ],
            "goal_quat": [
                0.8672074925438384,
                0.0,
                0.0,
                0.4979469498609549
            ],
            "shape": [
                0.26,
                0.24,
                0.29
            ],
            "start_pos": [
                -0.22796182491814257,
                -0.3279130960817793,
                0.195
            ],
            "start_quat": [
                0.9971000835850541,
                -0.0,
                -0.0,
                -0.0761014015290001
            ]
        },
        {
            "goal_pos": [
                0.17132533957652119,
                -0.475480484219478,
                0.18
            ],
            "goal_quat": [
                0.8877629324570212,
                0.0,
                0.0,
                0.4603009621490167
            ],
            "shape": [
                0.21,
                0.17,
                0.26
            ],
            "start_pos": [
                0.6648796674123465,
                -0.5817734449457816,
                0.18
            ],
            "start_quat": [
                0.4747253406491592,
                -0.0,
                -0.0,
                -0.8801339960173904
            ]
        }
    ]
}