{
    "objects": [
        {
            "goal_pos": [
                0.04370397486261085,
                -0.745054477653767,
                0.07500000000000001
            ],
            "goal_quat": [
                0.4352050848805349,
                0.0,
                0.0,
                0.9003313468352229
            ],
            "shape": [
                0.03,
                0.3,
                0.05
            ],
            "start_pos": [
                0.41000703794373256,
                0.3319462720114874,
                0.15100000000000002
            ],
            "start_quat": [
                0.05792595564071967,
                0.0,
                0.0,
                0.9983208821131156
            ]
        },
        {
            "goal_pos": [
                -0.8399635711609226,
                -0.7630882125825751,
                0.07500000000000001
            ],
            "goal_quat": [
                0.4891912983054803,
                -0.0,
                -0.0,
                -0.8721765151975823
            ],
            "shape": [
                0.03,
                0.3,
                0.05
            ],
            "start_pos": [
                -0.38512523005910687,
                0.26141022899958716,
                0.551
            ],
            "start_quat": [
                0.5109105588138021,
                -0.0,
                -0.0,
                -0.859633876073162
            ]
        }
    ]
}