{
    "objects": [
        {
            "goal_pos": [
                0.38669777738237143,
                -0.8661481659626726,
                0.07500000000000001
            ],
            "goal_quat": [
                0.599107242191473,
                -0.0,
                -0.0,
                -0.8006687906704791
            ],
            "shape": [
                0.03,
                0.3,
                0.05
            ],
            "start_pos": [
                0.40443040791546464,
                0.3016238268055519,
                0.15100000000000002
            ],
            "start_quat": [
                0.9070994097710895,
                -0.0,
                -0.0,
                -0.42091645345952083
            ]
        },
        {
            "goal_pos": [
                0.7032745578259748,
                -0.837098271314989,
                0.07500000000000001
            ],
            "goal_quat": [
                0.6871136541397921,
                0.0,
                0.0,
                0.7265499475567129
            ],
            "shape": [
                0.03,
                0.3,
                0.05
            ],
            "start_pos": [
                -0.37648896408916105,
                0.31424816441977377,
                0.551
            ],
            "start_quat": [
                0.4009940535929325,
                -0.0,
                -0.0,
                -0.9160806563742673
            ]
        },
        {
            "goal_pos": [
                -0.09806192850466872,
                -0.7994392037511074,
                0.07500000000000001
            ],
            "goal_quat": [
                0.7444808585894039,
                0.0,
                0.0,
                0.6676438056284083
            ],
            "shape": [
                0.03,
                0.3,
                0.05
            ],
            "start_pos": [
                -0.012823488828499279,
                0.3164980694062163,
                0.15100000000000002
            ],
            "start_quat": [
                0.523583301309332,
                -0.0,
                -0.0,
                -0.8519744870534688
            ]
        }
    ]
}