{
    "objects": [
        {
            "goal_pos": [
                -0.7002997542867728,
                -0.6197489220469903,
                0.115
            ],
            "goal_quat": [
                0.2924634833212535,
                0.0,
                0.0,
                0.9562766916136767
            ],
            "shape": [
                0.13,
                0.31,
                0.13
            ],
            "start_pos": [
                -0.09754655944381888,
                -0.39289272731962954,
                0.115
            ],
            "start_quat": [
                0.8260414729201521,
                -0.0,
                -0.0,
                -0.5636093372327199
            ]
        },
        {
            "goal_pos": [
                0.2975908566911175,
                -0.3573125339743659,
                0.12000000000000001
            ],
            "goal_quat": [
                0.6171345977812481,
                0.0,
                0.0,
                0.7868576035226305
            ],
            "shape": [
                0.36,
                0.09,
                0.14
            ],
            "start_pos": [
                0.6223414698250918,
                -0.5757786242215048,
                0.12000000000000001
            ],
            "start_quat": [
                0.4853562944819496,
                -0.0,
                -0.0,
                -0.8743164572434577
            ]
        }
    ]
}