{
    "objects": [
        {
            "goal_pos": [
                0.9978631987074922,
                -0.44984848852600173,
                0.07500000000000001
            ],
            "goal_quat": [
                0.5614087645565706,
                0.0,
                0.0,
                0.8275386390248283
            ],
            "shape": [
                0.03,
                0.3,
                0.05
            ],
            "start_pos": [
                0.3870187910114937,
                0.339812325847471,
                0.15100000000000002
            ],
            "start_quat": [
                0.200767249669668,
                -0.0,
                -0.0,
                -0.9796389699578499
            ]
        },
        {
            "goal_pos": [
                0.5659411517183843,
                -0.9056865015688744,
                0.07500000000000001
            ],
            "goal_quat": [
                0.9999132271940563,
                0.0,
                0.0,
                0.01317338537991028
            ],
            "shape": [
                0.03,
                0.3,
                0.05
            ],
            "start_pos": [
                -0.41212391529431797,
                0.27312789410787114,
                0.551
            ],
            "start_quat": [
                0.7551138056538529,
                0.0,
                0.0,
                0.6555937312932113
            ]
        },
        {
            "goal_pos": [
                0.05502128280173696,
                -0.7972575777033359,
                0.07500000000000001
            ],
            "goal_quat": [
                0.659282127792833,
                0.0,
                0.0,
                0.7518956549767757
            ],
            "shape": [
                0.03,
                0.3,
                0.05
            ],
            "start_pos": [
                -0.012384455247215511,
                0.2703444286158533,
                0.15100000000000002
            ],
            "start_quat": [
                0.0652008710803266,
                0.0,
                0.0,
                0.9978721593522722
            ]
        },
        {
            "goal_pos": [
                -0.7622807321602109,
                -0.7271501784790944,
                0.07500000000000001
            ],
            "goal_quat": [
                0.9148921608889494,
                -0.0,
                -0.0,
                -0.40369832046213494
            ],
            "shape": [
                0.03,
                0.3,
                0.05
            ],
            "start_pos": [
                0.014330159621125535,
                0.2634963522548022,
                0.551
            ],
            "start_quat": [
                0.4137835567179112,
                -0.0,
                -0.0,
                -0.9103752897513614
            ]
        }
    ]
}