{
    "objects": [
        {
            "goal_pos": [
                -0.616335514858497,
                -0.5464638991476368,
                0.155
            ],
            "goal_quat": [
                0.9812759729439587,
                0.0,
                0.0,
                0.19260702199786783
            ],
            "shape": [
                0.3,
                0.26,
                0.21
            ],
            "start_pos": [
                0.7221805878727341,
                -0.7178345046447007,
                0.155
            ],
            "start_quat": [
                0.7414093794282824,
                -0.0,
                -0.0,
                -0.6710530024489638
            ]
        },
        {
            "goal_pos": [
                -0.24422837229026495,
                -0.2957965985456832,
                0.165
            ],
            "goal_quat": [
                0.9407942765250976,
                0.0,
                0.0,
                0.3389780660420643
            ],
            "shape": [
                0.29,
                0.11,
                0.23
            ],
            "start_pos": [
                0.19369278159540854,
                -0.3023098981896106,
                0.165
            ],
            "start_quat": [
                0.4089046324809465,
                -0.0,
                -0.0,
                -0.9125771208701334
            ]
        }
    ]
}