{
    "objects": [
        {
            "goal_pos": [
                0.9621527279167746,
                -0.6357361304419338,
                0.07500000000000001
            ],
            "goal_quat": [
                0.9950966496332213,
                -0.0,
                -0.0,
                -0.09890731969241734
            ],
            "shape": [
                0.03,
                0.3,
                0.05
            ],
            "start_pos": [
                0.39576636879912536,
                0.29332503095345486,
                0.15100000000000002
            ],
            "start_quat": [
                0.810233143500376,
                -0.0,
                -0.0,
                -0.5861077146510691
            ]
        },
        {
            "goal_pos": [
                -0.2797921305526643,
                -0.8391678599749137,
                0.07500000000000001
            ],
            "goal_quat": [
                0.9871734652869005,
                0.0,
                0.0,
                0.1596513370863287
            ],
            "shape": [
                0.03,
                0.3,
                0.05
            ],
            "start_pos": [
                -0.3942910324784835,
                0.2588151871148178,
                0.551
            ],
            "start_quat": [
                0.9396180353955597,
                -0.0,
                -0.0,
                -0.342224995521059
            ]
        }
    ]
}