{
    "objects": [
        {
            "goal_pos": [
                1.313716612544849,
                0.5134767075839982,
                0.115
            ],
            "goal_quat": [
                0.5035468763219276,
                0.0,
                0.0,
                0.8639679064331206
            ],
            "shape": [
                0.06,
                0.11,
                0.13
            ],
            "start_pos": [
                -0.09753347335348683,
                0.65363059954394,
                0.115
            ],
            "start_quat": [
                0.6718203091202429,
                0.0,
                0.0,
                0.7407141636647576
            ]
        },
        {
            "goal_pos": [
                0.8782259122822489,
                -1.0933377659699306,
                0.12000000000000001
            ],
            "goal_quat": [
                0.8724896712189106,
                -0.0,
                -0.0,
                -0.48863255480608053
            ],
            "shape": [
                0.06,
                0.08,
                0.14
            ],
            "start_pos": [
                -0.2791370405442971,
                -0.6606994156885619,
                0.12000000000000001
            ],
            "start_quat": [
                0.1562798440658479,
                -0.0,
                -0.0,
                -0.9877128177454995
            ]
        }
    ]
}