{
    "objects": [
        {
            "goal_pos": [
                0.7142534336938438,
                -0.7795462920185678,
                0.07500000000000001
            ],
            "goal_quat": [
                0.448163421403864,
                -0.0,
                -0.0,
                -0.8939516473029079
            ],
            "shape": [
                0.03,
                0.3,
                0.05
            ],
            "start_pos": [
                0.4228097002344467,
                0.2970372275788634,
                0.15100000000000002
            ],
            "start_quat": [
                0.936561231108742,
                -0.0,
                -0.0,
                -0.3505040090841724
            ]
        },
        {
            "goal_pos": [
                0.03527069028877128,
                -0.7064344800187325,
                0.07500000000000001
            ],
            "goal_quat": [
                0.914437148421472,
                0.0,
                0.0,
                0.40472793526862827
            ],
            "shape": [
                0.03,
                0.3,
                0.05
            ],
            "start_pos": [
                -0.4009751809451046,
                0.31081080663180843,
                0.551
            ],
            "start_quat": [
                0.07804462044297637,
                0.0,
                0.0,
                0.9969498669541572
            ]
        },
        {
            "goal_pos": [
                -0.7665811417586621,
                -0.8700447374267091,
                0.07500000000000001
            ],
            "goal_quat": [
                0.6864740526360925,
                -0.0,
                -0.0,
                -0.7271542993460048
            ],
            "shape": [
                0.03,
                0.3,
                0.05
            ],
            "start_pos": [
                -6.830916188040395e-05,
                0.2625955850805013,
                0.15100000000000002
            ],
            "start_quat": [
                0.9556144501401875,
                0.0,
                0.0,
                0.2946201328546083
            ]
        }
    ]
}