{
    "objects": [
        {
            "goal_pos": [
                0.035675119882569495,
                -0.7273476030668027,
                0.07500000000000001
            ],
            "goal_quat": [
                0.902422027524829,
                -0.0,
                -0.0,
                -0.4308532049758673
            ],
            "shape": [
                0.03,
                0.3,
                0.05
            ],
            "start_pos": [
                0.3882955398953449,
                0.2617470348867653,
                0.15100000000000002
            ],
            "start_quat": [
                0.9978137844315284,
                -0.0,
                -0.0,
                -0.06608821073710093
            ]
        },
        {
            "goal_pos": [
                -0.5148818289415784,
                -0.914518538616159,
                0.07500000000000001
            ],
            "goal_quat": [
                0.5321843874639248,
                -0.0,
                -0.0,
                -0.8466284768064721
            ],
            "shape": [
                0.03,
                0.3,
                0.05
            ],
            "start_pos": [
                -0.4113266643144726,
                0.2773430399103916,
                0.551
            ],
            "start_quat": [
                0.911976285615824,
                0.0,
                0.0,
                0.4102429212970835
            ]
        }
    ]
}