{
    "objects": [
        {
            "goal_pos": [
                -0.8102363713422884,
                -0.7278245461767177,
                0.07500000000000001
            ],
            "goal_quat": [
                0.412512445224235,
                0.0,
                0.0,
                0.9109519649987712
            ],
            "shape": [
                0.03,
                0.3,
                0.05
            ],
            "start_pos": [
                0.4201936954049065,
                0.31190582926536037,
                0.15100000000000002
            ],
            "start_quat": [
                0.14122011720267594,
                -0.0,
                -0.0,
                -0.9899782212237108
            ]
        },
        {
            "goal_pos": [
                0.21314507224819315,
                -0.9529046291313921,
                0.07500000000000001
            ],
            "goal_quat": [
                0.6387201075409127,
                -0.0,
                -0.0,
                -0.7694391621323449
            ],
            "shape": [
                0.03,
                0.3,
                0.05
            ],
            "start_pos": [
                -0.4110467385156571,
                0.3058780118591578,
                0.551
            ],
            "start_quat": [
                0.36695223517639547,
                -0.0,
                -0.0,
                -0.9302397847324352
            ]
        },
        {
            "goal_pos": [
                0.8673650646523121,
                -0.6986871858526769,
                0.07500000000000001
            ],
            "goal_quat": [
                0.03640338759789819,
                0.0,
                0.0,
                0.9993371770185462
            ],
            "shape": [
                0.03,
                0.3,
                0.05
            ],
            "start_pos": [
                0.00952628411149449,
                0.27117375905395047,
                0.15100000000000002
            ],
            "start_quat": [
                0.9527703451480688,
                -0.0,
                -0.0,
                -0.3036917341753475
            ]
        },
        {
            "goal_pos": [
                -0.4260243530579489,
                -0.9439254817313556,
                0.07500000000000001
            ],
            "goal_quat": [
                0.8339476099745812,
                0.0,
                0.0,
                0.5518436226121344
            ],
            "shape": [
                0.03,
                0.3,
                0.05
            ],
            "start_pos": [
                0.016973065013959836,
                0.29206348492469636,
                0.551
            ],
            "start_quat": [
                0.9996731065874515,
                0.0,
                0.0,
                0.02556716577553902
            ]
        }
    ]
}