{
    "objects": [
        {
            "goal_pos": [
                -0.480211127380773,
                -0.9395994946196311,
                0.07500000000000001
            ],
            "goal_quat": [
                0.9739771544137742,
                0.0,
                0.0,
                0.2266462059687899
            ],
            "shape": [
                0.03,
                0.3,
                0.05
            ],
            "start_pos": [
                0.38468491762488655,
                0.28753821990780576,
                0.15100000000000002
            ],
            "start_quat": [
                0.9999937808802538,
                0.0,
                0.0,
                0.003526783352414997
            ]
        },
        {
            "goal_pos": [
                0.06207098684754442,
                -0.8104698961101544,
                0.07500000000000001
            ],
            "goal_quat": [
                0.08160916285355911,
                0.0,
                0.0,
                0.9966644091861319
            ],
            "shape": [
                0.03,
                0.3,
                0.05
            ],
            "start_pos": [
                -0.39481495605505895,
                0.3334003410156547,
                0.551
            ],
            "start_quat": [
                0.964687090944482,
                0.0,
                0.0,
                0.2633985887681872
            ]
        },
        {
            "goal_pos": [
                -0.9150927481250419,
                -0.5131917006076925,
                0.07500000000000001
            ],
            "goal_quat": [
                0.9076688669803592,
                0.0,
                0.0,
                0.41968705950337687
            ],
            "shape": [
                0.03,
                0.3,
                0.05
            ],
            "start_pos": [
                0.004660336635740583,
                0.3152810014867819,
                0.15100000000000002
            ],
            "start_quat": [
                0.23454975859531446,
                0.0,
                0.0,
                0.972104115176394
            ]
        }
    ]
}