{
    "objects": [
        {
            "goal_pos": [
                -0.4057175361489197,
                -0.9591253385279226,
                0.07500000000000001
            ],
            "goal_quat": [
                0.35668324826820774,
                0.0,
                0.0,
                0.9342253798762052
            ],
            "shape": [
                0.03,
                0.3,
                0.05
            ],
            "start_pos": [
                0.3775291432975867,
                0.2835858505381864,
                0.15100000000000002
            ],
            "start_quat": [
                0.062023058281315165,
                -0.0,
                -0.0,
                -0.9980747167629449
            ]
        },
        {
            "goal_pos": [
                0.9713910131810306,
                -0.509722930398714,
                0.07500000000000001
            ],
            "goal_quat": [
                0.45682463918281485,
                -0.0,
                -0.0,
                -0.8895567711144079
            ],
            "shape": [
                0.03,
                0.3,
                0.05
            ],
            "start_pos": [
                -0.4112131158251333,
                0.31014109231938136,
                0.551
            ],
            "start_quat": [
                0.8779679645892443,
                -0.0,
                -0.0,
                -0.47871938873939446
            ]
        }
    ]
}