{
    "objects": [
        {
            "goal_pos": [
                -0.47446170308319635,
                -0.5897832783945827,
                0.25
            ],
            "goal_quat": [
                0.9460722246599998,
                -0.0,
                -0.0,
                -0.32395577742475723
            ],
            "shape": [
                0.18,
                0.11,
                0.4
            ],
            "start_pos": [
                -0.0245256898305692,
                -0.27768277503380445,
                0.25
            ],
            "start_quat": [
                0.8854463912071879,
                -0.0,
                -0.0,
                -0.4647415284845625
            ]
        },
        {
            "goal_pos": [
                0.566662031918991,
                -0.7151083326341048,
                0.155
            ],
            "goal_quat": [
                0.22816799803182322,
                0.0,
                0.0,
                0.9736217770131017
            ],
            "shape": [
                0.19,
                0.18,
                0.21
            ],
            "start_pos": [
                0.1858230647961695,
                -0.41822724420875934,
                0.155
            ],
            "start_quat": [
                0.545447049669251,
                -0.0,
                -0.0,
                -0.8381452833531366
            ]
        },
        {
            "goal_pos": [
                -0.7647411415346953,
                -0.7173400456817209,
                0.14
            ],
            "goal_quat": [
                0.6401606580848329,
                0.0,
                0.0,
                0.7682410636254702
            ],
            "shape": [
                0.23,
                0.23,
                0.18
            ],
            "start_pos": [
                -0.2982103047784779,
                -0.32264625644249234,
                0.14
            ],
            "start_quat": [
                0.8506349223396674,
                0.0,
                0.0,
                0.5257568153587626
            ]
        }
    ]
}