{
    "objects": [
        {
            "goal_pos": [
                1.0349782021327287,
                -0.6039267339674805,
                0.11
            ],
            "goal_quat": [
                0.5451290511850081,
                -0.0,
                -0.0,
                -0.8383521441221062
            ],
            "shape": [
                0.06,
                0.13,
                0.12
            ],
            "start_pos": [
                -0.48626889190742245,
                -0.7898264184253563,
                0.11
            ],
            "start_quat": [
                0.7746067393328367,
                -0.0,
                -0.0,
                -0.6324431985405098
            ]
        },
        {
            "goal_pos": [
                -0.975021770071518,
                -0.6554139488879971,
                0.15000000000000002
            ],
            "goal_quat": [
                0.988833041293991,
                -0.0,
                -0.0,
                -0.1490275694134354
            ],
            "shape": [
                0.19,
                0.13,
                0.2
            ],
            "start_pos": [
                -0.039308074969260476,
                -0.6947344972973071,
                0.15000000000000002
            ],
            "start_quat": [
                0.15147238772583796,
                -0.0,
                -0.0,
                -0.9884614892633063
            ]
        }
    ]
}