{
    "objects": [
        {
            "goal_pos": [
                -0.23126843702583588,
                1.6106884563508548,
                0.175
            ],
            "goal_quat": [
                0.8491935549400158,
                0.0,
                0.0,
                0.5280817230773457
            ],
            "shape": [
                0.19,
                0.16,
                0.25
            ],
            "start_pos": [
                -1.1219726748665582,
                0.04959654522856244,
                0.175
            ],
            "start_quat": [
                0.6103115391593503,
                -0.0,
                -0.0,
                -0.7921614893245851
            ]
        }
    ]
}