{
    "objects": [
        {
            "goal_pos": [
                0.6314850904414373,
                -0.6937765575010202,
                0.1
            ],
            "goal_quat": [
                0.14826028145276332,
                -0.0,
                -0.0,
                -0.9889483752671558
            ],
            "shape": [
                0.25,
                0.21,
                0.1
            ],
            "start_pos": [
                -0.2387284622556617,
                -0.37906315521544853,
                0.1
            ],
            "start_quat": [
                0.7781090277436684,
                0.0,
                0.0,
                0.6281292390454397
            ]
        }
    ]
}