{
    "objects": [
        {
            "goal_pos": [
                0.016756692006192453,
                -0.8052170328589816,
                0.07500000000000001
            ],
            "goal_quat": [
                0.10580175909089483,
                0.0,
                0.0,
                0.9943872423624874
            ],
            "shape": [
                0.03,
                0.3,
                0.05
            ],
            "start_pos": [
                0.3999013642830322,
                0.33106122205287697,
                0.15100000000000002
            ],
            "start_quat": [
                0.028147305793578725,
                -0.0,
                -0.0,
                -0.9996037860955523
            ]
        },
        {
            "goal_pos": [
                -0.31529275478645824,
                -0.9281676772646394,
                0.07500000000000001
            ],
            "goal_quat": [
                0.4702356039320082,
                0.0,
                0.0,
                0.8825409207479841
            ],
            "shape": [
                0.03,
                0.3,
                0.05
            ],
            "start_pos": [
                -0.41717754533999035,
                0.3052850702278464,
                0.551
            ],
            "start_quat": [
                0.5337113035923844,
                -0.0,
                -0.0,
                -0.8456667454841285
            ]
        }
    ]
}