{
    "objects": [
        {
            "goal_pos": [
                -0.9799241421429736,
                -0.3763104434144974,
                0.07500000000000001
            ],
            "goal_quat": [
                0.9999898529300526,
                -0.0,
                -0.0,
                -0.004504890335163752
            ],
            "shape": [
                0.03,
                0.3,
                0.05
            ],
            "start_pos": [
                0.40412534435308695,
                0.3285642412458679,
                0.15100000000000002
            ],
            "start_quat": [
                0.8029598535527717,
                -0.0,
                -0.0,
                -0.5960331145016285
            ]
        },
        {
            "goal_pos": [
                -0.4786339176619654,
                -0.897859128670905,
                0.07500000000000001
            ],
            "goal_quat": [
                0.32868508220782827,
                -0.0,
                -0.0,
                -0.9444395781277027
            ],
            "shape": [
                0.03,
                0.3,
                0.05
            ],
            "start_pos": [
                -0.4128392296618849,
                0.2881849100624494,
                0.551
            ],
            "start_quat": [
                0.808013961071913,
                0.0,
                0.0,
                0.5891633378893132
            ]
        },
        {
            "goal_pos": [
                0.045794798581697826,
                -0.7766494251392657,
                0.07500000000000001
            ],
            "goal_quat": [
                0.9969733731827137,
                -0.0,
                -0.0,
                -0.07774376608244216
            ],
            "shape": [
                0.03,
                0.3,
                0.05
            ],
            "start_pos": [
                -0.01730984908399796,
                0.27769645929792,
                0.15100000000000002
            ],
            "start_quat": [
                0.7643923941423674,
                -0.0,
                -0.0,
                -0.6447513224316022
            ]
        },
        {
            "goal_pos": [
                0.8635169412936772,
                -0.6650050141564041,
                0.07500000000000001
            ],
            "goal_quat": [
                0.9209055491240086,
                0.0,
                0.0,
                0.3897857996292429
            ],
            "shape": [
                0.03,
                0.3,
                0.05
            ],
            "start_pos": [
                0.016041696298473934,
                0.33920209550983405,
                0.551
            ],
            "start_quat": [
                0.8477399899128479,
                0.0,
                0.0,
                0.5304120186256761
            ]
        }
    ]
}