{
    "objects": [
        {
            "goal_pos": [
                -0.5343641768881906,
                0.49299692289791414,
                0.115
            ],
            "goal_quat": [
                0.6743944064104938,
                -0.0,
                -0.0,
                -0.7383713053757153
            ],
            "shape": [
                0.1,
                0.36,
                0.13
            ],
            "start_pos": [
                1.3458651457480177,
                -0.20935152451552358,
                0.115
            ],
            "start_quat": [
                0.9661695359359299,
                -0.0,
                -0.0,
                -0.257907789392546
            ]
        }
    ]
}