{
    "objects": [
        {
            "goal_pos": [
                -1.1867331719449388,
                0.45868962194059115,
                0.1
            ],
            "goal_quat": [
                0.8224535889353867,
                0.0,
                0.0,
                0.5688322195931785
            ],
            "shape": [
                0.07,
                0.19,
                0.1
            ],
            "start_pos": [
                -0.10883226477868474,
                1.0294582599137292,
                0.1
            ],
            "start_quat": [
                0.898849014850328,
                -0.0,
                -0.0,
                -0.4382584266190381
            ]
        }
    ]
}