{
    "objects": [
        {
            "goal_pos": [
                -0.42905206759595066,
                -0.4158896954391271,
                0.16999999999999998
            ],
            "goal_quat": [
                0.9415577344240842,
                -0.0,
                -0.0,
                -0.33685164797902606
            ],
            "shape": [
                0.27,
                0.05,
                0.24
            ],
            "start_pos": [
                0.7050471171688893,
                -0.6705481663473035,
                0.16999999999999998
            ],
            "start_quat": [
                0.9025526062099487,
                0.0,
                0.0,
                0.4305796012627969
            ]
        },
        {
            "goal_pos": [
                0.19966666755956347,
                -0.22919751421929546,
                0.07500000000000001
            ],
            "goal_quat": [
                0.9626193713785289,
                0.0,
                0.0,
                0.27085779635595836
            ],
            "shape": [
                0.05,
                0.14,
                0.05
            ],
            "start_pos": [
                -0.0799741725767743,
                -0.28077801418667114,
                0.07500000000000001
            ],
            "start_quat": [
                0.26457871638056313,
                0.0,
                0.0,
                0.9643640924663327
            ]
        },
        {
            "goal_pos": [
                -0.6750783686979902,
                -0.6426274635627411,
                0.25
            ],
            "goal_quat": [
                0.8484093446376952,
                -0.0,
                -0.0,
                -0.5293407068528138
            ],
            "shape": [
                0.1,
                0.36,
                0.4
            ],
            "start_pos": [
                0.4149052615640822,
                -0.4139360862247663,
                0.25
            ],
            "start_quat": [
                0.9946750693201089,
                -0.0,
                -0.0,
                -0.10306069315231953
            ]
        }
    ]
}