{
    "objects": [
        {
            "goal_pos": [
                -0.31622188314292893,
                -0.39572234345350277,
                0.125
            ],
            "goal_quat": [
                0.8492713925723686,
                0.0,
                0.0,
                0.5279565339667555
            ],
            "shape": [
                0.11,
                0.29,
                0.15
            ],
            "start_pos": [
                -0.613459516641638,
                -0.5622657489003902,
                0.125
            ],
            "start_quat": [
                0.2093039462560082,
                -0.0,
                -0.0,
                -0.9778506317846617
            ]
        },
        {
            "goal_pos": [
                0.4727936767060446,
                -0.37605473608138096,
                0.2
            ],
            "goal_quat": [
                0.9842395393362606,
                0.0,
                0.0,
                0.1768404060364755
            ],
            "shape": [
                0.25,
                0.08,
                0.3
            ],
            "start_pos": [
                0.21493325060600174,
                -0.3051332302043499,
                0.2
            ],
            "start_quat": [
                0.9999996390792744,
                -0.0,
                -0.0,
                -0.0008496124533771989
            ]
        },
        {
            "goal_pos": [
                0.5275622723117313,
                -0.6944634687202731,
                0.155
            ],
            "goal_quat": [
                0.9806076379166863,
                0.0,
                0.0,
                0.19598127578791097
            ],
            "shape": [
                0.07,
                0.14,
                0.21
            ],
            "start_pos": [
                -0.12719142577781833,
                -0.5507914624095782,
                0.155
            ],
            "start_quat": [
                0.9697734319865519,
                -0.0,
                -0.0,
                -0.24400715279070154
            ]
        }
    ]
}