{
    "objects": [
        {
            "goal_pos": [
                0.7212042732796751,
                -0.9059727039481575,
                0.07500000000000001
            ],
            "goal_quat": [
                0.8122753417389031,
                -0.0,
                -0.0,
                -0.5832741801271063
            ],
            "shape": [
                0.03,
                0.3,
                0.05
            ],
            "start_pos": [
                0.3933891813638848,
                0.3313550692829065,
                0.15100000000000002
            ],
            "start_quat": [
                0.5019589028456481,
                0.0,
                0.0,
                0.8648914728762177
            ]
        },
        {
            "goal_pos": [
                0.3848375842676687,
                -0.9413595283218286,
                0.07500000000000001
            ],
            "goal_quat": [
                0.7879661094975963,
                0.0,
                0.0,
                0.6157186129095191
            ],
            "shape": [
                0.03,
                0.3,
                0.05
            ],
            "start_pos": [
                -0.4168471515516652,
                0.3379203362683165,
                0.551
            ],
            "start_quat": [
                0.9828961337591152,
                0.0,
                0.0,
                0.18416077280838988
            ]
        }
    ]
}