{
    "objects": [
        {
            "goal_pos": [
                -0.33315438175675316,
                -0.8952866231063012,
                0.07500000000000001
            ],
            "goal_quat": [
                0.6650356460484425,
                -0.0,
                -0.0,
                -0.7468116157940573
            ],
            "shape": [
                0.03,
                0.3,
                0.05
            ],
            "start_pos": [
                0.40307240410675915,
                0.28015343170044316,
                0.15100000000000002
            ],
            "start_quat": [
                0.9803933341894054,
                -0.0,
                -0.0,
                -0.19705052721822575
            ]
        },
        {
            "goal_pos": [
                -0.7615558091629482,
                -0.86814956957207,
                0.07500000000000001
            ],
            "goal_quat": [
                0.7842837731494849,
                -0.0,
                -0.0,
                -0.6204022591628816
            ],
            "shape": [
                0.03,
                0.3,
                0.05
            ],
            "start_pos": [
                -0.38325955049020377,
                0.2547782698987675,
                0.551
            ],
            "start_quat": [
                0.4776573115430635,
                -0.0,
                -0.0,
                -0.8785462382421615
            ]
        }
    ]
}