{
    "objects": [
        {
            "goal_pos": [
                -0.9125755947511337,
                -0.6839800553777551,
                0.07500000000000001
            ],
            "goal_quat": [
                0.663599267250864,
                0.0,
                0.0,
                0.7480882384479229
            ],
            "shape": [
                0.03,
                0.3,
                0.05
            ],
            "start_pos": [
                0.4147766677706714,
                0.3056745522506932,
                0.15100000000000002
            ],
            "start_quat": [
                0.7244375430437149,
                -0.0,
                -0.0,
                -0.6893404429081365
            ]
        },
        {
            "goal_pos": [
                0.996798864578521,
                -0.48510679197175033,
                0.07500000000000001
            ],
            "goal_quat": [
                0.48660556403620236,
                0.0,
                0.0,
                0.8736217860430275
            ],
            "shape": [
                0.03,
                0.3,
                0.05
            ],
            "start_pos": [
                -0.3886677232424645,
                0.32001941800837663,
                0.551
            ],
            "start_quat": [
                0.9387965116984007,
                -0.0,
                -0.0,
                -0.3444722189421298
            ]
        },
        {
            "goal_pos": [
                -0.0250370302893142,
                -0.7125832505410035,
                0.07500000000000001
            ],
            "goal_quat": [
                0.8730126326115358,
                0.0,
                0.0,
                0.4876975941099931
            ],
            "shape": [
                0.03,
                0.3,
                0.05
            ],
            "start_pos": [
                -0.00494042955417285,
                0.2638556638929794,
                0.15100000000000002
            ],
            "start_quat": [
                0.6618426369875525,
                0.0,
                0.0,
                0.749642797514498
            ]
        }
    ]
}