{
    "objects": [
        {
            "goal_pos": [
                -0.9100516640498015,
                -1.027898082644517,
                0.11
            ],
            "goal_quat": [
                0.8856870901879937,
                0.0,
                0.0,
                0.46428264912047346
            ],
            "shape": [
                0.06,
                0.19,
                0.12
            ],
            "start_pos": [
                -0.020867873333909714,
                -0.39824968975057273,
                0.11
            ],
            "start_quat": [
                0.3450403638480409,
                0.0,
                0.0,
                0.9385878474152601
            ]
        }
    ]
}