{
    "objects": [
        {
            "goal_pos": [
                0.17037570747242886,
                -0.7845390701369406,
                0.07500000000000001
            ],
            "goal_quat": [
                0.3898504768716262,
                -0.0,
                -0.0,
                -0.9208781709232582
            ],
            "shape": [
                0.03,
                0.3,
                0.05
            ],
            "start_pos": [
                0.41376564770713303,
                0.3133546811081721,
                0.15100000000000002
            ],
            "start_quat": [
                0.6335290460293878,
                -0.0,
                -0.0,
                -0.7737189075091121
            ]
        },
        {
            "goal_pos": [
                -0.9906890261381839,
                -0.3189860708297621,
                0.07500000000000001
            ],
            "goal_quat": [
                0.7335763805547442,
                0.0,
                0.0,
                0.6796070143047386
            ],
            "shape": [
                0.03,
                0.3,
                0.05
            ],
            "start_pos": [
                -0.4127310239326207,
                0.27305049827497124,
                0.551
            ],
            "start_quat": [
                0.995972882745858,
                -0.0,
                -0.0,
                -0.08965498778598603
            ]
        }
    ]
}