{
    "objects": [
        {
            "goal_pos": [
                0.09087755327706193,
                -0.3436406775569605,
                0.2
            ],
            "goal_quat": [
                0.6560384045182057,
                -0.0,
                -0.0,
                -0.7547275083082683
            ],
            "shape": [
                0.05,
                0.39,
                0.3
            ],
            "start_pos": [
                0.48231706267538377,
                -0.4283276973197536,
                0.2
            ],
            "start_quat": [
                0.51195876201919,
                -0.0,
                -0.0,
                -0.859010026712016
            ]
        },
        {
            "goal_pos": [
                0.7673206210445013,
                -0.689543966798757,
                0.16
            ],
            "goal_quat": [
                0.42426810901544537,
                -0.0,
                -0.0,
                -0.9055366208345514
            ],
            "shape": [
                0.19,
                0.25,
                0.22
            ],
            "start_pos": [
                -0.4551439546485228,
                -0.4250347134196798,
                0.16
            ],
            "start_quat": [
                0.9066964201837321,
                -0.0,
                -0.0,
                -0.42178383281724435
            ]
        }
    ]
}