{
    "objects": [
        {
            "goal_pos": [
                -1.03019394187083,
                -0.49152956132617204,
                0.07500000000000001
            ],
            "goal_quat": [
                0.01747195549408502,
                -0.0,
                -0.0,
                -0.9998473537351653
            ],
            "shape": [
                0.03,
                0.3,
                0.05
            ],
            "start_pos": [
                0.38986505745979966,
                0.2744714758832787,
                0.15100000000000002
            ],
            "start_quat": [
                0.22693984858696112,
                0.0,
                0.0,
                0.9739087765922059
            ]
        },
        {
            "goal_pos": [
                0.5788307957211631,
                -0.9018106663974732,
                0.07500000000000001
            ],
            "goal_quat": [
                0.5442229995830279,
                -0.0,
                -0.0,
                -0.838940597852346
            ],
            "shape": [
                0.03,
                0.3,
                0.05
            ],
            "start_pos": [
                -0.3947789387965511,
                0.2943300929553487,
                0.551
            ],
            "start_quat": [
                0.5180039374779302,
                -0.0,
                -0.0,
                -0.8553782325716272
            ]
        },
        {
            "goal_pos": [
                1.0366296569073945,
                -0.5075993146675583,
                0.07500000000000001
            ],
            "goal_quat": [
                0.692759235817295,
                0.0,
                0.0,
                0.7211689408105686
            ],
            "shape": [
                0.03,
                0.3,
                0.05
            ],
            "start_pos": [
                0.02395387440965245,
                0.31159413275687153,
                0.15100000000000002
            ],
            "start_quat": [
                0.15565382091305058,
                -0.0,
                -0.0,
                -0.9878116662781261
            ]
        }
    ]
}