{
    "objects": [
        {
            "goal_pos": [
                -0.19415842523259796,
                -0.4146618433039434,
                0.195
            ],
            "goal_quat": [
                0.9044237624732973,
                -0.0,
                -0.0,
                -0.4266352749992022
            ],
            "shape": [
                0.28,
                0.07,
                0.29
            ],
            "start_pos": [
                0.31190098909824543,
                -0.47482802492726317,
                0.195
            ],
            "start_quat": [
                0.1454948423616431,
                -0.0,
                -0.0,
                -0.9893590100899474
            ]
        },
        {
            "goal_pos": [
                0.05344410085024644,
                -0.2959769542066677,
                0.20500000000000002
            ],
            "goal_quat": [
                0.9699165100104823,
                0.0,
                0.0,
                0.24343780234196585
            ],
            "shape": [
                0.16,
                0.2,
                0.31
            ],
            "start_pos": [
                -0.6360843905660758,
                -0.6539718212860353,
                0.20500000000000002
            ],
            "start_quat": [
                0.7920206462728426,
                -0.0,
                -0.0,
                -0.61049430454145
            ]
        },
        {
            "goal_pos": [
                0.04916316226254469,
                -0.5853453235209437,
                0.235
            ],
            "goal_quat": [
                0.706138162510221,
                -0.0,
                -0.0,
                -0.7080740748302318
            ],
            "shape": [
                0.08,
                0.16,
                0.37
            ],
            "start_pos": [
                0.6948325791647059,
                -0.6000176108802489,
                0.235
            ],
            "start_quat": [
                0.5944837492396529,
                -0.0,
                -0.0,
                -0.8041076245689787
            ]
        },
        {
            "goal_pos": [
                0.5966580710645738,
                -0.4067555901797969,
                0.12000000000000001
            ],
            "goal_quat": [
                0.474667314489592,
                0.0,
                0.0,
                0.8801652916101832
            ],
            "shape": [
                0.2,
                0.14,
                0.14
            ],
            "start_pos": [
                -0.5165207402397426,
                -0.3591018726685328,
                0.12000000000000001
            ],
            "start_quat": [
                0.9752067819603338,
                -0.0,
                -0.0,
                -0.2212955770424931
            ]
        }
    ]
}