{
    "objects": [
        {
            "goal_pos": [
                0.0912129915622091,
                1.3411007823208339,
                0.11
            ],
            "goal_quat": [
                0.11064136704975136,
                0.0,
                0.0,
                0.9938603965836259
            ],
            "shape": [
                0.33,
                0.1,
                0.12
            ],
            "start_pos": [
                -1.049770796511774,
                -0.16193276718102645,
                0.11
            ],
            "start_quat": [
                0.8226088121385814,
                -0.0,
                -0.0,
                -0.5686077225926078
            ]
        },
        {
            "goal_pos": [
                -0.609302045469945,
                -0.04826830883255462,
                0.11
            ],
            "goal_quat": [
                0.1435851239717851,
                -0.0,
                -0.0,
                -0.9896379702568041
            ],
            "shape": [
                0.24,
                0.3,
                0.12
            ],
            "start_pos": [
                -0.23774123942723924,
                0.05341750986769295,
                0.11
            ],
            "start_quat": [
                0.9038976209990083,
                -0.0,
                -0.0,
                -0.42774886411577207
            ]
        }
    ]
}