{
    "objects": [
        {
            "goal_pos": [
                0.3492174415671859,
                -0.5562941261791845,
                0.185
            ],
            "goal_quat": [
                0.9866727534608973,
                -0.0,
                -0.0,
                -0.1627171705072681
            ],
            "shape": [
                0.09,
                0.22,
                0.27
            ],
            "start_pos": [
                0.1489225069786286,
                -0.355988966841873,
                0.185
            ],
            "start_quat": [
                0.9011819521961213,
                -0.0,
                -0.0,
                -0.43344098679749665
            ]
        },
        {
            "goal_pos": [
                -0.18902011350333847,
                -0.3377386049791564,
                0.09
            ],
            "goal_quat": [
                0.7707178112051415,
                -0.0,
                -0.0,
                -0.6371766281739748
            ],
            "shape": [
                0.33,
                0.12,
                0.08
            ],
            "start_pos": [
                -0.5687480778096805,
                -0.45273880341680406,
                0.09
            ],
            "start_quat": [
                0.12053815529886128,
                -0.0,
                -0.0,
                -0.9927086949942302
            ]
        }
    ]
}