{
    "objects": [
        {
            "goal_pos": [
                -0.08161680766773288,
                -0.734166703323959,
                0.07500000000000001
            ],
            "goal_quat": [
                0.84781697276248,
                -0.0,
                -0.0,
                -0.5302889596209449
            ],
            "shape": [
                0.03,
                0.3,
                0.05
            ],
            "start_pos": [
                0.39644923950821853,
                0.2615192599530181,
                0.15100000000000002
            ],
            "start_quat": [
                0.0218698372908859,
                -0.0,
                -0.0,
                -0.999760826506455
            ]
        },
        {
            "goal_pos": [
                -0.6304061629016884,
                -0.8897071859145387,
                0.07500000000000001
            ],
            "goal_quat": [
                0.020096613049933473,
                0.0,
                0.0,
                0.9997980426785807
            ],
            "shape": [
                0.03,
                0.3,
                0.05
            ],
            "start_pos": [
                -0.38466992854271864,
                0.2915795945855941,
                0.551
            ],
            "start_quat": [
                0.41529099069555114,
                -0.0,
                -0.0,
                -0.909688624226503
            ]
        }
    ]
}