{
    "objects": [
        {
            "goal_pos": [
                0.5438396054095627,
                -0.9115068942756006,
                0.07500000000000001
            ],
            "goal_quat": [
                0.970021270509925,
                -0.0,
                -0.0,
                -0.24302002954141644
            ],
            "shape": [
                0.03,
                0.3,
                0.05
            ],
            "start_pos": [
                0.41685633645436654,
                0.29450095877855775,
                0.15100000000000002
            ],
            "start_quat": [
                0.7569978498708584,
                -0.0,
                -0.0,
                -0.6534173668421259
            ]
        },
        {
            "goal_pos": [
                0.15073322190925095,
                -0.7918198086449844,
                0.07500000000000001
            ],
            "goal_quat": [
                0.8752616708640167,
                0.0,
                0.0,
                0.48364967436805906
            ],
            "shape": [
                0.03,
                0.3,
                0.05
            ],
            "start_pos": [
                -0.40349652211754994,
                0.34138569668516133,
                0.551
            ],
            "start_quat": [
                0.9929594456847333,
                0.0,
                0.0,
                0.11845479823741689
            ]
        },
        {
            "goal_pos": [
                -0.7300818116617434,
                -0.8170674247272158,
                0.07500000000000001
            ],
            "goal_quat": [
                0.6456595743995914,
                0.0,
                0.0,
                0.7636253754205256
            ],
            "shape": [
                0.03,
                0.3,
                0.05
            ],
            "start_pos": [
                -0.006911733291126456,
                0.30565623354271004,
                0.15100000000000002
            ],
            "start_quat": [
                0.757503773133447,
                0.0,
                0.0,
                0.6528307848811906
            ]
        },
        {
            "goal_pos": [
                1.051247218891155,
                -0.3800615708926985,
                0.07500000000000001
            ],
            "goal_quat": [
                0.8447643288013224,
                0.0,
                0.0,
                0.5351385136437588
            ],
            "shape": [
                0.03,
                0.3,
                0.05
            ],
            "start_pos": [
                0.008733452905585859,
                0.2719146210753631,
                0.551
            ],
            "start_quat": [
                0.41219052472988826,
                0.0,
                0.0,
                0.9110976738653762
            ]
        }
    ]
}