{
    "objects": [
        {
            "goal_pos": [
                -0.898211298137788,
                -0.7406859338696572,
                0.07500000000000001
            ],
            "goal_quat": [
                0.4969301173038347,
                -0.0,
                -0.0,
                -0.8677905614354174
            ],
            "shape": [
                0.03,
                0.3,
                0.05
            ],
            "start_pos": [
                0.3861468378180351,
                0.25266614411499305,
                0.15100000000000002
            ],
            "start_quat": [
                0.9990430498248191,
                -0.0,
                -0.0,
                -0.043737679370584474
            ]
        },
        {
            "goal_pos": [
                -0.10837383676292012,
                -0.77876568388665,
                0.07500000000000001
            ],
            "goal_quat": [
                0.5197173114499246,
                -0.0,
                -0.0,
                -0.8543382914157963
            ],
            "shape": [
                0.03,
                0.3,
                0.05
            ],
            "start_pos": [
                -0.3900392414228779,
                0.3117242762053905,
                0.551
            ],
            "start_quat": [
                0.6169708061748739,
                0.0,
                0.0,
                0.7869860382039355
            ]
        },
        {
            "goal_pos": [
                0.5456779726336879,
                -0.8599264919096954,
                0.07500000000000001
            ],
            "goal_quat": [
                0.6670451719533254,
                -0.0,
                -0.0,
                -0.7450172740103135
            ],
            "shape": [
                0.03,
                0.3,
                0.05
            ],
            "start_pos": [
                -0.004847075984309276,
                0.27481459211294496,
                0.15100000000000002
            ],
            "start_quat": [
                0.21270288340647145,
                -0.0,
                -0.0,
                -0.977116924114291
            ]
        }
    ]
}