{
    "objects": [
        {
            "goal_pos": [
                0.004291595385316815,
                -0.3856828779911703,
                0.235
            ],
            "goal_quat": [
                0.06463995945973394,
                -0.0,
                -0.0,
                -0.9979086509500977
            ],
            "shape": [
                0.28,
                0.22,
                0.37
            ],
            "start_pos": [
                0.5414007496488733,
                -0.47563828902553784,
                0.235
            ],
            "start_quat": [
                0.9882787334061007,
                0.0,
                0.0,
                0.15266022762079626
            ]
        },
        {
            "goal_pos": [
                -0.41674918678597606,
                -0.5819968082592523,
                0.22000000000000003
            ],
            "goal_quat": [
                0.008617350773615398,
                0.0,
                0.0,
                0.9999628699435017
            ],
            "shape": [
                0.05,
                0.05,
                0.34
            ],
            "start_pos": [
                -0.7693194772566055,
                -0.5192873054639007,
                0.22000000000000003
            ],
            "start_quat": [
                0.844974149296924,
                0.0,
                0.0,
                0.5348071493725
            ]
        },
        {
            "goal_pos": [
                -0.30540776547856996,
                -0.399495720473663,
                0.08
            ],
            "goal_quat": [
                0.7555034486874772,
                0.0,
                0.0,
                0.6551446702991092
            ],
            "shape": [
                0.19,
                0.1,
                0.06
            ],
            "start_pos": [
                -0.5826636708789759,
                -0.5128615422889534,
                0.08
            ],
            "start_quat": [
                0.5779181148439515,
                -0.0,
                -0.0,
                -0.8160947570810716
            ]
        }
    ]
}