{
    "objects": [
        {
            "goal_pos": [
                0.0013426602448134428,
                -0.5259606722453648,
                0.14
            ],
            "goal_quat": [
                0.47326021074937086,
                -0.0,
                -0.0,
                -0.8809226827148119
            ],
            "shape": [
                0.15,
                0.12,
                0.18
            ],
            "start_pos": [
                -0.1354143064699952,
                -0.24345445363690243,
                0.14
            ],
            "start_quat": [
                0.9509089048822759,
                0.0,
                0.0,
                0.3094709269310945
            ]
        },
        {
            "goal_pos": [
                -0.3466783289553509,
                -0.01595905248892393,
                0.135
            ],
            "goal_quat": [
                0.9216315677152124,
                -0.0,
                -0.0,
                -0.38806604256337596
            ],
            "shape": [
                0.18,
                0.16,
                0.17
            ],
            "start_pos": [
                1.3825346008993344,
                -0.23152273640397786,
                0.135
            ],
            "start_quat": [
                0.6903972480675025,
                -0.0,
                -0.0,
                -0.7234304665002846
            ]
        }
    ]
}