{
    "objects": [
        {
            "goal_pos": [
                0.4218839609964122,
                -0.9855558252155354,
                0.07500000000000001
            ],
            "goal_quat": [
                0.9921843519786838,
                0.0,
                0.0,
                0.12478065430442054
            ],
            "shape": [
                0.03,
                0.3,
                0.05
            ],
            "start_pos": [
                0.40917021811764775,
                0.322866252411264,
                0.15100000000000002
            ],
            "start_quat": [
                0.8448391667756346,
                -0.0,
                -0.0,
                -0.535020356885466
            ]
        },
        {
            "goal_pos": [
                0.8851950541999138,
                -0.7408776791697826,
                0.07500000000000001
            ],
            "goal_quat": [
                0.829338590086774,
                -0.0,
                -0.0,
                -0.558746367319629
            ],
            "shape": [
                0.03,
                0.3,
                0.05
            ],
            "start_pos": [
                -0.4074708088597861,
                0.2627871896914964,
                0.551
            ],
            "start_quat": [
                0.8549558348710405,
                -0.0,
                -0.0,
                -0.51870080048132
            ]
        },
        {
            "goal_pos": [
                -0.19693828207642394,
                -0.9264489910330653,
                0.07500000000000001
            ],
            "goal_quat": [
                0.8363354085621258,
                0.0,
                0.0,
                0.5482180992864264
            ],
            "shape": [
                0.03,
                0.3,
                0.05
            ],
            "start_pos": [
                0.004237203824819888,
                0.300575723985098,
                0.15100000000000002
            ],
            "start_quat": [
                0.36107371315855513,
                0.0,
                0.0,
                0.9325372773599421
            ]
        },
        {
            "goal_pos": [
                0.08590390611703164,
                -0.767095747806541,
                0.07500000000000001
            ],
            "goal_quat": [
                0.5224979619410409,
                -0.0,
                -0.0,
                -0.8526405337347378
            ],
            "shape": [
                0.03,
                0.3,
                0.05
            ],
            "start_pos": [
                0.0010767661369167,
                0.26840576135151717,
                0.551
            ],
            "start_quat": [
                0.8058642819397026,
                -0.0,
                -0.0,
                -0.5921002947928733
            ]
        }
    ]
}