{
    "objects": [
        {
            "goal_pos": [
                -0.9877332173817616,
                -0.4116358272207797,
                0.07500000000000001
            ],
            "goal_quat": [
                0.9426912169414613,
                0.0,
                0.0,
                0.3336664045141896
            ],
            "shape": [
                0.03,
                0.3,
                0.05
            ],
            "start_pos": [
                0.41943872713294356,
                0.34146538880533334,
                0.15100000000000002
            ],
            "start_quat": [
                0.987973460929044,
                0.0,
                0.0,
                0.15462354445519205
            ]
        },
        {
            "goal_pos": [
                -0.5221898774346733,
                -0.9185273357555459,
                0.07500000000000001
            ],
            "goal_quat": [
                0.718704012635471,
                0.0,
                0.0,
                0.6953161455206349
            ],
            "shape": [
                0.03,
                0.3,
                0.05
            ],
            "start_pos": [
                -0.41894280873232176,
                0.3035743982082781,
                0.551
            ],
            "start_quat": [
                0.005058028965609844,
                0.0,
                0.0,
                0.999987208089675
            ]
        },
        {
            "goal_pos": [
                -0.034386054957005474,
                -0.8061249207071766,
                0.07500000000000001
            ],
            "goal_quat": [
                0.8833633758620234,
                0.0,
                0.0,
                0.46868875192994514
            ],
            "shape": [
                0.03,
                0.3,
                0.05
            ],
            "start_pos": [
                0.0013891744802207763,
                0.33021583928363596,
                0.15100000000000002
            ],
            "start_quat": [
                0.6903132743880055,
                -0.0,
                -0.0,
                -0.7235105964695404
            ]
        },
        {
            "goal_pos": [
                0.9967844593151965,
                -0.5751748062514057,
                0.07500000000000001
            ],
            "goal_quat": [
                0.4447754713592552,
                0.0,
                0.0,
                0.8956421049041589
            ],
            "shape": [
                0.03,
                0.3,
                0.05
            ],
            "start_pos": [
                -0.0005106707351866802,
                0.3236029945036262,
                0.551
            ],
            "start_quat": [
                0.7464717914308862,
                0.0,
                0.0,
                0.6654170606453997
            ]
        }
    ]
}