{
    "objects": [
        {
            "goal_pos": [
                1.0483157199081834,
                -0.3022483835798922,
                0.07500000000000001
            ],
            "goal_quat": [
                0.05687672320246507,
                0.0,
                0.0,
                0.9983812089366216
            ],
            "shape": [
                0.03,
                0.3,
                0.05
            ],
            "start_pos": [
                0.4073878902595909,
                0.30374239025110933,
                0.15100000000000002
            ],
            "start_quat": [
                0.8668852375085963,
                -0.0,
                -0.0,
                -0.49850775820408727
            ]
        },
        {
            "goal_pos": [
                -0.24198915296909052,
                -0.966572193880834,
                0.07500000000000001
            ],
            "goal_quat": [
                0.7378634375174083,
                0.0,
                0.0,
                0.6749500333913568
            ],
            "shape": [
                0.03,
                0.3,
                0.05
            ],
            "start_pos": [
                -0.39404350683261513,
                0.34335561070549314,
                0.551
            ],
            "start_quat": [
                0.8642356661583813,
                0.0,
                0.0,
                0.5030871826431069
            ]
        }
    ]
}