{
    "objects": [
        {
            "goal_pos": [
                -0.22269221006914247,
                -0.5693670947378414,
                0.14
            ],
            "goal_quat": [
                0.6240522835615974,
                0.0,
                0.0,
                0.7813825870734231
            ],
            "shape": [
                0.1,
                0.1,
                0.18
            ],
            "start_pos": [
                0.4896043975992006,
                -0.5115993447165702,
                0.14
            ],
            "start_quat": [
                0.5166764565280952,
                -0.0,
                -0.0,
                -0.8561807281582384
            ]
        },
        {
            "goal_pos": [
                -0.5321510757730308,
                -0.45780988556888236,
                0.115
            ],
            "goal_quat": [
                0.44735243972901984,
                -0.0,
                -0.0,
                -0.8943577554136228
            ],
            "shape": [
                0.23,
                0.16,
                0.13
            ],
            "start_pos": [
                0.004880981839872678,
                -0.28760744174212793,
                0.115
            ],
            "start_quat": [
                0.9455675195514402,
                0.0,
                0.0,
                0.32542597617482316
            ]
        }
    ]
}