{
    "objects": [
        {
            "goal_pos": [
                0.8741686435886287,
                -0.6247017509140971,
                0.07500000000000001
            ],
            "goal_quat": [
                0.948971519912635,
                -0.0,
                -0.0,
                -0.3153617833452611
            ],
            "shape": [
                0.03,
                0.3,
                0.05
            ],
            "start_pos": [
                0.42010885784681457,
                0.3448483709953952,
                0.15100000000000002
            ],
            "start_quat": [
                0.14406284606409572,
                0.0,
                0.0,
                0.9895685405184992
            ]
        },
        {
            "goal_pos": [
                -0.4707053682153295,
                -0.8401203459582252,
                0.07500000000000001
            ],
            "goal_quat": [
                0.2580260008184372,
                -0.0,
                -0.0,
                -0.9661379730150574
            ],
            "shape": [
                0.03,
                0.3,
                0.05
            ],
            "start_pos": [
                -0.4197945650420421,
                0.2551000269074315,
                0.551
            ],
            "start_quat": [
                0.16559213797460434,
                -0.0,
                -0.0,
                -0.9861943235696501
            ]
        }
    ]
}