{
    "objects": [
        {
            "goal_pos": [
                -0.8132682842885026,
                -0.8186220656618948,
                0.07500000000000001
            ],
            "goal_quat": [
                0.7095129973778977,
                -0.0,
                -0.0,
                -0.7046923488671005
            ],
            "shape": [
                0.03,
                0.3,
                0.05
            ],
            "start_pos": [
                0.41380973464204535,
                0.32983606847324193,
                0.15100000000000002
            ],
            "start_quat": [
                0.9941374919234469,
                0.0,
                0.0,
                0.10812329606591933
            ]
        },
        {
            "goal_pos": [
                0.8468696359702491,
                -0.6130780881502189,
                0.07500000000000001
            ],
            "goal_quat": [
                0.8905751475580252,
                0.0,
                0.0,
                0.45483613153750396
            ],
            "shape": [
                0.03,
                0.3,
                0.05
            ],
            "start_pos": [
                -0.41516683508310165,
                0.28242499042723923,
                0.551
            ],
            "start_quat": [
                0.3996679330718322,
                -0.0,
                -0.0,
                -0.9166599932767272
            ]
        },
        {
            "goal_pos": [
                0.3758015800029282,
                -0.9521731352119067,
                0.07500000000000001
            ],
            "goal_quat": [
                0.7900857029592575,
                0.0,
                0.0,
                0.6129963963836784
            ],
            "shape": [
                0.03,
                0.3,
                0.05
            ],
            "start_pos": [
                -0.005604474545014296,
                0.26706944656219755,
                0.15100000000000002
            ],
            "start_quat": [
                0.9999994967350633,
                0.0,
                0.0,
                0.0010032594979567727
            ]
        },
        {
            "goal_pos": [
                0.025577130678346716,
                -0.7477088458595786,
                0.07500000000000001
            ],
            "goal_quat": [
                0.795622587134719,
                0.0,
                0.0,
                0.6057926203256825
            ],
            "shape": [
                0.03,
                0.3,
                0.05
            ],
            "start_pos": [
                0.018120917334035334,
                0.33507428881603146,
                0.551
            ],
            "start_quat": [
                0.31204326795762005,
                0.0,
                0.0,
                0.9500678917437053
            ]
        }
    ]
}