{
    "objects": [
        {
            "goal_pos": [
                0.07284363017832901,
                -0.33607629700726216,
                0.09
            ],
            "goal_quat": [
                0.7195146761526112,
                0.0,
                0.0,
                0.6944772356247562
            ],
            "shape": [
                0.12,
                0.2,
                0.08
            ],
            "start_pos": [
                -0.4767908607980348,
                -0.5917309812455788,
                0.09
            ],
            "start_quat": [
                0.6762345677989026,
                -0.0,
                -0.0,
                -0.7366863710656194
            ]
        },
        {
            "goal_pos": [
                -0.23285270084694404,
                -0.36280148200081264,
                0.08
            ],
            "goal_quat": [
                0.3216674246582225,
                0.0,
                0.0,
                0.9468527171180039
            ],
            "shape": [
                0.06,
                0.37,
                0.06
            ],
            "start_pos": [
                0.6899250000588735,
                -0.6716121017817013,
                0.08
            ],
            "start_quat": [
                0.9224313706096083,
                -0.0,
                -0.0,
                -0.3861610629197089
            ]
        },
        {
            "goal_pos": [
                0.23657103558099557,
                -0.4568272433481788,
                0.12000000000000001
            ],
            "goal_quat": [
                0.7718822612553615,
                -0.0,
                -0.0,
                -0.6357655029641902
            ],
            "shape": [
                0.08,
                0.07,
                0.14
            ],
            "start_pos": [
                0.3842672315396878,
                -0.518520380395868,
                0.12000000000000001
            ],
            "start_quat": [
                0.9918068000649787,
                -0.0,
                -0.0,
                -0.12774690346488785
            ]
        }
    ]
}