{
    "objects": [
        {
            "goal_pos": [
                -0.22886568810060384,
                -0.8177265200363912,
                0.07500000000000001
            ],
            "goal_quat": [
                0.9972876251030021,
                -0.0,
                -0.0,
                -0.07360294027016823
            ],
            "shape": [
                0.03,
                0.3,
                0.05
            ],
            "start_pos": [
                0.38918159190169294,
                0.28478594514086064,
                0.15100000000000002
            ],
            "start_quat": [
                0.11393187723987104,
                0.0,
                0.0,
                0.9934885642767102
            ]
        },
        {
            "goal_pos": [
                0.8435460118341704,
                -0.7763114114442589,
                0.07500000000000001
            ],
            "goal_quat": [
                0.2408671196029331,
                -0.0,
                -0.0,
                -0.970558102688441
            ],
            "shape": [
                0.03,
                0.3,
                0.05
            ],
            "start_pos": [
                -0.4144310429634462,
                0.273521319560677,
                0.551
            ],
            "start_quat": [
                0.5987250574726005,
                0.0,
                0.0,
                0.8009546214077494
            ]
        },
        {
            "goal_pos": [
                1.0134239335284172,
                -0.3043402277415146,
                0.07500000000000001
            ],
            "goal_quat": [
                0.9993131713669173,
                -0.0,
                -0.0,
                -0.03705651808513865
            ],
            "shape": [
                0.03,
                0.3,
                0.05
            ],
            "start_pos": [
                -0.011088193809206443,
                0.3206365061494627,
                0.15100000000000002
            ],
            "start_quat": [
                0.9646395950383015,
                -0.0,
                -0.0,
                -0.2635724789964643
            ]
        }
    ]
}