{
    "objects": [
        {
            "goal_pos": [
                -1.0395835928406838,
                -0.3092904322562187,
                0.07500000000000001
            ],
            "goal_quat": [
                0.9753111589325444,
                0.0,
                0.0,
                0.2208351042331295
            ],
            "shape": [
                0.03,
                0.3,
                0.05
            ],
            "start_pos": [
                0.4046721497832618,
                0.27199342421176265,
                0.15100000000000002
            ],
            "start_quat": [
                0.9517146870909187,
                0.0,
                0.0,
                0.3069839643620409
            ]
        },
        {
            "goal_pos": [
                -0.7688386075128226,
                -0.7149710176697744,
                0.07500000000000001
            ],
            "goal_quat": [
                0.3513451090304969,
                -0.0,
                -0.0,
                -0.9362460223468766
            ],
            "shape": [
                0.03,
                0.3,
                0.05
            ],
            "start_pos": [
                -0.3857224839054747,
                0.3387671211142582,
                0.551
            ],
            "start_quat": [
                0.9863384241984184,
                0.0,
                0.0,
                0.16473163918865344
            ]
        }
    ]
}