{
    "objects": [
        {
            "goal_pos": [
                -0.6613206203132785,
                -0.6164117149840729,
                0.21000000000000002
            ],
            "goal_quat": [
                0.8513785257699173,
                0.0,
                0.0,
                0.5245518142737113
            ],
            "shape": [
                0.19,
                0.34,
                0.32
            ],
            "start_pos": [
                -0.05347694202209692,
                -0.3301582602149421,
                0.21000000000000002
            ],
            "start_quat": [
                0.17125755703528944,
                -0.0,
                -0.0,
                -0.985226293375438
            ]
        }
    ]
}