{
    "objects": [
        {
            "goal_pos": [
                0.6513899020935426,
                -0.5654871499538474,
                0.22999999999999998
            ],
            "goal_quat": [
                0.7047026913313501,
                -0.0,
                -0.0,
                -0.7095027250337745
            ],
            "shape": [
                0.28,
                0.16,
                0.36
            ],
            "start_pos": [
                -0.3746488453270411,
                -0.4324798391900443,
                0.22999999999999998
            ],
            "start_quat": [
                0.7447603614888233,
                0.0,
                0.0,
                0.6673320042939925
            ]
        },
        {
            "goal_pos": [
                0.09529899426775569,
                -0.3769621600547649,
                0.22000000000000003
            ],
            "goal_quat": [
                0.92388371178319,
                0.0,
                0.0,
                0.3826733425543456
            ],
            "shape": [
                0.33,
                0.1,
                0.34
            ],
            "start_pos": [
                -0.6879109236937115,
                -0.585862619333059,
                0.22000000000000003
            ],
            "start_quat": [
                0.7145598844087852,
                -0.0,
                -0.0,
                -0.699574278825132
            ]
        }
    ]
}