{
    "objects": [
        {
            "goal_pos": [
                -0.19026995367195781,
                -0.8886777821073146,
                0.07500000000000001
            ],
            "goal_quat": [
                0.9408690177185413,
                0.0,
                0.0,
                0.33877055878182116
            ],
            "shape": [
                0.03,
                0.3,
                0.05
            ],
            "start_pos": [
                0.3957187807625048,
                0.26172982349746216,
                0.15100000000000002
            ],
            "start_quat": [
                0.956981426165238,
                -0.0,
                -0.0,
                -0.29014918572132364
            ]
        },
        {
            "goal_pos": [
                -0.5445232394456169,
                -0.9401820461479391,
                0.07500000000000001
            ],
            "goal_quat": [
                0.9814324594618056,
                -0.0,
                -0.0,
                -0.191808048618277
            ],
            "shape": [
                0.03,
                0.3,
                0.05
            ],
            "start_pos": [
                -0.39425307220364775,
                0.30591274268057184,
                0.551
            ],
            "start_quat": [
                0.9963390119975994,
                0.0,
                0.0,
                0.08549019342385081
            ]
        },
        {
            "goal_pos": [
                -0.8844971831073831,
                -0.7312170872396585,
                0.07500000000000001
            ],
            "goal_quat": [
                0.3870201753014257,
                -0.0,
                -0.0,
                -0.9220712466559478
            ],
            "shape": [
                0.03,
                0.3,
                0.05
            ],
            "start_pos": [
                0.01684000607783749,
                0.3327577499076261,
                0.15100000000000002
            ],
            "start_quat": [
                0.0567718058704046,
                0.0,
                0.0,
                0.9983871804356329
            ]
        },
        {
            "goal_pos": [
                0.9658867522077756,
                -0.33353944414038,
                0.07500000000000001
            ],
            "goal_quat": [
                0.193927999984688,
                0.0,
                0.0,
                0.9810157648182515
            ],
            "shape": [
                0.03,
                0.3,
                0.05
            ],
            "start_pos": [
                -0.00458149216759917,
                0.3105318407379329,
                0.551
            ],
            "start_quat": [
                0.40695480631633163,
                0.0,
                0.0,
                0.9134482938930025
            ]
        }
    ]
}