{
    "objects": [
        {
            "goal_pos": [
                0.7020740547163451,
                -0.8165899910355228,
                0.07500000000000001
            ],
            "goal_quat": [
                0.23232166146030891,
                -0.0,
                -0.0,
                -0.9726390109471867
            ],
            "shape": [
                0.03,
                0.3,
                0.05
            ],
            "start_pos": [
                0.404057055640835,
                0.29503037559350964,
                0.15100000000000002
            ],
            "start_quat": [
                0.869377986536332,
                -0.0,
                -0.0,
                -0.4941476667212275
            ]
        },
        {
            "goal_pos": [
                -0.29743176965155055,
                -0.8196670279891325,
                0.07500000000000001
            ],
            "goal_quat": [
                0.7450257574658274,
                -0.0,
                -0.0,
                -0.667035696730295
            ],
            "shape": [
                0.03,
                0.3,
                0.05
            ],
            "start_pos": [
                -0.41731054238555154,
                0.27313597988829924,
                0.551
            ],
            "start_quat": [
                0.8930920936765834,
                -0.0,
                -0.0,
                -0.4498738847859218
            ]
        },
        {
            "goal_pos": [
                0.037199821840824876,
                -0.8379263324759567,
                0.07500000000000001
            ],
            "goal_quat": [
                0.7406089720136368,
                0.0,
                0.0,
                0.6719362697257115
            ],
            "shape": [
                0.03,
                0.3,
                0.05
            ],
            "start_pos": [
                0.009145106892432947,
                0.3216371132212325,
                0.15100000000000002
            ],
            "start_quat": [
                0.8147923650425133,
                -0.0,
                -0.0,
                -0.579752880000115
            ]
        }
    ]
}