{
    "objects": [
        {
            "goal_pos": [
                -0.5116618300094885,
                -0.4695978485984076,
                0.2
            ],
            "goal_quat": [
                0.15720481299316025,
                -0.0,
                -0.0,
                -0.9875660214749116
            ],
            "shape": [
                0.33,
                0.1,
                0.3
            ],
            "start_pos": [
                -0.12262737040870228,
                -0.38186988912505204,
                0.2
            ],
            "start_quat": [
                0.040175457589948387,
                0.0,
                0.0,
                0.9991926403889484
            ]
        },
        {
            "goal_pos": [
                0.15951200104313804,
                -0.4919249156427472,
                0.09
            ],
            "goal_quat": [
                0.2933291300397443,
                -0.0,
                -0.0,
                -0.9560115174359182
            ],
            "shape": [
                0.13,
                0.21,
                0.08
            ],
            "start_pos": [
                0.5969372789528425,
                -0.4169921548080776,
                0.09
            ],
            "start_quat": [
                0.03176833784377101,
                0.0,
                0.0,
                0.9994952589735702
            ]
        }
    ]
}