{
    "objects": [
        {
            "goal_pos": [
                -0.040457597604715734,
                -0.7849733993417642,
                0.07500000000000001
            ],
            "goal_quat": [
                0.9956676409861756,
                0.0,
                0.0,
                0.09298359367664956
            ],
            "shape": [
                0.03,
                0.3,
                0.05
            ],
            "start_pos": [
                0.41826047104946606,
                0.3328889923188496,
                0.15100000000000002
            ],
            "start_quat": [
                0.06515730029013514,
                -0.0,
                -0.0,
                -0.9978750053082306
            ]
        },
        {
            "goal_pos": [
                0.3317751957185173,
                -0.8766523171368255,
                0.07500000000000001
            ],
            "goal_quat": [
                0.7075259805286956,
                0.0,
                0.0,
                0.7066873331798921
            ],
            "shape": [
                0.03,
                0.3,
                0.05
            ],
            "start_pos": [
                -0.38367308138497314,
                0.2726277310626861,
                0.551
            ],
            "start_quat": [
                0.9948268571634737,
                -0.0,
                -0.0,
                -0.10158505926683072
            ]
        },
        {
            "goal_pos": [
                0.9735287684413204,
                -0.3917648063701843,
                0.07500000000000001
            ],
            "goal_quat": [
                0.6973932256360627,
                0.0,
                0.0,
                0.7166886972995512
            ],
            "shape": [
                0.03,
                0.3,
                0.05
            ],
            "start_pos": [
                -0.01978980875073521,
                0.28805672744447774,
                0.15100000000000002
            ],
            "start_quat": [
                0.3687248386360085,
                -0.0,
                -0.0,
                -0.9295385916533264
            ]
        },
        {
            "goal_pos": [
                -1.019114185070589,
                -0.3038481239051322,
                0.07500000000000001
            ],
            "goal_quat": [
                0.9273615517897982,
                -0.0,
                -0.0,
                -0.3741664766678296
            ],
            "shape": [
                0.03,
                0.3,
                0.05
            ],
            "start_pos": [
                0.009824996857593804,
                0.2827842987030432,
                0.551
            ],
            "start_quat": [
                0.9793891640149386,
                -0.0,
                -0.0,
                -0.201982339352033
            ]
        }
    ]
}