{
    "objects": [
        {
            "goal_pos": [
                0.30985588502553374,
                -0.887755720150279,
                0.07500000000000001
            ],
            "goal_quat": [
                0.972763632292171,
                -0.0,
                -0.0,
                -0.2317993004513646
            ],
            "shape": [
                0.03,
                0.3,
                0.05
            ],
            "start_pos": [
                0.38643842406862317,
                0.3247060033818846,
                0.15100000000000002
            ],
            "start_quat": [
                0.9888900486643929,
                0.0,
                0.0,
                0.1486488198827513
            ]
        },
        {
            "goal_pos": [
                -0.04099996062601741,
                -0.8350528221583571,
                0.07500000000000001
            ],
            "goal_quat": [
                0.9847356077959933,
                0.0,
                0.0,
                0.17405683766705504
            ],
            "shape": [
                0.03,
                0.3,
                0.05
            ],
            "start_pos": [
                -0.4153132882547688,
                0.28523160622896115,
                0.551
            ],
            "start_quat": [
                0.8865154829603564,
                0.0,
                0.0,
                0.4626989285394617
            ]
        },
        {
            "goal_pos": [
                -1.0544275268826249,
                -0.4104473962508874,
                0.07500000000000001
            ],
            "goal_quat": [
                0.660725814380842,
                0.0,
                0.0,
                0.7506273364398429
            ],
            "shape": [
                0.03,
                0.3,
                0.05
            ],
            "start_pos": [
                0.009392844990523341,
                0.2632306219846008,
                0.15100000000000002
            ],
            "start_quat": [
                0.9979006063915079,
                0.0,
                0.0,
                0.06476403140216604
            ]
        },
        {
            "goal_pos": [
                0.6443281400876288,
                -0.8009837676030502,
                0.07500000000000001
            ],
            "goal_quat": [
                0.6391161917776085,
                0.0,
                0.0,
                0.769110195880725
            ],
            "shape": [
                0.03,
                0.3,
                0.05
            ],
            "start_pos": [
                -0.008503749128558953,
                0.32600473461827245,
                0.551
            ],
            "start_quat": [
                0.2558943372324824,
                -0.0,
                -0.0,
                -0.9667047574995938
            ]
        }
    ]
}