{
    "objects": [
        {
            "goal_pos": [
                0.9706533712827496,
                0.10013606803582276,
                0.08
            ],
            "goal_quat": [
                0.9785878299175536,
                0.0,
                0.0,
                0.2058296847815041
            ],
            "shape": [
                0.08,
                0.08,
                0.06
            ],
            "start_pos": [
                0.09017280214299628,
                -0.6094805560117182,
                0.08
            ],
            "start_quat": [
                0.9129450870537684,
                -0.0,
                -0.0,
                -0.40808242797796046
            ]
        }
    ]
}