{
    "objects": [
        {
            "goal_pos": [
                -1.0518713535127306,
                -0.28398175137777376,
                0.12000000000000001
            ],
            "goal_quat": [
                0.15475900347835164,
                -0.0,
                -0.0,
                -0.9879522512967859
            ],
            "shape": [
                0.11,
                0.08,
                0.14
            ],
            "start_pos": [
                -0.0801722488353298,
                -0.4752861389371415,
                0.12000000000000001
            ],
            "start_quat": [
                0.9562078602294093,
                -0.0,
                -0.0,
                -0.2926884487565139
            ]
        },
        {
            "goal_pos": [
                1.0950447758798938,
                -0.2450894129809794,
                0.07500000000000001
            ],
            "goal_quat": [
                0.9761419991524317,
                -0.0,
                -0.0,
                -0.21713313310200727
            ],
            "shape": [
                0.09,
                0.16,
                0.05
            ],
            "start_pos": [
                0.4500432496518165,
                0.9810911564073761,
                0.07500000000000001
            ],
            "start_quat": [
                0.21629585500344942,
                -0.0,
                -0.0,
                -0.9763278666044142
            ]
        },
        {
            "goal_pos": [
                -1.2334915611446249,
                -0.4768748817050874,
                0.13
            ],
            "goal_quat": [
                0.5528974738561253,
                0.0,
                0.0,
                0.8332492924710558
            ],
            "shape": [
                0.12,
                0.17,
                0.16
            ],
            "start_pos": [
                0.24367867486896932,
                0.015573199775358482,
                0.13
            ],
            "start_quat": [
                0.9265875707210586,
                0.0,
                0.0,
                0.3760790791645387
            ]
        }
    ]
}