{
    "objects": [
        {
            "goal_pos": [
                -0.014927536877216846,
                -0.4197348442177127,
                0.07500000000000001
            ],
            "goal_quat": [
                0.8435028172929744,
                -0.0,
                -0.0,
                -0.5371247501454528
            ],
            "shape": [
                0.19,
                0.07,
                0.05
            ],
            "start_pos": [
                -0.6433474010992015,
                -0.714500799577477,
                0.07500000000000001
            ],
            "start_quat": [
                0.591439511662494,
                0.0,
                0.0,
                0.806349368477728
            ]
        },
        {
            "goal_pos": [
                -0.009816178802521114,
                -0.5940570206264975,
                0.18
            ],
            "goal_quat": [
                0.16943352567177486,
                0.0,
                0.0,
                0.985541617781021
            ],
            "shape": [
                0.07,
                0.1,
                0.26
            ],
            "start_pos": [
                -0.31060111345841235,
                -0.5935956579296561,
                0.18
            ],
            "start_quat": [
                0.8849698976433538,
                0.0,
                0.0,
                0.465648236617634
            ]
        },
        {
            "goal_pos": [
                0.747204660860781,
                -0.5764891512522539,
                0.07500000000000001
            ],
            "goal_quat": [
                0.978823406878612,
                0.0,
                0.0,
                0.20470646825771538
            ],
            "shape": [
                0.17,
                0.13,
                0.05
            ],
            "start_pos": [
                0.2746610114370982,
                -0.5145762436812018,
                0.07500000000000001
            ],
            "start_quat": [
                0.909954313148996,
                0.0,
                0.0,
                0.4147085096565285
            ]
        }
    ]
}