{
    "objects": [
        {
            "goal_pos": [
                1.0115189177925155,
                0.7305089626580004,
                0.095
            ],
            "goal_quat": [
                0.9747962804788093,
                0.0,
                0.0,
                0.22309686587820698
            ],
            "shape": [
                0.16,
                0.15,
                0.09
            ],
            "start_pos": [
                -0.025994824850558484,
                -0.25266805428375766,
                0.095
            ],
            "start_quat": [
                0.15908656655226544,
                0.0,
                0.0,
                0.9872646374415583
            ]
        }
    ]
}