{
    "objects": [
        {
            "goal_pos": [
                -0.9927750430369587,
                -0.379773220334008,
                0.07500000000000001
            ],
            "goal_quat": [
                0.976262172997901,
                0.0,
                0.0,
                0.21659217338910577
            ],
            "shape": [
                0.03,
                0.3,
                0.05
            ],
            "start_pos": [
                0.40443449953921323,
                0.2527021471875996,
                0.15100000000000002
            ],
            "start_quat": [
                0.6776016427698481,
                0.0,
                0.0,
                0.7354291357538149
            ]
        },
        {
            "goal_pos": [
                -0.5628260123340757,
                -0.8220548490283659,
                0.07500000000000001
            ],
            "goal_quat": [
                0.8910158424453771,
                -0.0,
                -0.0,
                -0.4539722111664489
            ],
            "shape": [
                0.03,
                0.3,
                0.05
            ],
            "start_pos": [
                -0.396314316178676,
                0.29731079177443515,
                0.551
            ],
            "start_quat": [
                0.09788901255596522,
                -0.0,
                -0.0,
                -0.995197337828442
            ]
        }
    ]
}