{
    "objects": [
        {
            "goal_pos": [
                0.7438322400870695,
                0.000521571967485035,
                0.085
            ],
            "goal_quat": [
                0.9972977800198877,
                -0.0,
                -0.0,
                -0.07346521603727697
            ],
            "shape": [
                0.21,
                0.23,
                0.07
            ],
            "start_pos": [
                -1.23547632240484,
                -0.8275547685910216,
                0.085
            ],
            "start_quat": [
                0.9577877595987464,
                0.0,
                0.0,
                0.28747627304320944
            ]
        },
        {
            "goal_pos": [
                -0.20044890441677798,
                -0.7519250679610487,
                0.25
            ],
            "goal_quat": [
                0.564966134391337,
                -0.0,
                -0.0,
                -0.8251140933173482
            ],
            "shape": [
                0.39,
                0.13,
                0.4
            ],
            "start_pos": [
                0.9509151845284665,
                1.1161821407665842,
                0.25
            ],
            "start_quat": [
                0.406086671041599,
                0.0,
                0.0,
                0.9138345668677412
            ]
        },
        {
            "goal_pos": [
                -0.233790686394931,
                0.23111320869347968,
                0.20500000000000002
            ],
            "goal_quat": [
                0.7459468620628246,
                0.0,
                0.0,
                0.6660054646762482
            ],
            "shape": [
                0.28,
                0.19,
                0.31
            ],
            "start_pos": [
                1.089996284532662,
                0.3568633851373761,
                0.20500000000000002
            ],
            "start_quat": [
                0.5550953206404254,
                0.0,
                0.0,
                0.8317867425026101
            ]
        },
        {
            "goal_pos": [
                0.4818033779405353,
                -0.8099723498002653,
                0.155
            ],
            "goal_quat": [
                0.46892452589903144,
                -0.0,
                -0.0,
                -0.8832382402332728
            ],
            "shape": [
                0.4,
                0.07,
                0.21
            ],
            "start_pos": [
                -0.10505961711279721,
                0.5991669442182805,
                0.155
            ],
            "start_quat": [
                0.6586366958971996,
                0.0,
                0.0,
                0.7524610972120883
            ]
        }
    ]
}