{
    "objects": [
        {
            "goal_pos": [
                -0.2754370228293588,
                -0.8285684322731153,
                0.07500000000000001
            ],
            "goal_quat": [
                0.2186151832862442,
                0.0,
                0.0,
                0.9758111506007306
            ],
            "shape": [
                0.03,
                0.3,
                0.05
            ],
            "start_pos": [
                0.4057866553786425,
                0.3190666757685909,
                0.15100000000000002
            ],
            "start_quat": [
                0.9999507091598655,
                0.0,
                0.0,
                0.009928708409559976
            ]
        },
        {
            "goal_pos": [
                0.8958749562015591,
                -0.5853167880766266,
                0.07500000000000001
            ],
            "goal_quat": [
                0.3186176928753281,
                -0.0,
                -0.0,
                -0.9478833081064373
            ],
            "shape": [
                0.03,
                0.3,
                0.05
            ],
            "start_pos": [
                -0.3820968825475562,
                0.30219105196308904,
                0.551
            ],
            "start_quat": [
                0.8880633962920306,
                -0.0,
                -0.0,
                -0.4597210068794593
            ]
        }
    ]
}