{
    "objects": [
        {
            "goal_pos": [
                0.7219356360916942,
                -0.593776633963357,
                0.21000000000000002
            ],
            "goal_quat": [
                0.917624117134694,
                -0.0,
                -0.0,
                -0.39744934224725204
            ],
            "shape": [
                0.28,
                0.1,
                0.32
            ],
            "start_pos": [
                0.21581551849187808,
                -0.32303707293771855,
                0.21000000000000002
            ],
            "start_quat": [
                0.9998491470413663,
                0.0,
                0.0,
                0.017369028776885193
            ]
        },
        {
            "goal_pos": [
                -0.08882701578175956,
                -0.4483911939902544,
                0.175
            ],
            "goal_quat": [
                0.9999978206824995,
                -0.0,
                -0.0,
                -0.0020877332807499147
            ],
            "shape": [
                0.21,
                0.21,
                0.25
            ],
            "start_pos": [
                -0.485501234242225,
                -0.5461783077798545,
                0.175
            ],
            "start_quat": [
                0.5964791793936448,
                0.0,
                0.0,
                0.8026285495482229
            ]
        }
    ]
}