{
    "objects": [
        {
            "goal_pos": [
                -0.8901229976727314,
                -0.563805406206275,
                0.07500000000000001
            ],
            "goal_quat": [
                0.9839771032356569,
                0.0,
                0.0,
                0.17829486898945088
            ],
            "shape": [
                0.03,
                0.3,
                0.05
            ],
            "start_pos": [
                0.40631477137307503,
                0.2704011823834394,
                0.15100000000000002
            ],
            "start_quat": [
                0.9912042594937973,
                -0.0,
                -0.0,
                -0.13234090811745605
            ]
        },
        {
            "goal_pos": [
                -0.41481577213103593,
                -0.9001254629974493,
                0.07500000000000001
            ],
            "goal_quat": [
                0.7763361723617455,
                0.0,
                0.0,
                0.6303190838636524
            ],
            "shape": [
                0.03,
                0.3,
                0.05
            ],
            "start_pos": [
                -0.3810701094286576,
                0.3090512406137504,
                0.551
            ],
            "start_quat": [
                0.9846879622329406,
                -0.0,
                -0.0,
                -0.17432618000042027
            ]
        }
    ]
}