{
    "objects": [
        {
            "goal_pos": [
                -0.8065225156259778,
                -0.81528606473614,
                0.07500000000000001
            ],
            "goal_quat": [
                0.8226700793000263,
                -0.0,
                -0.0,
                -0.5685190767463203
            ],
            "shape": [
                0.03,
                0.3,
                0.05
            ],
            "start_pos": [
                0.41980717892565755,
                0.27996169585970726,
                0.15100000000000002
            ],
            "start_quat": [
                0.4528902803985499,
                0.0,
                0.0,
                0.8915662588504136
            ]
        },
        {
            "goal_pos": [
                -0.2669770526205678,
                -0.9625663713466592,
                0.07500000000000001
            ],
            "goal_quat": [
                0.835158500515552,
                0.0,
                0.0,
                0.5500093444811777
            ],
            "shape": [
                0.03,
                0.3,
                0.05
            ],
            "start_pos": [
                -0.4167797455118829,
                0.2861898210770981,
                0.551
            ],
            "start_quat": [
                0.9956486070960242,
                -0.0,
                -0.0,
                -0.09318718360239626
            ]
        }
    ]
}