{
    "objects": [
        {
            "goal_pos": [
                -0.200351711971949,
                -0.8306887807697878,
                0.07500000000000001
            ],
            "goal_quat": [
                0.8779821085062177,
                -0.0,
                -0.0,
                -0.47869344798417307
            ],
            "shape": [
                0.03,
                0.3,
                0.05
            ],
            "start_pos": [
                0.3772436481989049,
                0.3216874890871932,
                0.15100000000000002
            ],
            "start_quat": [
                0.42217496492877915,
                0.0,
                0.0,
                0.9065143677776895
            ]
        },
        {
            "goal_pos": [
                -0.9595070310683139,
                -0.31412871704062,
                0.07500000000000001
            ],
            "goal_quat": [
                0.7464871948731051,
                0.0,
                0.0,
                0.6653997805007774
            ],
            "shape": [
                0.03,
                0.3,
                0.05
            ],
            "start_pos": [
                -0.41976731294811204,
                0.3137296936752279,
                0.551
            ],
            "start_quat": [
                0.40225156550900676,
                -0.0,
                -0.0,
                -0.9155291792431048
            ]
        },
        {
            "goal_pos": [
                0.9360648851883833,
                -0.38217936878722747,
                0.07500000000000001
            ],
            "goal_quat": [
                0.5892021647704597,
                -0.0,
                -0.0,
                -0.8079856490246619
            ],
            "shape": [
                0.03,
                0.3,
                0.05
            ],
            "start_pos": [
                -0.009898594296141382,
                0.3015601271915315,
                0.15100000000000002
            ],
            "start_quat": [
                0.8337538418941046,
                0.0,
                0.0,
                0.5521363338223816
            ]
        },
        {
            "goal_pos": [
                0.19668730607301804,
                -0.8732449255660635,
                0.07500000000000001
            ],
            "goal_quat": [
                0.9267714738905591,
                -0.0,
                -0.0,
                -0.37562565831252875
            ],
            "shape": [
                0.03,
                0.3,
                0.05
            ],
            "start_pos": [
                -0.012953616017487223,
                0.29962226014639687,
                0.551
            ],
            "start_quat": [
                0.7377982749400749,
                0.0,
                0.0,
                0.6750212629950628
            ]
        }
    ]
}