{
    "objects": [
        {
            "goal_pos": [
                0.3534174515591907,
                -0.39294853667827423,
                0.115
            ],
            "goal_quat": [
                0.8191589083405736,
                -0.0,
                -0.0,
                -0.5735666333446182
            ],
            "shape": [
                0.11,
                0.13,
                0.13
            ],
            "start_pos": [
                -0.6523901125777547,
                -0.5687368435443416,
                0.115
            ],
            "start_quat": [
                0.032966897133417154,
                0.0,
                0.0,
                0.9994564441202001
            ]
        },
        {
            "goal_pos": [
                0.6669204102074963,
                -0.6834529517514751,
                0.12000000000000001
            ],
            "goal_quat": [
                0.9237649353944549,
                -0.0,
                -0.0,
                -0.3829599771982427
            ],
            "shape": [
                0.25,
                0.13,
                0.14
            ],
            "start_pos": [
                -0.32437398723992916,
                -0.4009197395541534,
                0.12000000000000001
            ],
            "start_quat": [
                0.19797412141445253,
                -0.0,
                -0.0,
                -0.9802072470912341
            ]
        }
    ]
}