{
    "objects": [
        {
            "goal_pos": [
                -0.8257243849767155,
                0.9339987741881359,
                0.1
            ],
            "goal_quat": [
                0.02934975773417658,
                0.0,
                0.0,
                0.999569203067474
            ],
            "shape": [
                0.18,
                0.13,
                0.1
            ],
            "start_pos": [
                0.35964714056592695,
                -1.0377399195870765,
                0.1
            ],
            "start_quat": [
                0.008184488005487416,
                -0.0,
                -0.0,
                -0.9999665065171374
            ]
        },
        {
            "goal_pos": [
                -1.125988648668239,
                0.7274102248654986,
                0.085
            ],
            "goal_quat": [
                0.9858894854938534,
                -0.0,
                -0.0,
                -0.16739749816728192
            ],
            "shape": [
                0.17,
                0.12,
                0.07
            ],
            "start_pos": [
                0.1525135637613675,
                0.3905566327590515,
                0.085
            ],
            "start_quat": [
                0.8674638966838042,
                -0.0,
                -0.0,
                -0.4975001386433478
            ]
        }
    ]
}