{
    "objects": [
        {
            "goal_pos": [
                0.006131952504857652,
                0.21450224347460128,
                0.14500000000000002
            ],
            "goal_quat": [
                0.9603490249011272,
                -0.0,
                -0.0,
                -0.2788005566196994
            ],
            "shape": [
                0.08,
                0.1,
                0.19
            ],
            "start_pos": [
                -0.09193461193169603,
                -1.03202173639428,
                0.14500000000000002
            ],
            "start_quat": [
                0.6044252151398017,
                -0.0,
                -0.0,
                -0.7966618851829202
            ]
        },
        {
            "goal_pos": [
                -0.7278177460467545,
                -0.33571946003692993,
                0.22500000000000003
            ],
            "goal_quat": [
                0.9387531005610115,
                0.0,
                0.0,
                0.3445905050739029
            ],
            "shape": [
                0.24,
                0.28,
                0.35000000000000003
            ],
            "start_pos": [
                -0.43347379366310435,
                -0.9581498559241894,
                0.22500000000000003
            ],
            "start_quat": [
                0.35359004310706577,
                0.0,
                0.0,
                0.9354004925247492
            ]
        },
        {
            "goal_pos": [
                -1.0381400791910251,
                -0.010831780746988207,
                0.095
            ],
            "goal_quat": [
                0.6727981495262793,
                -0.0,
                -0.0,
                -0.7398260944262607
            ],
            "shape": [
                0.32,
                0.09,
                0.09
            ],
            "start_pos": [
                0.9932726719548657,
                0.2695613461070359,
                0.095
            ],
            "start_quat": [
                0.824733794379752,
                -0.0,
                -0.0,
                -0.5655211476222414
            ]
        }
    ]
}