{
    "objects": [
        {
            "goal_pos": [
                -0.33041852113903064,
                -0.4255510890658517,
                0.24
            ],
            "goal_quat": [
                0.9002122660664215,
                0.0,
                0.0,
                0.4354513474816198
            ],
            "shape": [
                0.17,
                0.07,
                0.38
            ],
            "start_pos": [
                -0.47394153951237994,
                -0.3060193799430142,
                0.24
            ],
            "start_quat": [
                0.9031603210898712,
                -0.0,
                -0.0,
                -0.4293034293001173
            ]
        }
    ]
}