{
    "objects": [
        {
            "goal_pos": [
                -0.8889614914563614,
                -0.796334161679823,
                0.07500000000000001
            ],
            "goal_quat": [
                0.8892204460071342,
                0.0,
                0.0,
                0.457478959519313
            ],
            "shape": [
                0.03,
                0.3,
                0.05
            ],
            "start_pos": [
                0.4069118419177693,
                0.2981136992262521,
                0.15100000000000002
            ],
            "start_quat": [
                0.8377419640326756,
                0.0,
                0.0,
                0.5460662978967619
            ]
        },
        {
            "goal_pos": [
                0.9353391436406921,
                -0.40007599954722367,
                0.07500000000000001
            ],
            "goal_quat": [
                0.8822177748978614,
                0.0,
                0.0,
                0.470841584457306
            ],
            "shape": [
                0.03,
                0.3,
                0.05
            ],
            "start_pos": [
                -0.42051727342077155,
                0.33159924990907536,
                0.551
            ],
            "start_quat": [
                0.9999885559036779,
                0.0,
                0.0,
                0.004784146912142828
            ]
        }
    ]
}