{
    "objects": [
        {
            "goal_pos": [
                1.0158248776359713,
                0.052791275427250206,
                0.13
            ],
            "goal_quat": [
                0.6907285465229974,
                -0.0,
                -0.0,
                -0.7231141507523051
            ],
            "shape": [
                0.19,
                0.07,
                0.16
            ],
            "start_pos": [
                0.069464518611008,
                -0.10971108248573325,
                0.13
            ],
            "start_quat": [
                0.7615891902502815,
                0.0,
                0.0,
                0.6480601093215972
            ]
        },
        {
            "goal_pos": [
                -0.919013039681726,
                0.17061588698155758,
                0.135
            ],
            "goal_quat": [
                0.4588379525858866,
                0.0,
                0.0,
                0.8885199678492272
            ],
            "shape": [
                0.07,
                0.08,
                0.17
            ],
            "start_pos": [
                -0.5633465308165189,
                -0.7356313654446777,
                0.135
            ],
            "start_quat": [
                0.9999054237503262,
                -0.0,
                -0.0,
                -0.01375294712709313
            ]
        },
        {
            "goal_pos": [
                -0.8317693005713556,
                -0.09465804108166936,
                0.14500000000000002
            ],
            "goal_quat": [
                0.7412563282080528,
                0.0,
                0.0,
                0.6712220615351641
            ],
            "shape": [
                0.12,
                0.06,
                0.19
            ],
            "start_pos": [
                0.15902319177831692,
                0.2146648139201926,
                0.14500000000000002
            ],
            "start_quat": [
                0.2702304810715925,
                -0.0,
                -0.0,
                -0.962795662173348
            ]
        }
    ]
}