{
    "objects": [
        {
            "goal_pos": [
                -1.1365865392263672,
                0.6921046273042804,
                0.135
            ],
            "goal_quat": [
                0.5451702413370431,
                0.0,
                0.0,
                0.8383253592493252
            ],
            "shape": [
                0.16,
                0.2,
                0.17
            ],
            "start_pos": [
                0.16725435405298983,
                0.61573838900565,
                0.135
            ],
            "start_quat": [
                0.16002741532514944,
                0.0,
                0.0,
                0.9871125702493876
            ]
        },
        {
            "goal_pos": [
                0.6501677170537078,
                -0.6198352019405016,
                0.195
            ],
            "goal_quat": [
                0.9673211809140141,
                0.0,
                0.0,
                0.25355420121764344
            ],
            "shape": [
                0.16,
                0.32,
                0.29
            ],
            "start_pos": [
                -0.12834983154585855,
                -1.2425910184513538,
                0.195
            ],
            "start_quat": [
                0.9954348981035798,
                0.0,
                0.0,
                0.0954429863191414
            ]
        }
    ]
}