{
    "objects": [
        {
            "goal_pos": [
                -0.5747786358448664,
                -0.903027037417135,
                0.07500000000000001
            ],
            "goal_quat": [
                0.5659766060118796,
                0.0,
                0.0,
                0.8244213009422268
            ],
            "shape": [
                0.03,
                0.3,
                0.05
            ],
            "start_pos": [
                0.39921114659148654,
                0.34894431678262494,
                0.15100000000000002
            ],
            "start_quat": [
                0.7641000235454876,
                -0.0,
                -0.0,
                -0.6450977863996941
            ]
        },
        {
            "goal_pos": [
                -1.0224119456828369,
                -0.37297845375281746,
                0.07500000000000001
            ],
            "goal_quat": [
                0.7708579716437178,
                -0.0,
                -0.0,
                -0.6370070545553896
            ],
            "shape": [
                0.03,
                0.3,
                0.05
            ],
            "start_pos": [
                -0.41035267210904874,
                0.2900303054182254,
                0.551
            ],
            "start_quat": [
                0.8982508038958126,
                0.0,
                0.0,
                0.4394832116253435
            ]
        },
        {
            "goal_pos": [
                0.12446808894752398,
                -0.8931207627507676,
                0.07500000000000001
            ],
            "goal_quat": [
                0.4544106832264583,
                0.0,
                0.0,
                0.8907923051809907
            ],
            "shape": [
                0.03,
                0.3,
                0.05
            ],
            "start_pos": [
                0.020116482359112765,
                0.30524963824271717,
                0.15100000000000002
            ],
            "start_quat": [
                0.5260182028494533,
                0.0,
                0.0,
                0.8504733095582903
            ]
        }
    ]
}