{
    "objects": [
        {
            "goal_pos": [
                -0.6992981011408125,
                -0.6922292619597024,
                0.19
            ],
            "goal_quat": [
                0.9965108803677708,
                0.0,
                0.0,
                0.08346295770370461
            ],
            "shape": [
                0.34,
                0.12,
                0.28
            ],
            "start_pos": [
                0.6871129812261422,
                -0.6814899068201512,
                0.19
            ],
            "start_quat": [
                0.8401648296546622,
                -0.0,
                -0.0,
                -0.5423311340973819
            ]
        },
        {
            "goal_pos": [
                0.30985653321105,
                -0.5549927935141767,
                0.11
            ],
            "goal_quat": [
                0.20346131440376455,
                -0.0,
                -0.0,
                -0.9790829860339176
            ],
            "shape": [
                0.2,
                0.07,
                0.12
            ],
            "start_pos": [
                0.5649230560885419,
                -0.40846798144524277,
                0.11
            ],
            "start_quat": [
                0.41384131188836426,
                -0.0,
                -0.0,
                -0.9103490366746799
            ]
        }
    ]
}