{
    "objects": [
        {
            "goal_pos": [
                -0.5858257112247314,
                -0.8939665502593777,
                0.07500000000000001
            ],
            "goal_quat": [
                0.8542778690299889,
                0.0,
                0.0,
                0.5198166239026807
            ],
            "shape": [
                0.03,
                0.3,
                0.05
            ],
            "start_pos": [
                0.40161670359480695,
                0.3014252687510405,
                0.15100000000000002
            ],
            "start_quat": [
                0.5990973601723661,
                0.0,
                0.0,
                0.8006761848803187
            ]
        },
        {
            "goal_pos": [
                0.789608633329023,
                -0.7326336158801854,
                0.07500000000000001
            ],
            "goal_quat": [
                0.971483445560437,
                0.0,
                0.0,
                0.2371073912850915
            ],
            "shape": [
                0.03,
                0.3,
                0.05
            ],
            "start_pos": [
                -0.38643457412383825,
                0.3476310198503364,
                0.551
            ],
            "start_quat": [
                0.5924943598671322,
                -0.0,
                -0.0,
                -0.8055745983617143
            ]
        }
    ]
}