{
    "objects": [
        {
            "goal_pos": [
                -1.0907331968358518,
                0.29776466665864215,
                0.13
            ],
            "goal_quat": [
                0.660044250976359,
                -0.0,
                -0.0,
                -0.7512267212719854
            ],
            "shape": [
                0.15,
                0.19,
                0.16
            ],
            "start_pos": [
                0.5242808352290993,
                0.9619143956164778,
                0.13
            ],
            "start_quat": [
                0.1666504315734828,
                -0.0,
                -0.0,
                -0.9860160412774084
            ]
        },
        {
            "goal_pos": [
                -1.1621235920258863,
                -0.07325493606486994,
                0.095
            ],
            "goal_quat": [
                0.5784466061128515,
                -0.0,
                -0.0,
                -0.8157202485389974
            ],
            "shape": [
                0.12,
                0.09,
                0.09
            ],
            "start_pos": [
                -0.11140504674144225,
                -0.45497973007401465,
                0.095
            ],
            "start_quat": [
                0.9885165305042073,
                -0.0,
                -0.0,
                -0.15111276888444805
            ]
        }
    ]
}