{
    "objects": [
        {
            "goal_pos": [
                -0.8748346615230695,
                -0.6787354538107584,
                0.07500000000000001
            ],
            "goal_quat": [
                0.7317625362302639,
                0.0,
                0.0,
                0.6815596749880759
            ],
            "shape": [
                0.03,
                0.3,
                0.05
            ],
            "start_pos": [
                0.37652354203902355,
                0.29380521664795667,
                0.15100000000000002
            ],
            "start_quat": [
                0.9889237616883761,
                -0.0,
                -0.0,
                -0.14842436985923801
            ]
        },
        {
            "goal_pos": [
                0.7146903215921377,
                -0.7365126581156853,
                0.07500000000000001
            ],
            "goal_quat": [
                0.20012735875215923,
                -0.0,
                -0.0,
                -0.9797698914943674
            ],
            "shape": [
                0.03,
                0.3,
                0.05
            ],
            "start_pos": [
                -0.3823223598212732,
                0.28310413018605907,
                0.551
            ],
            "start_quat": [
                0.999786505235378,
                0.0,
                0.0,
                0.02066262203180978
            ]
        },
        {
            "goal_pos": [
                0.306248424068721,
                -0.953309043762437,
                0.07500000000000001
            ],
            "goal_quat": [
                0.5055405135686555,
                0.0,
                0.0,
                0.8628028680647394
            ],
            "shape": [
                0.03,
                0.3,
                0.05
            ],
            "start_pos": [
                0.017351422591881306,
                0.32052204531410733,
                0.15100000000000002
            ],
            "start_quat": [
                0.999753761337646,
                -0.0,
                -0.0,
                -0.022190463970567845
            ]
        }
    ]
}