{
    "objects": [
        {
            "goal_pos": [
                0.6878252776065387,
                -0.6572294608691897,
                0.16999999999999998
            ],
            "goal_quat": [
                0.9979587810546189,
                0.0,
                0.0,
                0.06386134445796822
            ],
            "shape": [
                0.2,
                0.34,
                0.24
            ],
            "start_pos": [
                0.06155000911102164,
                -0.35898396517422215,
                0.16999999999999998
            ],
            "start_quat": [
                0.6400913178127412,
                0.0,
                0.0,
                0.7682988382528951
            ]
        },
        {
            "goal_pos": [
                -0.34911275884066845,
                -0.37259479199071055,
                0.20500000000000002
            ],
            "goal_quat": [
                0.9584068797205368,
                -0.0,
                -0.0,
                -0.28540541849156353
            ],
            "shape": [
                0.16,
                0.23,
                0.31
            ],
            "start_pos": [
                -0.6817369884400196,
                -0.6066151035848868,
                0.20500000000000002
            ],
            "start_quat": [
                0.8761528622677884,
                0.0,
                0.0,
                0.4820333618536809
            ]
        }
    ]
}