{
    "objects": [
        {
            "goal_pos": [
                -0.7004088099003261,
                -0.7905173414842022,
                0.07500000000000001
            ],
            "goal_quat": [
                0.8682396336493174,
                -0.0,
                -0.0,
                -0.49614507813793646
            ],
            "shape": [
                0.03,
                0.3,
                0.05
            ],
            "start_pos": [
                0.41291154161379584,
                0.29132847223806596,
                0.15100000000000002
            ],
            "start_quat": [
                0.8601420225371966,
                -0.0,
                -0.0,
                -0.5100546059645189
            ]
        },
        {
            "goal_pos": [
                -0.010499921925883615,
                -0.8593880881213212,
                0.07500000000000001
            ],
            "goal_quat": [
                0.3620941004948206,
                -0.0,
                -0.0,
                -0.9321415463259036
            ],
            "shape": [
                0.03,
                0.3,
                0.05
            ],
            "start_pos": [
                -0.38274998011112366,
                0.27961902028752733,
                0.551
            ],
            "start_quat": [
                0.9473127248143716,
                -0.0,
                -0.0,
                -0.32031016437941945
            ]
        },
        {
            "goal_pos": [
                1.0030688630715452,
                -0.3082421531522464,
                0.07500000000000001
            ],
            "goal_quat": [
                0.4783998776104559,
                0.0,
                0.0,
                0.8781421053009022
            ],
            "shape": [
                0.03,
                0.3,
                0.05
            ],
            "start_pos": [
                -0.021382879224133542,
                0.3380686937022983,
                0.15100000000000002
            ],
            "start_quat": [
                0.05378095838673494,
                -0.0,
                -0.0,
                -0.9985527570013536
            ]
        }
    ]
}