{
    "objects": [
        {
            "goal_pos": [
                0.0116495959477384,
                -0.6888798975418868,
                0.07500000000000001
            ],
            "goal_quat": [
                0.8595107360469213,
                -0.0,
                -0.0,
                -0.511117691554577
            ],
            "shape": [
                0.03,
                0.3,
                0.05
            ],
            "start_pos": [
                0.3808134607607748,
                0.331527448644214,
                0.15100000000000002
            ],
            "start_quat": [
                0.02454889456656297,
                0.0,
                0.0,
                0.9996986304759848
            ]
        },
        {
            "goal_pos": [
                -0.5157897641787365,
                -0.8626019537437428,
                0.07500000000000001
            ],
            "goal_quat": [
                0.2720843738150828,
                -0.0,
                -0.0,
                -0.9622733985337297
            ],
            "shape": [
                0.03,
                0.3,
                0.05
            ],
            "start_pos": [
                -0.4128230139409401,
                0.26282163133146363,
                0.551
            ],
            "start_quat": [
                0.5526466903515513,
                -0.0,
                -0.0,
                -0.8334156439877263
            ]
        },
        {
            "goal_pos": [
                0.30097990173821326,
                -0.9864031233345449,
                0.07500000000000001
            ],
            "goal_quat": [
                0.9997693642004162,
                -0.0,
                -0.0,
                -0.02147599604897633
            ],
            "shape": [
                0.03,
                0.3,
                0.05
            ],
            "start_pos": [
                -0.00360328880590274,
                0.29434193740485054,
                0.15100000000000002
            ],
            "start_quat": [
                0.9998433330819889,
                0.0,
                0.0,
                0.01770054494920632
            ]
        },
        {
            "goal_pos": [
                0.7429872307021652,
                -0.7734522349623416,
                0.07500000000000001
            ],
            "goal_quat": [
                0.4926384065941959,
                -0.0,
                -0.0,
                -0.8702341066335724
            ],
            "shape": [
                0.03,
                0.3,
                0.05
            ],
            "start_pos": [
                0.0222628191882778,
                0.2865707746378221,
                0.551
            ],
            "start_quat": [
                0.9871897131788,
                -0.0,
                -0.0,
                -0.15955083890082972
            ]
        }
    ]
}