{
    "objects": [
        {
            "goal_pos": [
                1.530358284368417,
                0.41321336455094154,
                0.155
            ],
            "goal_quat": [
                0.9199191228358023,
                0.0,
                0.0,
                0.3921081578353198
            ],
            "shape": [
                0.32,
                0.05,
                0.21
            ],
            "start_pos": [
                -0.3905443160459183,
                -0.8957818807236666,
                0.155
            ],
            "start_quat": [
                0.3990784209238329,
                0.0,
                0.0,
                0.9169167977264567
            ]
        },
        {
            "goal_pos": [
                0.2616483017143074,
                0.40426439409751314,
                0.175
            ],
            "goal_quat": [
                0.9341204819609445,
                0.0,
                0.0,
                0.35695787591962824
            ],
            "shape": [
                0.06,
                0.29,
                0.25
            ],
            "start_pos": [
                -0.727087962452687,
                1.1253913822835835,
                0.175
            ],
            "start_quat": [
                0.9347005174431753,
                0.0,
                0.0,
                0.35543627092836255
            ]
        },
        {
            "goal_pos": [
                0.4387897317146978,
                0.8088821971548247,
                0.13
            ],
            "goal_quat": [
                0.30438988857317445,
                0.0,
                0.0,
                0.9525475293833954
            ],
            "shape": [
                0.16,
                0.18,
                0.16
            ],
            "start_pos": [
                0.8078973281094357,
                -0.8796289449347224,
                0.13
            ],
            "start_quat": [
                0.8848197029179139,
                -0.0,
                -0.0,
                -0.46593357179779893
            ]
        }
    ]
}