{
    "objects": [
        {
            "goal_pos": [
                0.43752161196935824,
                -0.3957320195650249,
                0.125
            ],
            "goal_quat": [
                0.8984693215676481,
                -0.0,
                -0.0,
                -0.43903630624558837
            ],
            "shape": [
                0.33,
                0.14,
                0.15
            ],
            "start_pos": [
                -0.2714506851927131,
                -0.3882663158322851,
                0.125
            ],
            "start_quat": [
                0.5033369087093483,
                -0.0,
                -0.0,
                -0.8640902477929705
            ]
        },
        {
            "goal_pos": [
                -0.607019449700752,
                -0.5549877216606733,
                0.125
            ],
            "goal_quat": [
                0.9994265167897892,
                -0.0,
                -0.0,
                -0.03386203681749315
            ],
            "shape": [
                0.08,
                0.35000000000000003,
                0.15
            ],
            "start_pos": [
                0.7371824677973702,
                -0.6667846912850919,
                0.125
            ],
            "start_quat": [
                0.1606273962648719,
                0.0,
                0.0,
                0.9870151161806834
            ]
        }
    ]
}