{
    "objects": [
        {
            "goal_pos": [
                0.6627523172833354,
                -0.5650488798650275,
                0.235
            ],
            "goal_quat": [
                0.917596683574943,
                0.0,
                0.0,
                0.39751267437940385
            ],
            "shape": [
                0.3,
                0.19,
                0.37
            ],
            "start_pos": [
                -0.627368314715417,
                -0.5400990008720044,
                0.235
            ],
            "start_quat": [
                0.9998387828355622,
                0.0,
                0.0,
                0.017955732730846347
            ]
        },
        {
            "goal_pos": [
                -0.21229710573415572,
                -0.3011138993429693,
                0.09
            ],
            "goal_quat": [
                0.5314947422347648,
                0.0,
                0.0,
                0.8470615910173245
            ],
            "shape": [
                0.24,
                0.15,
                0.08
            ],
            "start_pos": [
                0.13074725311216578,
                -0.3524883084972915,
                0.09
            ],
            "start_quat": [
                0.7811611089403662,
                -0.0,
                -0.0,
                -0.6243294978447338
            ]
        },
        {
            "goal_pos": [
                -0.09770050776848871,
                -0.5291912273906231,
                0.245
            ],
            "goal_quat": [
                0.9948322567562251,
                -0.0,
                -0.0,
                -0.10153216690938963
            ],
            "shape": [
                0.09,
                0.19,
                0.39
            ],
            "start_pos": [
                0.39296472179926734,
                -0.4203074723372704,
                0.245
            ],
            "start_quat": [
                0.5679461177471463,
                -0.0,
                -0.0,
                -0.8230657369469007
            ]
        }
    ]
}