{
    "objects": [
        {
            "goal_pos": [
                1.1559578764069545,
                0.25645228804066,
                0.14
            ],
            "goal_quat": [
                0.025538092413981892,
                0.0,
                0.0,
                0.9996738497309284
            ],
            "shape": [
                0.07,
                0.08,
                0.18
            ],
            "start_pos": [
                0.20294280486161265,
                -0.18707003153542312,
                0.14
            ],
            "start_quat": [
                0.9999880107487988,
                -0.0,
                -0.0,
                -0.004896770227427805
            ]
        },
        {
            "goal_pos": [
                1.1096742011112886,
                -0.3126294562121394,
                0.08
            ],
            "goal_quat": [
                0.9970658123849206,
                -0.0,
                -0.0,
                -0.07654910693925968
            ],
            "shape": [
                0.15,
                0.09,
                0.06
            ],
            "start_pos": [
                0.005995205063524911,
                0.10933026741555246,
                0.08
            ],
            "start_quat": [
                0.98394110548403,
                -0.0,
                -0.0,
                -0.17849341987553763
            ]
        },
        {
            "goal_pos": [
                -0.9984599506686822,
                -0.7866727507694684,
                0.07500000000000001
            ],
            "goal_quat": [
                0.677908864918483,
                0.0,
                0.0,
                0.7351459520836212
            ],
            "shape": [
                0.06,
                0.18,
                0.05
            ],
            "start_pos": [
                -0.22896022007855787,
                -0.7968738817447829,
                0.07500000000000001
            ],
            "start_quat": [
                0.5983823225626097,
                -0.0,
                -0.0,
                -0.8012107063966238
            ]
        },
        {
            "goal_pos": [
                0.8616258620324324,
                -0.022186841508524846,
                0.09
            ],
            "goal_quat": [
                0.59645116810282,
                -0.0,
                -0.0,
                -0.8026493655817474
            ],
            "shape": [
                0.2,
                0.05,
                0.08
            ],
            "start_pos": [
                0.15791419190217892,
                -0.46302442657168785,
                0.09
            ],
            "start_quat": [
                0.7062962389554326,
                0.0,
                0.0,
                0.7079163953726532
            ]
        }
    ]
}