{
    "objects": [
        {
            "goal_pos": [
                -0.15953480535957676,
                0.6109237869771234,
                0.1
            ],
            "goal_quat": [
                0.09532452824496233,
                -0.0,
                -0.0,
                -0.9954462488325904
            ],
            "shape": [
                0.23,
                0.08,
                0.1
            ],
            "start_pos": [
                -0.2502306279751022,
                0.09509665346155668,
                0.1
            ],
            "start_quat": [
                0.8470641767548682,
                -0.0,
                -0.0,
                -0.5314906212329596
            ]
        },
        {
            "goal_pos": [
                -1.3564365764054505,
                0.41713608477837055,
                0.11
            ],
            "goal_quat": [
                0.6535907148797756,
                0.0,
                0.0,
                0.7568481865096486
            ],
            "shape": [
                0.08,
                0.28,
                0.12
            ],
            "start_pos": [
                0.8776452985913727,
                0.08121433776360301,
                0.11
            ],
            "start_quat": [
                0.8628696751059972,
                -0.0,
                -0.0,
                -0.5054264771284454
            ]
        },
        {
            "goal_pos": [
                0.9885528050555323,
                -0.884279427087284,
                0.175
            ],
            "goal_quat": [
                0.3680635175832948,
                0.0,
                0.0,
                0.9298006490771081
            ],
            "shape": [
                0.15,
                0.08,
                0.25
            ],
            "start_pos": [
                -0.7006994947009644,
                1.0131456364715763,
                0.175
            ],
            "start_quat": [
                0.8816578767837239,
                0.0,
                0.0,
                0.4718891695146393
            ]
        },
        {
            "goal_pos": [
                -0.1033125919831187,
                -0.6228779590491866,
                0.155
            ],
            "goal_quat": [
                0.7986777871036963,
                0.0,
                0.0,
                0.6017589155028306
            ],
            "shape": [
                0.19,
                0.36,
                0.21
            ],
            "start_pos": [
                1.0862453962544487,
                -0.38016671239436406,
                0.155
            ],
            "start_quat": [
                0.6519160121216169,
                0.0,
                0.0,
                0.7582911796529404
            ]
        }
    ]
}