{
    "objects": [
        {
            "goal_pos": [
                -0.13106936358434157,
                -0.7698929164118891,
                0.07500000000000001
            ],
            "goal_quat": [
                0.41505636493554643,
                0.0,
                0.0,
                0.9097956990041723
            ],
            "shape": [
                0.03,
                0.3,
                0.05
            ],
            "start_pos": [
                0.4194138002097185,
                0.33270424487599687,
                0.15100000000000002
            ],
            "start_quat": [
                0.9510340952969148,
                0.0,
                0.0,
                0.3090859905961103
            ]
        },
        {
            "goal_pos": [
                0.8740155036863773,
                -0.718879976320332,
                0.07500000000000001
            ],
            "goal_quat": [
                0.7500683953506143,
                0.0,
                0.0,
                0.6613602666445532
            ],
            "shape": [
                0.03,
                0.3,
                0.05
            ],
            "start_pos": [
                -0.3771876770492117,
                0.305694977512255,
                0.551
            ],
            "start_quat": [
                0.7713676349871927,
                0.0,
                0.0,
                0.6363897954039371
            ]
        }
    ]
}