{
    "objects": [
        {
            "goal_pos": [
                -0.3563369913367806,
                -0.3241153271242332,
                0.24
            ],
            "goal_quat": [
                0.8167988611068115,
                0.0,
                0.0,
                0.576922542889958
            ],
            "shape": [
                0.18,
                0.22,
                0.38
            ],
            "start_pos": [
                0.06128499216978889,
                -0.32508502046516763,
                0.24
            ],
            "start_quat": [
                0.9632225304368276,
                0.0,
                0.0,
                0.26870496247534165
            ]
        },
        {
            "goal_pos": [
                -0.17042102382775406,
                -0.5404575154613427,
                0.16999999999999998
            ],
            "goal_quat": [
                0.22386215642442492,
                -0.0,
                -0.0,
                -0.9746208159694756
            ],
            "shape": [
                0.18,
                0.11,
                0.24
            ],
            "start_pos": [
                0.2580483005920732,
                -0.5105650879962476,
                0.16999999999999998
            ],
            "start_quat": [
                0.20903873706615092,
                0.0,
                0.0,
                0.9779073608506016
            ]
        },
        {
            "goal_pos": [
                0.7060727067071826,
                -0.6691379262329098,
                0.1
            ],
            "goal_quat": [
                0.540717063938887,
                0.0,
                0.0,
                0.84120452730909
            ],
            "shape": [
                0.21,
                0.14,
                0.1
            ],
            "start_pos": [
                -0.7181155514309389,
                -0.6712839692323205,
                0.1
            ],
            "start_quat": [
                0.04132545061700389,
                -0.0,
                -0.0,
                -0.9991457386844532
            ]
        }
    ]
}