{
    "objects": [
        {
            "goal_pos": [
                0.27351246987205285,
                -0.9076461176051938,
                0.07500000000000001
            ],
            "goal_quat": [
                0.5953169900294536,
                -0.0,
                -0.0,
                -0.8034909342253163
            ],
            "shape": [
                0.03,
                0.3,
                0.05
            ],
            "start_pos": [
                0.4140987891201543,
                0.2801859034795,
                0.15100000000000002
            ],
            "start_quat": [
                0.8909639797053167,
                -0.0,
                -0.0,
                -0.4540739883187143
            ]
        },
        {
            "goal_pos": [
                0.9369525249744154,
                -0.43319248676490524,
                0.07500000000000001
            ],
            "goal_quat": [
                0.9996318797595161,
                0.0,
                0.0,
                0.027131254457846976
            ],
            "shape": [
                0.03,
                0.3,
                0.05
            ],
            "start_pos": [
                -0.40872517520740537,
                0.3301784801745572,
                0.551
            ],
            "start_quat": [
                0.2541104410462341,
                0.0,
                0.0,
                0.9671752084039832
            ]
        }
    ]
}