{
    "objects": [
        {
            "goal_pos": [
                -0.8502145258174141,
                -0.7569292110182774,
                0.10500000000000001
            ],
            "goal_quat": [
                0.6295193600072129,
                0.0,
                0.0,
                0.7769847973905983
            ],
            "shape": [
                0.1,
                0.19,
                0.11
            ],
            "start_pos": [
                0.015103721552576443,
                -0.46552859831100835,
                0.10500000000000001
            ],
            "start_quat": [
                0.3922836177538631,
                -0.0,
                -0.0,
                -0.9198443146760984
            ]
        },
        {
            "goal_pos": [
                1.1366291034739167,
                0.22609635341701229,
                0.13
            ],
            "goal_quat": [
                0.9872755811925533,
                -0.0,
                -0.0,
                -0.15901863658359663
            ],
            "shape": [
                0.06,
                0.14,
                0.16
            ],
            "start_pos": [
                0.37446176983007573,
                1.000267889208097,
                0.13
            ],
            "start_quat": [
                0.9987949495530385,
                -0.0,
                -0.0,
                -0.049077986382321824
            ]
        }
    ]
}