{
    "objects": [
        {
            "goal_pos": [
                -0.3147049466649232,
                -0.8410576638491589,
                0.07500000000000001
            ],
            "goal_quat": [
                0.9973103644640389,
                -0.0,
                -0.0,
                -0.07329418075540547
            ],
            "shape": [
                0.03,
                0.3,
                0.05
            ],
            "start_pos": [
                0.40514566175125877,
                0.255138963578589,
                0.15100000000000002
            ],
            "start_quat": [
                0.7914111750013599,
                -0.0,
                -0.0,
                -0.6112841827521525
            ]
        },
        {
            "goal_pos": [
                -1.0392460048104897,
                -0.3898933368744028,
                0.07500000000000001
            ],
            "goal_quat": [
                0.9865475119715339,
                -0.0,
                -0.0,
                -0.16347478895161827
            ],
            "shape": [
                0.03,
                0.3,
                0.05
            ],
            "start_pos": [
                -0.4093470633577535,
                0.2851320379278584,
                0.551
            ],
            "start_quat": [
                0.001075001079612786,
                0.0,
                0.0,
                0.9999994221861724
            ]
        }
    ]
}