{
    "objects": [
        {
            "goal_pos": [
                0.1824703351415063,
                -0.4155842385935048,
                0.07500000000000001
            ],
            "goal_quat": [
                0.994186395901841,
                -0.0,
                -0.0,
                -0.10767269943540853
            ],
            "shape": [
                0.22,
                0.24,
                0.05
            ],
            "start_pos": [
                -0.605444443896086,
                -0.5823778376990625,
                0.07500000000000001
            ],
            "start_quat": [
                0.7907839798324474,
                0.0,
                0.0,
                0.6120953334574242
            ]
        },
        {
            "goal_pos": [
                -0.21318612646074458,
                -0.3510346460067846,
                0.19
            ],
            "goal_quat": [
                0.5316791089809777,
                0.0,
                0.0,
                0.846945880840797
            ],
            "shape": [
                0.26,
                0.3,
                0.28
            ],
            "start_pos": [
                0.6157639655463014,
                -0.5652530643660232,
                0.19
            ],
            "start_quat": [
                0.2214809453041674,
                -0.0,
                -0.0,
                -0.9751646993545102
            ]
        }
    ]
}