{
    "objects": [
        {
            "goal_pos": [
                0.5832733909654881,
                -0.5683392062044217,
                0.07500000000000001
            ],
            "goal_quat": [
                0.9892997587148795,
                -0.0,
                -0.0,
                -0.14589718094151477
            ],
            "shape": [
                0.11,
                0.27,
                0.05
            ],
            "start_pos": [
                -0.5166216207290453,
                -0.5879640337248804,
                0.07500000000000001
            ],
            "start_quat": [
                0.9157332608190449,
                -0.0,
                -0.0,
                -0.4017867531784977
            ]
        }
    ]
}