{
    "objects": [
        {
            "goal_pos": [
                -0.864372541028481,
                -0.5651388989821445,
                0.07500000000000001
            ],
            "goal_quat": [
                0.9816039520366578,
                -0.0,
                -0.0,
                -0.1909284718055813
            ],
            "shape": [
                0.03,
                0.3,
                0.05
            ],
            "start_pos": [
                0.3987024101143116,
                0.26940229586946957,
                0.15100000000000002
            ],
            "start_quat": [
                0.09697997454004198,
                0.0,
                0.0,
                0.9952863329405327
            ]
        },
        {
            "goal_pos": [
                1.0094305522053229,
                -0.4664501916263445,
                0.07500000000000001
            ],
            "goal_quat": [
                0.7014317598019192,
                0.0,
                0.0,
                0.7127366177917216
            ],
            "shape": [
                0.03,
                0.3,
                0.05
            ],
            "start_pos": [
                -0.40466029682955146,
                0.2721808304712066,
                0.551
            ],
            "start_quat": [
                0.9682695124584025,
                0.0,
                0.0,
                0.24990828566409595
            ]
        },
        {
            "goal_pos": [
                -0.28581947554308634,
                -0.9363207386659878,
                0.07500000000000001
            ],
            "goal_quat": [
                0.8533617778620707,
                0.0,
                0.0,
                0.5213191691124411
            ],
            "shape": [
                0.03,
                0.3,
                0.05
            ],
            "start_pos": [
                0.016881813125774178,
                0.285124289531161,
                0.15100000000000002
            ],
            "start_quat": [
                0.9979138586760274,
                -0.0,
                -0.0,
                -0.06455951256260721
            ]
        },
        {
            "goal_pos": [
                0.795498580266407,
                -0.7619659451377816,
                0.07500000000000001
            ],
            "goal_quat": [
                0.9190728945275969,
                0.0,
                0.0,
                0.394087572177384
            ],
            "shape": [
                0.03,
                0.3,
                0.05
            ],
            "start_pos": [
                -0.017688753125023386,
                0.2907815257328864,
                0.551
            ],
            "start_quat": [
                0.7123110326907985,
                0.0,
                0.0,
                0.7018639417344135
            ]
        }
    ]
}