{
    "objects": [
        {
            "goal_pos": [
                0.11822168769813018,
                -0.41952823628476776,
                0.2
            ],
            "goal_quat": [
                0.7030365393753422,
                0.0,
                0.0,
                0.7111537276167108
            ],
            "shape": [
                0.16,
                0.12,
                0.3
            ],
            "start_pos": [
                0.3319949821407181,
                -0.4678008769615124,
                0.2
            ],
            "start_quat": [
                0.7022629472185818,
                0.0,
                0.0,
                0.7119176588369411
            ]
        },
        {
            "goal_pos": [
                0.6657850820211038,
                -0.5378672559649632,
                0.18
            ],
            "goal_quat": [
                0.7714995977501077,
                0.0,
                0.0,
                0.6362298096375414
            ],
            "shape": [
                0.24,
                0.14,
                0.26
            ],
            "start_pos": [
                -0.45392514385340066,
                -0.5626526508740346,
                0.18
            ],
            "start_quat": [
                0.9888461686700251,
                -0.0,
                -0.0,
                -0.14894044013165889
            ]
        }
    ]
}