{
    "objects": [
        {
            "goal_pos": [
                0.18036222976812175,
                -0.3604513244986961,
                0.08
            ],
            "goal_quat": [
                0.009479804613510317,
                -0.0,
                -0.0,
                -0.9999550656426966
            ],
            "shape": [
                0.18,
                0.29,
                0.06
            ],
            "start_pos": [
                0.6161165804708193,
                -0.5726160183741893,
                0.08
            ],
            "start_quat": [
                0.8425547624360857,
                -0.0,
                -0.0,
                -0.5386106871352174
            ]
        },
        {
            "goal_pos": [
                -0.5931212876762731,
                -0.5081939244992268,
                0.19
            ],
            "goal_quat": [
                0.22494841292666776,
                0.0,
                0.0,
                0.9743706746006744
            ],
            "shape": [
                0.33,
                0.1,
                0.28
            ],
            "start_pos": [
                -0.22718405622709775,
                -0.32807737709375484,
                0.19
            ],
            "start_quat": [
                0.3582817617276259,
                -0.0,
                -0.0,
                -0.9336135063361866
            ]
        }
    ]
}