{
    "objects": [
        {
            "goal_pos": [
                -0.3998443897996025,
                -0.534501902713344,
                0.09
            ],
            "goal_quat": [
                0.9643201191743409,
                0.0,
                0.0,
                0.2647389426502738
            ],
            "shape": [
                0.08,
                0.25,
                0.08
            ],
            "start_pos": [
                0.5677957291754516,
                -0.6666661210329716,
                0.09
            ],
            "start_quat": [
                0.04570231212444776,
                -0.0,
                -0.0,
                -0.9989551034288175
            ]
        }
    ]
}