{
    "objects": [
        {
            "goal_pos": [
                -0.5402748287850194,
                -0.8179084365038556,
                0.07500000000000001
            ],
            "goal_quat": [
                0.16361508503296926,
                0.0,
                0.0,
                0.9865242541111974
            ],
            "shape": [
                0.03,
                0.3,
                0.05
            ],
            "start_pos": [
                0.3857772730577332,
                0.2939128209644103,
                0.15100000000000002
            ],
            "start_quat": [
                0.49193026455257466,
                0.0,
                0.0,
                0.8706346046518217
            ]
        },
        {
            "goal_pos": [
                0.14207521134732476,
                -0.8099246617262736,
                0.07500000000000001
            ],
            "goal_quat": [
                0.863360532138537,
                0.0,
                0.0,
                0.5045875459674586
            ],
            "shape": [
                0.03,
                0.3,
                0.05
            ],
            "start_pos": [
                -0.42113694332604906,
                0.25239542462399656,
                0.551
            ],
            "start_quat": [
                0.7302678215768386,
                -0.0,
                -0.0,
                -0.6831609684177066
            ]
        },
        {
            "goal_pos": [
                0.5516498871048299,
                -0.8877254230403677,
                0.07500000000000001
            ],
            "goal_quat": [
                0.02596278658455765,
                -0.0,
                -0.0,
                -0.9996629100415623
            ],
            "shape": [
                0.03,
                0.3,
                0.05
            ],
            "start_pos": [
                0.006094875810052115,
                0.2611005162148037,
                0.15100000000000002
            ],
            "start_quat": [
                0.8547188833379225,
                -0.0,
                -0.0,
                -0.5190911581462113
            ]
        }
    ]
}