{
    "objects": [
        {
            "goal_pos": [
                -0.31258321316050575,
                -0.9785337090747555,
                0.07500000000000001
            ],
            "goal_quat": [
                0.764604048017384,
                0.0,
                0.0,
                0.6445003101282651
            ],
            "shape": [
                0.03,
                0.3,
                0.05
            ],
            "start_pos": [
                0.40447966359727366,
                0.27471247486292916,
                0.15100000000000002
            ],
            "start_quat": [
                0.0026984671939971447,
                0.0,
                0.0,
                0.9999963591307734
            ]
        },
        {
            "goal_pos": [
                0.8908847427735416,
                -0.5905393097691853,
                0.07500000000000001
            ],
            "goal_quat": [
                0.7530703049179635,
                0.0,
                0.0,
                0.6579400549068019
            ],
            "shape": [
                0.03,
                0.3,
                0.05
            ],
            "start_pos": [
                -0.41706906363881524,
                0.3299975629825482,
                0.551
            ],
            "start_quat": [
                0.9973515357033441,
                -0.0,
                -0.0,
                -0.0727317965554347
            ]
        }
    ]
}