{
    "objects": [
        {
            "goal_pos": [
                0.6816641954337489,
                -0.20830620023471347,
                0.155
            ],
            "goal_quat": [
                0.833523886314533,
                -0.0,
                -0.0,
                -0.5524834214192471
            ],
            "shape": [
                0.18,
                0.3,
                0.21
            ],
            "start_pos": [
                0.7363034623386848,
                0.9531235320012107,
                0.155
            ],
            "start_quat": [
                0.931627846993122,
                -0.0,
                -0.0,
                -0.3634137514004667
            ]
        },
        {
            "goal_pos": [
                1.0225656513368255,
                -0.15849743057839416,
                0.22000000000000003
            ],
            "goal_quat": [
                0.4102811368840982,
                -0.0,
                -0.0,
                -0.9119590937739981
            ],
            "shape": [
                0.05,
                0.21,
                0.34
            ],
            "start_pos": [
                -0.42520725037353374,
                0.27590909950354814,
                0.22000000000000003
            ],
            "start_quat": [
                0.8107321973829527,
                -0.0,
                -0.0,
                -0.5854172051849937
            ]
        }
    ]
}