{
    "objects": [
        {
            "goal_pos": [
                -0.40982475686461756,
                -0.9511494511786152,
                0.07500000000000001
            ],
            "goal_quat": [
                0.5295353183725227,
                0.0,
                0.0,
                0.8482878913412067
            ],
            "shape": [
                0.03,
                0.3,
                0.05
            ],
            "start_pos": [
                0.40130520273396947,
                0.31925747349237144,
                0.15100000000000002
            ],
            "start_quat": [
                0.3710446373063854,
                -0.0,
                -0.0,
                -0.9286150317145275
            ]
        },
        {
            "goal_pos": [
                -0.9019843749913236,
                -0.5044465702246709,
                0.07500000000000001
            ],
            "goal_quat": [
                0.878400165461025,
                0.0,
                0.0,
                0.4779258826617827
            ],
            "shape": [
                0.03,
                0.3,
                0.05
            ],
            "start_pos": [
                -0.3832330724147607,
                0.25140457884199324,
                0.551
            ],
            "start_quat": [
                0.846252564595713,
                0.0,
                0.0,
                0.5327819412434871
            ]
        },
        {
            "goal_pos": [
                0.6945460009130833,
                -0.7431795081216516,
                0.07500000000000001
            ],
            "goal_quat": [
                0.7800488447999925,
                0.0,
                0.0,
                0.6257186266415578
            ],
            "shape": [
                0.03,
                0.3,
                0.05
            ],
            "start_pos": [
                -0.006081892169126756,
                0.2916310782179263,
                0.15100000000000002
            ],
            "start_quat": [
                0.12308715711053496,
                -0.0,
                -0.0,
                -0.9923958644384037
            ]
        }
    ]
}