{
    "objects": [
        {
            "goal_pos": [
                0.7882419409830326,
                -0.6481085118688001,
                0.1
            ],
            "goal_quat": [
                0.987501831923723,
                0.0,
                0.0,
                0.15760752503383557
            ],
            "shape": [
                0.13,
                0.22,
                0.1
            ],
            "start_pos": [
                0.40591236533880165,
                -0.43407999860835267,
                0.1
            ],
            "start_quat": [
                0.3501043225043128,
                0.0,
                0.0,
                0.9367107148761543
            ]
        },
        {
            "goal_pos": [
                0.16972939173476015,
                -0.24761433431810664,
                0.09
            ],
            "goal_quat": [
                0.9424570367437026,
                0.0,
                0.0,
                0.33432728559344227
            ],
            "shape": [
                0.12,
                0.15,
                0.08
            ],
            "start_pos": [
                -0.7285206579732217,
                -0.5274650164900163,
                0.09
            ],
            "start_quat": [
                0.4628747824168435,
                0.0,
                0.0,
                0.886423677370229
            ]
        },
        {
            "goal_pos": [
                -0.4835414404577671,
                -0.5640890230895803,
                0.2
            ],
            "goal_quat": [
                0.9939949184569785,
                -0.0,
                -0.0,
                -0.10942624037087559
            ],
            "shape": [
                0.27,
                0.09,
                0.3
            ],
            "start_pos": [
                -0.026619877414902696,
                -0.40235776065847617,
                0.2
            ],
            "start_quat": [
                0.8933292594333941,
                -0.0,
                -0.0,
                -0.44940275281776326
            ]
        }
    ]
}