{
    "objects": [
        {
            "goal_pos": [
                0.023528973496486305,
                -0.7789988355262754,
                0.07500000000000001
            ],
            "goal_quat": [
                0.46092540531391857,
                0.0,
                0.0,
                0.8874388828174028
            ],
            "shape": [
                0.03,
                0.3,
                0.05
            ],
            "start_pos": [
                0.4179844926815739,
                0.29020544672228576,
                0.15100000000000002
            ],
            "start_quat": [
                0.6242788377400872,
                0.0,
                0.0,
                0.7812015954604073
            ]
        },
        {
            "goal_pos": [
                -0.40382126545330294,
                -0.8514291982456454,
                0.07500000000000001
            ],
            "goal_quat": [
                0.918111043627023,
                0.0,
                0.0,
                0.3963232412691674
            ],
            "shape": [
                0.03,
                0.3,
                0.05
            ],
            "start_pos": [
                -0.4237770465424298,
                0.26744850219585514,
                0.551
            ],
            "start_quat": [
                0.7402011796073714,
                0.0,
                0.0,
                0.6723854651223923
            ]
        },
        {
            "goal_pos": [
                -0.9672556709372496,
                -0.5140548032654202,
                0.07500000000000001
            ],
            "goal_quat": [
                0.8817579584204203,
                0.0,
                0.0,
                0.47170213351462853
            ],
            "shape": [
                0.03,
                0.3,
                0.05
            ],
            "start_pos": [
                -0.02314424051281454,
                0.25332970390726245,
                0.15100000000000002
            ],
            "start_quat": [
                0.9598083323065165,
                -0.0,
                -0.0,
                -0.28065631158943066
            ]
        }
    ]
}