{
    "robots": [
        {
            "base_pos": [
                0.42209791230066906,
                -0.7304359285325139,
                0.0
            ],
            "base_quat": [
                6.123233995736766e-17,
                0.0,
                0.0,
                1.0
            ],
            "home_pose": [
                0.0,
                0.5,
                -1.2,
                0.0,
                1.57,
                1.57
            ],
            "start_pose": [
                0.0,
                0.5,
                -1.2,
                0.0,
                1.57,
                1.57
            ],
            "type": "ur5_vacuum"
        },
        {
            "base_pos": [
                -0.3730868540199882,
                0.6975060001126807,
                0.0
            ],
            "base_quat": [
                1.0,
                0.0,
                0.0,
                0.0
            ],
            "home_pose": [
                0.0,
                0.5,
                -1.2,
                0.0,
                1.57,
                1.57
            ],
            "start_pose": [
                0.0,
                0.5,
                -1.2,
                0.0,
                1.57,
                1.57
            ],
            "type": "ur5_vacuum"
        },
        {
            "base_pos": [
                -0.8685010104043986,
                -0.4280032095227158,
                0.0
            ],
            "base_quat": [
                1.0,
                0.0,
                0.0,
                0.0
            ],
            "home_pose": [
                0.0,
                0.5,
                -1.2,
                0.0,
                1.57,
                1.57
            ],
            "start_pose": [
                0.0,
                0.5,
                -1.2,
                0.0,
                1.57,
                1.57
            ],
            "type": "ur5_vacuum"
        },
        {
            "base_pos": [
                0.8194899521237177,
                0.46093313794254903,
                0.0
            ],
            "base_quat": [
                6.123233995736766e-17,
                0.0,
                0.0,
                1.0
            ],
            "home_pose": [
                0.0,
                0.5,
                -1.2,
                0.0,
                1.57,
                1.57
            ],
            "start_pose": [
                0.0,
                0.5,
                -1.2,
                0.0,
                1.57,
                1.57
            ],
            "type": "ur5_vacuum"
        }
    ]
}