{
    "objects": [
        {
            "goal_pos": [
                -0.7886832307646872,
                -0.6693113817189766,
                0.07500000000000001
            ],
            "goal_quat": [
                0.6160353370916324,
                -0.0,
                -0.0,
                -0.7877185179075067
            ],
            "shape": [
                0.03,
                0.3,
                0.05
            ],
            "start_pos": [
                0.39521936880486247,
                0.2605747261285069,
                0.15100000000000002
            ],
            "start_quat": [
                0.9669479566669619,
                0.0,
                0.0,
                0.254973820416111
            ]
        },
        {
            "goal_pos": [
                1.0824956018425649,
                -0.30924584471771727,
                0.07500000000000001
            ],
            "goal_quat": [
                0.8732776826147366,
                -0.0,
                -0.0,
                -0.4872228330518136
            ],
            "shape": [
                0.03,
                0.3,
                0.05
            ],
            "start_pos": [
                -0.3808622825406209,
                0.27286720460731617,
                0.551
            ],
            "start_quat": [
                0.586475956363955,
                0.0,
                0.0,
                0.809966636724615
            ]
        },
        {
            "goal_pos": [
                -0.021261255304225457,
                -0.7956682040303431,
                0.07500000000000001
            ],
            "goal_quat": [
                0.9996273988058645,
                0.0,
                0.0,
                0.027295852370297816
            ],
            "shape": [
                0.03,
                0.3,
                0.05
            ],
            "start_pos": [
                -0.022486678164396853,
                0.28463854593622057,
                0.15100000000000002
            ],
            "start_quat": [
                0.9234420916985815,
                -0.0,
                -0.0,
                -0.38373780538194124
            ]
        },
        {
            "goal_pos": [
                -0.3729756196929531,
                -0.9071075273318341,
                0.07500000000000001
            ],
            "goal_quat": [
                0.915796473166078,
                -0.0,
                -0.0,
                -0.40164265178958886
            ],
            "shape": [
                0.03,
                0.3,
                0.05
            ],
            "start_pos": [
                -0.0018314477268978127,
                0.34515268747569233,
                0.551
            ],
            "start_quat": [
                0.23479296480637826,
                0.0,
                0.0,
                0.9720454020658864
            ]
        }
    ]
}