{
    "objects": [
        {
            "goal_pos": [
                0.8714778474896709,
                -0.7308887775866939,
                0.07500000000000001
            ],
            "goal_quat": [
                0.9449800585489213,
                0.0,
                0.0,
                0.3271279397191216
            ],
            "shape": [
                0.03,
                0.3,
                0.05
            ],
            "start_pos": [
                0.3989624822667322,
                0.26592258071930786,
                0.15100000000000002
            ],
            "start_quat": [
                0.7420341084143253,
                -0.0,
                -0.0,
                -0.6703621274727245
            ]
        },
        {
            "goal_pos": [
                1.0345504494357889,
                -0.32521041163855346,
                0.07500000000000001
            ],
            "goal_quat": [
                0.9608555155361943,
                -0.0,
                -0.0,
                -0.2770499562600113
            ],
            "shape": [
                0.03,
                0.3,
                0.05
            ],
            "start_pos": [
                -0.3981710519552693,
                0.30034923513134165,
                0.551
            ],
            "start_quat": [
                0.17435162097812176,
                -0.0,
                -0.0,
                -0.9846834579002033
            ]
        }
    ]
}