{
    "objects": [
        {
            "goal_pos": [
                -0.0987131593551065,
                -0.779561546554348,
                0.07500000000000001
            ],
            "goal_quat": [
                0.9927963006261219,
                -0.0,
                -0.0,
                -0.11981446266243086
            ],
            "shape": [
                0.03,
                0.3,
                0.05
            ],
            "start_pos": [
                0.4075590161081225,
                0.2621349987034352,
                0.15100000000000002
            ],
            "start_quat": [
                0.24032913579404178,
                0.0,
                0.0,
                0.9706914579249624
            ]
        },
        {
            "goal_pos": [
                0.4661768071822233,
                -0.8438708125216159,
                0.07500000000000001
            ],
            "goal_quat": [
                0.7995515987220749,
                0.0,
                0.0,
                0.6005974034084514
            ],
            "shape": [
                0.03,
                0.3,
                0.05
            ],
            "start_pos": [
                -0.3833838274010142,
                0.28137757491535115,
                0.551
            ],
            "start_quat": [
                0.9503922904588741,
                -0.0,
                -0.0,
                -0.3110538445934
            ]
        },
        {
            "goal_pos": [
                -0.7318634130837435,
                -0.7102672274945248,
                0.07500000000000001
            ],
            "goal_quat": [
                0.5277417493556938,
                -0.0,
                -0.0,
                -0.8494048775389696
            ],
            "shape": [
                0.03,
                0.3,
                0.05
            ],
            "start_pos": [
                -0.009158069875822138,
                0.25787146132131017,
                0.15100000000000002
            ],
            "start_quat": [
                0.19504995303815806,
                -0.0,
                -0.0,
                -0.9807933094285525
            ]
        },
        {
            "goal_pos": [
                0.8667308429957392,
                -0.6182514255909868,
                0.07500000000000001
            ],
            "goal_quat": [
                0.055160221253804945,
                -0.0,
                -0.0,
                -0.9984775160168762
            ],
            "shape": [
                0.03,
                0.3,
                0.05
            ],
            "start_pos": [
                -0.022648929561593836,
                0.32758024792319884,
                0.551
            ],
            "start_quat": [
                0.5297149685398341,
                -0.0,
                -0.0,
                -0.8481757200632676
            ]
        }
    ]
}