{
    "objects": [
        {
            "goal_pos": [
                0.05981340513043215,
                -0.806438400270481,
                0.07500000000000001
            ],
            "goal_quat": [
                0.17737507569187783,
                -0.0,
                -0.0,
                -0.9841433241775817
            ],
            "shape": [
                0.03,
                0.3,
                0.05
            ],
            "start_pos": [
                0.37748532666166834,
                0.2864329008892387,
                0.15100000000000002
            ],
            "start_quat": [
                0.27834975807557516,
                -0.0,
                -0.0,
                -0.960479782285535
            ]
        },
        {
            "goal_pos": [
                -0.9817084703513406,
                -0.3606277121192915,
                0.07500000000000001
            ],
            "goal_quat": [
                0.7033901528191356,
                0.0,
                0.0,
                0.7108039764358899
            ],
            "shape": [
                0.03,
                0.3,
                0.05
            ],
            "start_pos": [
                -0.4232942806055982,
                0.323241170151071,
                0.551
            ],
            "start_quat": [
                0.44934325002711883,
                -0.0,
                -0.0,
                -0.8933591907262532
            ]
        }
    ]
}