{
    "objects": [
        {
            "goal_pos": [
                -0.6538853983970804,
                -0.6214115338786306,
                0.11
            ],
            "goal_quat": [
                0.4910465941291028,
                0.0,
                0.0,
                0.8711333091979713
            ],
            "shape": [
                0.26,
                0.28,
                0.12
            ],
            "start_pos": [
                -0.3335030345417195,
                -0.37858468018429015,
                0.11
            ],
            "start_quat": [
                0.9828780261471539,
                -0.0,
                -0.0,
                -0.18425738985743448
            ]
        },
        {
            "goal_pos": [
                0.5973205075687614,
                -0.5597995269751246,
                0.22999999999999998
            ],
            "goal_quat": [
                0.925373903197349,
                -0.0,
                -0.0,
                -0.37905558864275224
            ],
            "shape": [
                0.12,
                0.18,
                0.36
            ],
            "start_pos": [
                0.0914855959858282,
                -0.3763481516295172,
                0.22999999999999998
            ],
            "start_quat": [
                0.9458895017584715,
                0.0,
                0.0,
                0.32448890653319784
            ]
        }
    ]
}