{
    "objects": [
        {
            "goal_pos": [
                -0.5478263722031873,
                -0.0339386131224117,
                0.175
            ],
            "goal_quat": [
                0.626082960712609,
                -0.0,
                -0.0,
                -0.7797564531989034
            ],
            "shape": [
                0.11,
                0.1,
                0.25
            ],
            "start_pos": [
                -0.2763005222556929,
                -1.0867671885281838,
                0.175
            ],
            "start_quat": [
                0.9275801312589913,
                0.0,
                0.0,
                0.3736242766383797
            ]
        },
        {
            "goal_pos": [
                0.7301931837551565,
                0.1498932468458472,
                0.15000000000000002
            ],
            "goal_quat": [
                0.2263165661336674,
                -0.0,
                -0.0,
                -0.9740538033874029
            ],
            "shape": [
                0.15,
                0.05,
                0.2
            ],
            "start_pos": [
                0.3546458474569642,
                -0.1496616789138721,
                0.15000000000000002
            ],
            "start_quat": [
                0.9928428353280827,
                -0.0,
                -0.0,
                -0.11942823928072344
            ]
        }
    ]
}