{
    "objects": [
        {
            "goal_pos": [
                1.0583135929563188,
                -0.098437551845653,
                0.1
            ],
            "goal_quat": [
                0.8868741874837268,
                -0.0,
                -0.0,
                -0.46201101239589454
            ],
            "shape": [
                0.13,
                0.2,
                0.1
            ],
            "start_pos": [
                -0.2046140447357736,
                0.9292303309935385,
                0.1
            ],
            "start_quat": [
                0.7719563807664441,
                0.0,
                0.0,
                0.6356755038492302
            ]
        }
    ]
}