{
    "objects": [
        {
            "goal_pos": [
                0.6893151660237213,
                -0.9117593697621591,
                0.07500000000000001
            ],
            "goal_quat": [
                0.9582421773173989,
                -0.0,
                -0.0,
                -0.28595791580232693
            ],
            "shape": [
                0.03,
                0.3,
                0.05
            ],
            "start_pos": [
                0.39282357526016554,
                0.32491274438186385,
                0.15100000000000002
            ],
            "start_quat": [
                0.5185131487535873,
                -0.0,
                -0.0,
                -0.8550696548057592
            ]
        },
        {
            "goal_pos": [
                -0.8425283445227969,
                -0.6246014299083689,
                0.07500000000000001
            ],
            "goal_quat": [
                0.9539859871624295,
                0.0,
                0.0,
                0.2998511902556413
            ],
            "shape": [
                0.03,
                0.3,
                0.05
            ],
            "start_pos": [
                -0.4093028366502103,
                0.3154489685324459,
                0.551
            ],
            "start_quat": [
                0.6019363712636543,
                -0.0,
                -0.0,
                -0.798544053230593
            ]
        }
    ]
}