{
    "objects": [
        {
            "goal_pos": [
                0.5324028205821218,
                -0.46543706217903635,
                0.24
            ],
            "goal_quat": [
                0.942479170375234,
                -0.0,
                -0.0,
                -0.33426488509685054
            ],
            "shape": [
                0.14,
                0.25,
                0.38
            ],
            "start_pos": [
                -0.23285815417412742,
                -0.4345138862472899,
                0.24
            ],
            "start_quat": [
                0.8359480508700735,
                -0.0,
                -0.0,
                -0.5488085788747521
            ]
        },
        {
            "goal_pos": [
                0.2538022748429517,
                -0.365348417980768,
                0.2
            ],
            "goal_quat": [
                0.7877326264320882,
                0.0,
                0.0,
                0.6160172962299063
            ],
            "shape": [
                0.24,
                0.18,
                0.3
            ],
            "start_pos": [
                -0.6933708756002186,
                -0.7131561426613517,
                0.2
            ],
            "start_quat": [
                0.6747439540070499,
                0.0,
                0.0,
                0.7380518928442173
            ]
        }
    ]
}