{
    "objects": [
        {
            "goal_pos": [
                -0.4361114726106418,
                -0.36198419150328054,
                0.2
            ],
            "goal_quat": [
                0.31124475865297696,
                0.0,
                0.0,
                0.9503297849752211
            ],
            "shape": [
                0.1,
                0.21,
                0.3
            ],
            "start_pos": [
                -0.1538414632265762,
                -0.5145376253024603,
                0.2
            ],
            "start_quat": [
                0.16578246916533004,
                0.0,
                0.0,
                0.9861623461263599
            ]
        }
    ]
}