{
    "objects": [
        {
            "goal_pos": [
                0.7971291123502934,
                0.8077684486034256,
                0.21000000000000002
            ],
            "goal_quat": [
                0.6648812333513242,
                -0.0,
                -0.0,
                -0.7469490916636969
            ],
            "shape": [
                0.06,
                0.36,
                0.32
            ],
            "start_pos": [
                -0.48111574907029686,
                0.09661133452077508,
                0.21000000000000002
            ],
            "start_quat": [
                0.6122630436092595,
                -0.0,
                -0.0,
                -0.7906541376798871
            ]
        }
    ]
}