{
    "objects": [
        {
            "goal_pos": [
                -0.4242973129123505,
                -0.5501144683424836,
                0.18
            ],
            "goal_quat": [
                0.5151620219482571,
                -0.0,
                -0.0,
                -0.8570928136101618
            ],
            "shape": [
                0.11,
                0.13,
                0.26
            ],
            "start_pos": [
                0.19542830249908735,
                -0.22872720356420284,
                0.18
            ],
            "start_quat": [
                0.8957030517491107,
                0.0,
                0.0,
                0.4446527218935357
            ]
        },
        {
            "goal_pos": [
                -0.2142709024384495,
                -0.44834328890878306,
                0.185
            ],
            "goal_quat": [
                0.9916312252444747,
                0.0,
                0.0,
                0.12910272313217053
            ],
            "shape": [
                0.23,
                0.13,
                0.27
            ],
            "start_pos": [
                0.05152915827948713,
                -0.4282435569382381,
                0.185
            ],
            "start_quat": [
                0.7418515603141327,
                -0.0,
                -0.0,
                -0.6705641374689574
            ]
        },
        {
            "goal_pos": [
                -0.6916599575411412,
                -0.6918123350184981,
                0.11
            ],
            "goal_quat": [
                0.7428260462770809,
                -0.0,
                -0.0,
                -0.6694844770212077
            ],
            "shape": [
                0.14,
                0.23,
                0.12
            ],
            "start_pos": [
                0.5231953133076794,
                -0.4871094037857901,
                0.11
            ],
            "start_quat": [
                0.852238352893118,
                -0.0,
                -0.0,
                -0.5231536962098473
            ]
        }
    ]
}