{
    "objects": [
        {
            "goal_pos": [
                -0.012155348401605315,
                -0.8664333290087787,
                0.07500000000000001
            ],
            "goal_quat": [
                0.719138846214978,
                -0.0,
                -0.0,
                -0.6948664043286236
            ],
            "shape": [
                0.03,
                0.3,
                0.05
            ],
            "start_pos": [
                0.4172846513193114,
                0.32402704842463775,
                0.15100000000000002
            ],
            "start_quat": [
                0.7283409248977223,
                0.0,
                0.0,
                0.6852149276826435
            ]
        },
        {
            "goal_pos": [
                0.9971477732742969,
                -0.4217400368611728,
                0.07500000000000001
            ],
            "goal_quat": [
                0.9849169193877043,
                0.0,
                0.0,
                0.17302792232421438
            ],
            "shape": [
                0.03,
                0.3,
                0.05
            ],
            "start_pos": [
                -0.41053132159839206,
                0.3109452790423425,
                0.551
            ],
            "start_quat": [
                0.3586716060348512,
                -0.0,
                -0.0,
                -0.9334638070243433
            ]
        },
        {
            "goal_pos": [
                -0.5857352058192484,
                -0.8312684772525571,
                0.07500000000000001
            ],
            "goal_quat": [
                0.5736723117210275,
                -0.0,
                -0.0,
                -0.8190849032698944
            ],
            "shape": [
                0.03,
                0.3,
                0.05
            ],
            "start_pos": [
                -0.008055141122448727,
                0.3260833224873727,
                0.15100000000000002
            ],
            "start_quat": [
                0.9166983956674694,
                0.0,
                0.0,
                0.3995798435615689
            ]
        }
    ]
}