{
    "objects": [
        {
            "goal_pos": [
                -0.9289284764360677,
                -0.30615365843298314,
                0.07500000000000001
            ],
            "goal_quat": [
                0.29445418266737294,
                -0.0,
                -0.0,
                -0.9556655975338284
            ],
            "shape": [
                0.03,
                0.3,
                0.05
            ],
            "start_pos": [
                0.4136007050561326,
                0.2518345873822975,
                0.15100000000000002
            ],
            "start_quat": [
                0.9999757617099869,
                0.0,
                0.0,
                0.006962470289449641
            ]
        },
        {
            "goal_pos": [
                0.9761821382458986,
                -0.6050661999502003,
                0.07500000000000001
            ],
            "goal_quat": [
                0.7722324442332708,
                -0.0,
                -0.0,
                -0.6353401074019398
            ],
            "shape": [
                0.03,
                0.3,
                0.05
            ],
            "start_pos": [
                -0.3909940251979636,
                0.34121840194726705,
                0.551
            ],
            "start_quat": [
                0.9994684807318871,
                -0.0,
                -0.0,
                -0.03259993901057804
            ]
        }
    ]
}