{
    "objects": [
        {
            "goal_pos": [
                1.0828810002284994,
                -0.3026139519567237,
                0.07500000000000001
            ],
            "goal_quat": [
                0.030060859503635518,
                0.0,
                0.0,
                0.9995480702426985
            ],
            "shape": [
                0.03,
                0.3,
                0.05
            ],
            "start_pos": [
                0.41324243534838095,
                0.2771312821384128,
                0.15100000000000002
            ],
            "start_quat": [
                0.8892975904930629,
                0.0,
                0.0,
                0.45732897955764046
            ]
        },
        {
            "goal_pos": [
                0.861185136455118,
                -0.8007672985811558,
                0.07500000000000001
            ],
            "goal_quat": [
                0.28178694562289563,
                -0.0,
                -0.0,
                -0.9594770019528969
            ],
            "shape": [
                0.03,
                0.3,
                0.05
            ],
            "start_pos": [
                -0.4038623813383517,
                0.31465285607344323,
                0.551
            ],
            "start_quat": [
                0.26162738738677344,
                0.0,
                0.0,
                0.9651689542091432
            ]
        },
        {
            "goal_pos": [
                -0.954484100463083,
                -0.707787448310822,
                0.07500000000000001
            ],
            "goal_quat": [
                0.031330825982995934,
                0.0,
                0.0,
                0.9995090691650693
            ],
            "shape": [
                0.03,
                0.3,
                0.05
            ],
            "start_pos": [
                -0.023450860241487768,
                0.2524521254391403,
                0.15100000000000002
            ],
            "start_quat": [
                0.9401791204946711,
                -0.0,
                -0.0,
                -0.3406805268662516
            ]
        }
    ]
}