{
    "objects": [
        {
            "goal_pos": [
                0.17067838459383522,
                -0.7929390136943909,
                0.07500000000000001
            ],
            "goal_quat": [
                0.9928264595818691,
                -0.0,
                -0.0,
                -0.11956429715484132
            ],
            "shape": [
                0.03,
                0.3,
                0.05
            ],
            "start_pos": [
                0.40254259340928156,
                0.274528236519919,
                0.15100000000000002
            ],
            "start_quat": [
                0.8882239068411846,
                -0.0,
                -0.0,
                -0.45941080888000746
            ]
        },
        {
            "goal_pos": [
                0.9895500047502681,
                -0.3284818892995259,
                0.07500000000000001
            ],
            "goal_quat": [
                0.8833318002358473,
                -0.0,
                -0.0,
                -0.46874825940167186
            ],
            "shape": [
                0.03,
                0.3,
                0.05
            ],
            "start_pos": [
                -0.40798070177830825,
                0.31242232280627813,
                0.551
            ],
            "start_quat": [
                0.07224932819914018,
                -0.0,
                -0.0,
                -0.997386602363784
            ]
        }
    ]
}