{
    "objects": [
        {
            "goal_pos": [
                0.259238825053538,
                -0.4417004378625998,
                0.11
            ],
            "goal_quat": [
                0.7012959681921821,
                -0.0,
                -0.0,
                -0.7128702301242421
            ],
            "shape": [
                0.23,
                0.09,
                0.12
            ],
            "start_pos": [
                -0.1393393241624023,
                -0.43597137762232574,
                0.11
            ],
            "start_quat": [
                0.966382764523523,
                -0.0,
                -0.0,
                -0.25710766700328685
            ]
        },
        {
            "goal_pos": [
                -0.5461773120621715,
                -0.5047041826265828,
                0.19
            ],
            "goal_quat": [
                0.9676799341465412,
                0.0,
                0.0,
                0.2521815715910773
            ],
            "shape": [
                0.18,
                0.23,
                0.28
            ],
            "start_pos": [
                0.6734063074495009,
                -0.5535756779192196,
                0.19
            ],
            "start_quat": [
                0.5278124627447159,
                -0.0,
                -0.0,
                -0.8493609386894112
            ]
        }
    ]
}