{
    "objects": [
        {
            "goal_pos": [
                0.05502436582119263,
                -0.7433428578854915,
                0.07500000000000001
            ],
            "goal_quat": [
                0.9190507990231522,
                0.0,
                0.0,
                0.39413909830782506
            ],
            "shape": [
                0.03,
                0.3,
                0.05
            ],
            "start_pos": [
                0.40093288271742167,
                0.3114645305406838,
                0.15100000000000002
            ],
            "start_quat": [
                0.9229364944177323,
                0.0,
                0.0,
                0.3849522402479393
            ]
        },
        {
            "goal_pos": [
                0.9451402339815701,
                -0.3678189369727044,
                0.07500000000000001
            ],
            "goal_quat": [
                0.741840287529484,
                0.0,
                0.0,
                0.6705766084484102
            ],
            "shape": [
                0.03,
                0.3,
                0.05
            ],
            "start_pos": [
                -0.40258674190673055,
                0.3036941863120196,
                0.551
            ],
            "start_quat": [
                0.4397415319566023,
                0.0,
                0.0,
                0.8981243706037937
            ]
        },
        {
            "goal_pos": [
                -0.454274289036365,
                -0.8527295071601464,
                0.07500000000000001
            ],
            "goal_quat": [
                0.7509986593629143,
                -0.0,
                -0.0,
                -0.6603037283213729
            ],
            "shape": [
                0.03,
                0.3,
                0.05
            ],
            "start_pos": [
                -0.001014681701737654,
                0.25181640291515417,
                0.15100000000000002
            ],
            "start_quat": [
                0.35680597779648277,
                0.0,
                0.0,
                0.9341785130309388
            ]
        },
        {
            "goal_pos": [
                0.4384389711840006,
                -0.8604573725922189,
                0.07500000000000001
            ],
            "goal_quat": [
                0.4034964869074402,
                0.0,
                0.0,
                0.9149811938249627
            ],
            "shape": [
                0.03,
                0.3,
                0.05
            ],
            "start_pos": [
                -0.012031505370361104,
                0.3271993945322707,
                0.551
            ],
            "start_quat": [
                0.9953342734713722,
                -0.0,
                -0.0,
                -0.0964867040229681
            ]
        }
    ]
}