{
    "objects": [
        {
            "goal_pos": [
                1.2519979629564015,
                -0.3519610589459894,
                0.13
            ],
            "goal_quat": [
                0.9887956158751394,
                -0.0,
                -0.0,
                -0.1492756846445657
            ],
            "shape": [
                0.13,
                0.07,
                0.16
            ],
            "start_pos": [
                0.21951226538647073,
                0.3720223759491826,
                0.13
            ],
            "start_quat": [
                0.9998303226875102,
                -0.0,
                -0.0,
                -0.01842079896717882
            ]
        },
        {
            "goal_pos": [
                1.231840522957202,
                0.03964383517143377,
                0.14
            ],
            "goal_quat": [
                0.17200998354620034,
                -0.0,
                -0.0,
                -0.9850952063432427
            ],
            "shape": [
                0.13,
                0.19,
                0.18
            ],
            "start_pos": [
                -0.00617209925309814,
                0.07153557514011377,
                0.14
            ],
            "start_quat": [
                0.6320739251674183,
                -0.0,
                -0.0,
                -0.774908093339754
            ]
        },
        {
            "goal_pos": [
                -0.9021160633207286,
                -0.3713926518821664,
                0.115
            ],
            "goal_quat": [
                0.7293412066101809,
                0.0,
                0.0,
                0.6841501328951164
            ],
            "shape": [
                0.08,
                0.09,
                0.13
            ],
            "start_pos": [
                0.28909334807166664,
                -0.20889574980126055,
                0.115
            ],
            "start_quat": [
                0.6824759467635999,
                -0.0,
                -0.0,
                -0.7309080531018439
            ]
        }
    ]
}