{
    "objects": [
        {
            "goal_pos": [
                -0.8346558219804603,
                -0.7466298820929169,
                0.07500000000000001
            ],
            "goal_quat": [
                0.3929533081024572,
                -0.0,
                -0.0,
                -0.9195584253604201
            ],
            "shape": [
                0.03,
                0.3,
                0.05
            ],
            "start_pos": [
                0.4200532039774793,
                0.3059235510378011,
                0.15100000000000002
            ],
            "start_quat": [
                0.3486268285978606,
                0.0,
                0.0,
                0.9372616146955971
            ]
        },
        {
            "goal_pos": [
                0.8003551923500505,
                -0.7021228234657128,
                0.07500000000000001
            ],
            "goal_quat": [
                0.94898524549592,
                -0.0,
                -0.0,
                -0.31532047797605606
            ],
            "shape": [
                0.03,
                0.3,
                0.05
            ],
            "start_pos": [
                -0.40027837108538034,
                0.30600209804551826,
                0.551
            ],
            "start_quat": [
                0.9893276670122779,
                0.0,
                0.0,
                0.14570781476654995
            ]
        },
        {
            "goal_pos": [
                -0.3491388101382123,
                -0.9021496629633006,
                0.07500000000000001
            ],
            "goal_quat": [
                0.6211160058212569,
                -0.0,
                -0.0,
                -0.7837186404014188
            ],
            "shape": [
                0.03,
                0.3,
                0.05
            ],
            "start_pos": [
                0.01730354089422327,
                0.2521659727710778,
                0.15100000000000002
            ],
            "start_quat": [
                0.8082760820652903,
                0.0,
                0.0,
                0.5888036813413993
            ]
        },
        {
            "goal_pos": [
                0.0473875645352132,
                -0.7158466944267496,
                0.07500000000000001
            ],
            "goal_quat": [
                0.23639301018792114,
                -0.0,
                -0.0,
                -0.9716575244057412
            ],
            "shape": [
                0.03,
                0.3,
                0.05
            ],
            "start_pos": [
                0.00507541992653535,
                0.2536927377328208,
                0.551
            ],
            "start_quat": [
                0.7969014546804309,
                -0.0,
                -0.0,
                -0.6041093208420254
            ]
        }
    ]
}