{
    "objects": [
        {
            "goal_pos": [
                -0.11509514639882767,
                -0.8833690884963976,
                0.07500000000000001
            ],
            "goal_quat": [
                0.14858870747867156,
                0.0,
                0.0,
                0.9888990828238329
            ],
            "shape": [
                0.03,
                0.3,
                0.05
            ],
            "start_pos": [
                0.3775670039516655,
                0.252266044911171,
                0.15100000000000002
            ],
            "start_quat": [
                0.09218896965284124,
                -0.0,
                -0.0,
                -0.9957415296523228
            ]
        },
        {
            "goal_pos": [
                0.44961141419760065,
                -0.8291027965921809,
                0.07500000000000001
            ],
            "goal_quat": [
                0.9461817729717656,
                0.0,
                0.0,
                0.3236356786511743
            ],
            "shape": [
                0.03,
                0.3,
                0.05
            ],
            "start_pos": [
                -0.38000390308297005,
                0.26388065737424965,
                0.551
            ],
            "start_quat": [
                0.07535408448789317,
                0.0,
                0.0,
                0.9971568391938108
            ]
        }
    ]
}