{
    "objects": [
        {
            "goal_pos": [
                0.46096128246305973,
                -0.4810491138677847,
                0.245
            ],
            "goal_quat": [
                0.9870481893817712,
                0.0,
                0.0,
                0.16042403759464188
            ],
            "shape": [
                0.16,
                0.3,
                0.39
            ],
            "start_pos": [
                0.0789820502119859,
                -0.353691332118646,
                0.245
            ],
            "start_quat": [
                0.9547831272307667,
                0.0,
                0.0,
                0.2973031785155306
            ]
        },
        {
            "goal_pos": [
                -0.28810268618181295,
                -0.36233539710873375,
                0.115
            ],
            "goal_quat": [
                0.41864367375562883,
                -0.0,
                -0.0,
                -0.9081505791576585
            ],
            "shape": [
                0.21,
                0.28,
                0.13
            ],
            "start_pos": [
                -0.674144945693345,
                -0.63699832451025,
                0.115
            ],
            "start_quat": [
                0.9718778993469398,
                -0.0,
                -0.0,
                -0.23548534723200829
            ]
        }
    ]
}