{
    "objects": [
        {
            "goal_pos": [
                0.5986345154468425,
                -0.47066642918854706,
                0.13
            ],
            "goal_quat": [
                0.3559591437816797,
                0.0,
                0.0,
                0.9345015184354777
            ],
            "shape": [
                0.18,
                0.29,
                0.16
            ],
            "start_pos": [
                -0.6012842495764119,
                -0.5346555125826049,
                0.13
            ],
            "start_quat": [
                0.13891447838950907,
                -0.0,
                -0.0,
                -0.9903043813362489
            ]
        },
        {
            "goal_pos": [
                0.7968136941652264,
                -0.7030956691182672,
                0.135
            ],
            "goal_quat": [
                0.8050272499322401,
                -0.0,
                -0.0,
                -0.59323783330679
            ],
            "shape": [
                0.07,
                0.15,
                0.17
            ],
            "start_pos": [
                -0.18016302133332607,
                -0.5139232919788901,
                0.135
            ],
            "start_quat": [
                0.6849895752527739,
                -0.0,
                -0.0,
                -0.7285528682223579
            ]
        },
        {
            "goal_pos": [
                -0.3320231370713908,
                -0.3420821292975821,
                0.135
            ],
            "goal_quat": [
                0.41721517702407407,
                0.0,
                0.0,
                0.9088077332751799
            ],
            "shape": [
                0.19,
                0.19,
                0.17
            ],
            "start_pos": [
                -0.018121162042311817,
                -0.3075111223470066,
                0.135
            ],
            "start_quat": [
                0.21219111253674922,
                -0.0,
                -0.0,
                -0.9772281881732724
            ]
        }
    ]
}