{
    "objects": [
        {
            "goal_pos": [
                0.3388372958473157,
                -0.4123533067534324,
                0.11
            ],
            "goal_quat": [
                0.6196071043941757,
                -0.0,
                -0.0,
                -0.784912120039094
            ],
            "shape": [
                0.25,
                0.14,
                0.12
            ],
            "start_pos": [
                -0.29164320698073937,
                -0.36900356716338156,
                0.11
            ],
            "start_quat": [
                0.09453983102638552,
                -0.0,
                -0.0,
                -0.9955210798117248
            ]
        }
    ]
}