{
    "objects": [
        {
            "goal_pos": [
                -0.9653448356078562,
                0.5624618187388803,
                0.09
            ],
            "goal_quat": [
                0.6065568560396618,
                -0.0,
                -0.0,
                -0.795040112441681
            ],
            "shape": [
                0.15,
                0.19,
                0.08
            ],
            "start_pos": [
                0.15653031657975397,
                -0.9010605351566965,
                0.09
            ],
            "start_quat": [
                0.04155792885080894,
                0.0,
                0.0,
                0.9991360961098499
            ]
        },
        {
            "goal_pos": [
                -0.9589165106430043,
                0.041958861383741386,
                0.07500000000000001
            ],
            "goal_quat": [
                0.9301513989938254,
                0.0,
                0.0,
                0.3671762178434621
            ],
            "shape": [
                0.09,
                0.13,
                0.05
            ],
            "start_pos": [
                0.23895133543323527,
                -0.22000531854554256,
                0.07500000000000001
            ],
            "start_quat": [
                0.6119897388160651,
                0.0,
                0.0,
                0.7908657026220345
            ]
        }
    ]
}