{
    "objects": [
        {
            "goal_pos": [
                0.15320028133572514,
                -0.8314435992865667,
                0.07500000000000001
            ],
            "goal_quat": [
                0.5544402301118369,
                0.0,
                0.0,
                0.832223546430605
            ],
            "shape": [
                0.03,
                0.3,
                0.05
            ],
            "start_pos": [
                0.42071628990730364,
                0.32840676072912206,
                0.15100000000000002
            ],
            "start_quat": [
                0.8839932067329147,
                -0.0,
                -0.0,
                -0.46749974379678355
            ]
        },
        {
            "goal_pos": [
                -0.4380866692303571,
                -0.9101851441522995,
                0.07500000000000001
            ],
            "goal_quat": [
                0.4766077908775052,
                -0.0,
                -0.0,
                -0.8791160410747061
            ],
            "shape": [
                0.03,
                0.3,
                0.05
            ],
            "start_pos": [
                -0.41730169243713533,
                0.2720280863426291,
                0.551
            ],
            "start_quat": [
                0.6961148146769889,
                -0.0,
                -0.0,
                -0.7179304735050752
            ]
        }
    ]
}