{
    "objects": [
        {
            "goal_pos": [
                0.04929651383376421,
                -0.38283714761446197,
                0.175
            ],
            "goal_quat": [
                0.38132678659461583,
                -0.0,
                -0.0,
                -0.9244403073348891
            ],
            "shape": [
                0.22,
                0.19,
                0.25
            ],
            "start_pos": [
                -0.5586333536324023,
                -0.5854505102483588,
                0.175
            ],
            "start_quat": [
                0.9200681570440035,
                -0.0,
                -0.0,
                -0.39175832651476733
            ]
        },
        {
            "goal_pos": [
                -0.18220306705340972,
                -0.5766479707812342,
                0.1
            ],
            "goal_quat": [
                0.9136500414232726,
                -0.0,
                -0.0,
                -0.4065016627361472
            ],
            "shape": [
                0.06,
                0.15,
                0.1
            ],
            "start_pos": [
                0.37726385919475935,
                -0.5972345664799605,
                0.1
            ],
            "start_quat": [
                0.466055367933858,
                -0.0,
                -0.0,
                -0.8847555560831682
            ]
        }
    ]
}