{
    "objects": [
        {
            "goal_pos": [
                0.7115387456586408,
                -0.7391556415708358,
                0.07500000000000001
            ],
            "goal_quat": [
                0.9531760269016785,
                -0.0,
                -0.0,
                -0.3024160408112154
            ],
            "shape": [
                0.03,
                0.3,
                0.05
            ],
            "start_pos": [
                0.39072458441743835,
                0.3147840369671522,
                0.15100000000000002
            ],
            "start_quat": [
                0.6144763726323297,
                -0.0,
                -0.0,
                -0.7889352238787506
            ]
        },
        {
            "goal_pos": [
                -0.983651212627608,
                -0.37206807702265915,
                0.07500000000000001
            ],
            "goal_quat": [
                0.8272524700400711,
                -0.0,
                -0.0,
                -0.5618303576815703
            ],
            "shape": [
                0.03,
                0.3,
                0.05
            ],
            "start_pos": [
                -0.41036747159254233,
                0.34111442026205596,
                0.551
            ],
            "start_quat": [
                0.7702700429813436,
                -0.0,
                -0.0,
                -0.637717853666901
            ]
        }
    ]
}