{
    "objects": [
        {
            "goal_pos": [
                -0.253939151889849,
                -0.36320748602977915,
                0.2
            ],
            "goal_quat": [
                0.9147966317154377,
                0.0,
                0.0,
                0.4039147467004516
            ],
            "shape": [
                0.34,
                0.19,
                0.3
            ],
            "start_pos": [
                0.5328844270968135,
                -0.48719990555486714,
                0.2
            ],
            "start_quat": [
                0.9887606476157655,
                0.0,
                0.0,
                0.14950712934991428
            ]
        },
        {
            "goal_pos": [
                -0.615027872202592,
                -0.6333168453470209,
                0.21000000000000002
            ],
            "goal_quat": [
                0.5508441087433951,
                -0.0,
                -0.0,
                -0.8346081522862658
            ],
            "shape": [
                0.23,
                0.06,
                0.32
            ],
            "start_pos": [
                0.13204139669060783,
                -0.4175711993217702,
                0.21000000000000002
            ],
            "start_quat": [
                0.9808764633192583,
                0.0,
                0.0,
                0.19463135334859044
            ]
        },
        {
            "goal_pos": [
                0.26765377425042275,
                -0.5902616358652684,
                0.22000000000000003
            ],
            "goal_quat": [
                0.5091193401160327,
                -0.0,
                -0.0,
                -0.8606959379013098
            ],
            "shape": [
                0.11,
                0.13,
                0.34
            ],
            "start_pos": [
                -0.39744681327184816,
                -0.6354437871346412,
                0.22000000000000003
            ],
            "start_quat": [
                0.1403909803551981,
                -0.0,
                -0.0,
                -0.9900961431269725
            ]
        },
        {
            "goal_pos": [
                0.2840035943564183,
                -0.24462445381679487,
                0.16
            ],
            "goal_quat": [
                0.4107111789917396,
                -0.0,
                -0.0,
                -0.9117655002527871
            ],
            "shape": [
                0.1,
                0.18,
                0.22
            ],
            "start_pos": [
                0.7854517441840102,
                -0.7120252918834429,
                0.16
            ],
            "start_quat": [
                0.5927913367354875,
                -0.0,
                -0.0,
                -0.8053560896220714
            ]
        }
    ]
}