{
    "objects": [
        {
            "goal_pos": [
                -0.9835807290010213,
                -0.3327762074808386,
                0.07500000000000001
            ],
            "goal_quat": [
                0.9978706121450475,
                -0.0,
                -0.0,
                -0.06522454612542933
            ],
            "shape": [
                0.03,
                0.3,
                0.05
            ],
            "start_pos": [
                0.4091295014571028,
                0.29968638980626694,
                0.15100000000000002
            ],
            "start_quat": [
                0.7184861174905126,
                -0.0,
                -0.0,
                -0.69554129925793
            ]
        },
        {
            "goal_pos": [
                -0.3900200993542481,
                -0.9272044834957771,
                0.07500000000000001
            ],
            "goal_quat": [
                0.9707240085974256,
                -0.0,
                -0.0,
                -0.24019762516008622
            ],
            "shape": [
                0.03,
                0.3,
                0.05
            ],
            "start_pos": [
                -0.38845278218301693,
                0.3192477318699072,
                0.551
            ],
            "start_quat": [
                0.9735275683181912,
                0.0,
                0.0,
                0.22856962555088006
            ]
        },
        {
            "goal_pos": [
                -0.6831539984063144,
                -0.7705442545668092,
                0.07500000000000001
            ],
            "goal_quat": [
                0.8949278646088108,
                -0.0,
                -0.0,
                -0.44621084382465875
            ],
            "shape": [
                0.03,
                0.3,
                0.05
            ],
            "start_pos": [
                -0.0001830186615924441,
                0.2861865121320489,
                0.15100000000000002
            ],
            "start_quat": [
                0.9999206178347086,
                -0.0,
                -0.0,
                -0.0125999217876401
            ]
        },
        {
            "goal_pos": [
                -0.017944814748800664,
                -0.7336865387609848,
                0.07500000000000001
            ],
            "goal_quat": [
                0.24522364755323162,
                0.0,
                0.0,
                0.9694665351009742
            ],
            "shape": [
                0.03,
                0.3,
                0.05
            ],
            "start_pos": [
                0.011125468565088906,
                0.2978761071246164,
                0.551
            ],
            "start_quat": [
                0.982931936364795,
                -0.0,
                -0.0,
                -0.1839695857313227
            ]
        }
    ]
}