{
    "objects": [
        {
            "goal_pos": [
                0.5722383607417079,
                -0.8572428698660521,
                0.07500000000000001
            ],
            "goal_quat": [
                0.12381610502746869,
                -0.0,
                -0.0,
                -0.9923051809477903
            ],
            "shape": [
                0.03,
                0.3,
                0.05
            ],
            "start_pos": [
                0.4128638476262554,
                0.29518986814582815,
                0.15100000000000002
            ],
            "start_quat": [
                0.9172081660253292,
                0.0,
                0.0,
                0.3984083083677501
            ]
        },
        {
            "goal_pos": [
                -0.6061643943135244,
                -0.8575340901136757,
                0.07500000000000001
            ],
            "goal_quat": [
                0.1865005106096628,
                0.0,
                0.0,
                0.982454863870262
            ],
            "shape": [
                0.03,
                0.3,
                0.05
            ],
            "start_pos": [
                -0.40127832912249994,
                0.33244791523536765,
                0.551
            ],
            "start_quat": [
                0.6121455328579737,
                0.0,
                0.0,
                0.7907451211370371
            ]
        }
    ]
}