{
    "objects": [
        {
            "goal_pos": [
                0.2733060382728314,
                -0.47619965616488635,
                0.22500000000000003
            ],
            "goal_quat": [
                0.6534972622021975,
                -0.0,
                -0.0,
                -0.7569288792840662
            ],
            "shape": [
                0.05,
                0.27,
                0.35000000000000003
            ],
            "start_pos": [
                0.5516555358215323,
                -0.6129172442233368,
                0.22500000000000003
            ],
            "start_quat": [
                0.9994859418830526,
                -0.0,
                -0.0,
                -0.03206013066328735
            ]
        },
        {
            "goal_pos": [
                -0.04773137506529962,
                -0.502374711084787,
                0.19
            ],
            "goal_quat": [
                0.23366597221373406,
                0.0,
                0.0,
                0.9723169305475506
            ],
            "shape": [
                0.1,
                0.22,
                0.28
            ],
            "start_pos": [
                -0.3791527763178078,
                -0.566876985769897,
                0.19
            ],
            "start_quat": [
                0.9845298519412166,
                0.0,
                0.0,
                0.175216924515317
            ]
        }
    ]
}