{
    "objects": [
        {
            "goal_pos": [
                -0.8615777861746079,
                0.02159345838284099,
                0.12000000000000001
            ],
            "goal_quat": [
                0.9701254769936243,
                -0.0,
                -0.0,
                -0.24260370748999885
            ],
            "shape": [
                0.07,
                0.13,
                0.14
            ],
            "start_pos": [
                0.14977230559070753,
                0.960152518241018,
                0.12000000000000001
            ],
            "start_quat": [
                0.36208457644307207,
                -0.0,
                -0.0,
                -0.9321452459257844
            ]
        },
        {
            "goal_pos": [
                0.9670263039258868,
                -0.9855772950094294,
                0.135
            ],
            "goal_quat": [
                0.9999089119013291,
                -0.0,
                -0.0,
                -0.013496958927851915
            ],
            "shape": [
                0.2,
                0.18,
                0.17
            ],
            "start_pos": [
                -0.12187896265458759,
                -0.9025280105410978,
                0.135
            ],
            "start_quat": [
                0.9714181515482836,
                -0.0,
                -0.0,
                -0.23737475611891823
            ]
        },
        {
            "goal_pos": [
                -0.9725112361553494,
                -0.35115755533673937,
                0.135
            ],
            "goal_quat": [
                0.5118757880892655,
                0.0,
                0.0,
                0.8590594726606495
            ],
            "shape": [
                0.13,
                0.12,
                0.17
            ],
            "start_pos": [
                0.058351943668178974,
                -0.7451907639284567,
                0.135
            ],
            "start_quat": [
                0.7594380617520194,
                -0.0,
                -0.0,
                -0.650579611087172
            ]
        }
    ]
}