{
    "objects": [
        {
            "goal_pos": [
                0.2844255633522256,
                -0.9341947784762046,
                0.07500000000000001
            ],
            "goal_quat": [
                0.8420258412096414,
                -0.0,
                -0.0,
                -0.5394371907230682
            ],
            "shape": [
                0.03,
                0.3,
                0.05
            ],
            "start_pos": [
                0.4035689114769656,
                0.2972872620052526,
                0.15100000000000002
            ],
            "start_quat": [
                0.9179685439320147,
                -0.0,
                -0.0,
                -0.3966531890094127
            ]
        },
        {
            "goal_pos": [
                0.8271871598772984,
                -0.7225440956095317,
                0.07500000000000001
            ],
            "goal_quat": [
                0.9998311390567217,
                -0.0,
                -0.0,
                -0.018376435251113554
            ],
            "shape": [
                0.03,
                0.3,
                0.05
            ],
            "start_pos": [
                -0.38451397153448574,
                0.33075393270457276,
                0.551
            ],
            "start_quat": [
                0.9383605848595142,
                -0.0,
                -0.0,
                -0.34565794187622895
            ]
        },
        {
            "goal_pos": [
                -0.9107972940806299,
                -0.52228579029802,
                0.07500000000000001
            ],
            "goal_quat": [
                0.41553875938046664,
                0.0,
                0.0,
                0.9095754721036307
            ],
            "shape": [
                0.03,
                0.3,
                0.05
            ],
            "start_pos": [
                0.003370269694748868,
                0.3258207587211489,
                0.15100000000000002
            ],
            "start_quat": [
                0.6212140135907387,
                0.0,
                0.0,
                0.783640956891921
            ]
        }
    ]
}