{
    "objects": [
        {
            "goal_pos": [
                -0.6839330778718673,
                -0.5167696067300533,
                0.18
            ],
            "goal_quat": [
                0.9667751102565979,
                0.0,
                0.0,
                0.2556284142820258
            ],
            "shape": [
                0.22,
                0.13,
                0.26
            ],
            "start_pos": [
                0.16746568712051468,
                -0.4384473959559714,
                0.18
            ],
            "start_quat": [
                0.8550136960242514,
                -0.0,
                -0.0,
                -0.5186054180308465
            ]
        },
        {
            "goal_pos": [
                0.5364379236734564,
                -0.6491679610229875,
                0.245
            ],
            "goal_quat": [
                0.44223252065696333,
                0.0,
                0.0,
                0.8969004391087053
            ],
            "shape": [
                0.23,
                0.12,
                0.39
            ],
            "start_pos": [
                -0.11999246967103114,
                -0.4827781342796058,
                0.245
            ],
            "start_quat": [
                0.6548043987416383,
                -0.0,
                -0.0,
                -0.7557983854101579
            ]
        }
    ]
}