{
    "objects": [
        {
            "goal_pos": [
                -0.1371030322014194,
                0.888565877405257,
                0.235
            ],
            "goal_quat": [
                0.770933531151951,
                0.0,
                0.0,
                0.6369156070827469
            ],
            "shape": [
                0.09,
                0.29,
                0.37
            ],
            "start_pos": [
                0.197311340836058,
                -0.5427291296422827,
                0.235
            ],
            "start_quat": [
                0.8069505507615462,
                -0.0,
                -0.0,
                -0.5906190046261949
            ]
        },
        {
            "goal_pos": [
                0.3626596459489609,
                1.0037607991675088,
                0.20500000000000002
            ],
            "goal_quat": [
                0.8417121503683536,
                0.0,
                0.0,
                0.5399265282631353
            ],
            "shape": [
                0.3,
                0.21,
                0.31
            ],
            "start_pos": [
                -0.5058650281108197,
                0.20837683551793096,
                0.20500000000000002
            ],
            "start_quat": [
                0.22473718793431413,
                -0.0,
                -0.0,
                -0.9744194150156168
            ]
        }
    ]
}