{
    "objects": [
        {
            "goal_pos": [
                -0.38221127515744246,
                -0.8578293196728137,
                0.07500000000000001
            ],
            "goal_quat": [
                0.5629459341222016,
                -0.0,
                -0.0,
                -0.826493723663575
            ],
            "shape": [
                0.03,
                0.3,
                0.05
            ],
            "start_pos": [
                0.4084714569422205,
                0.25737738513160235,
                0.15100000000000002
            ],
            "start_quat": [
                0.7657139125185539,
                -0.0,
                -0.0,
                -0.6431813151635613
            ]
        },
        {
            "goal_pos": [
                -0.013256668634399504,
                -0.8107156263122186,
                0.07500000000000001
            ],
            "goal_quat": [
                0.09941050899263855,
                -0.0,
                -0.0,
                -0.9950465068034883
            ],
            "shape": [
                0.03,
                0.3,
                0.05
            ],
            "start_pos": [
                -0.39983961361944986,
                0.29226078518975845,
                0.551
            ],
            "start_quat": [
                0.40882008347170484,
                -0.0,
                -0.0,
                -0.9126150006164638
            ]
        },
        {
            "goal_pos": [
                -0.8804349281389514,
                -0.6658082415811205,
                0.07500000000000001
            ],
            "goal_quat": [
                0.9317296321968513,
                -0.0,
                -0.0,
                -0.3631527123488412
            ],
            "shape": [
                0.03,
                0.3,
                0.05
            ],
            "start_pos": [
                -0.023312462790172284,
                0.25797415033232973,
                0.15100000000000002
            ],
            "start_quat": [
                0.8250703067668412,
                0.0,
                0.0,
                0.5650300778645952
            ]
        },
        {
            "goal_pos": [
                0.7980732817953571,
                -0.8237011449948937,
                0.07500000000000001
            ],
            "goal_quat": [
                0.7075251676157869,
                0.0,
                0.0,
                0.706688147056573
            ],
            "shape": [
                0.03,
                0.3,
                0.05
            ],
            "start_pos": [
                0.005980461188858501,
                0.27202328384620245,
                0.551
            ],
            "start_quat": [
                0.5751424181359235,
                0.0,
                0.0,
                0.8180532983007663
            ]
        }
    ]
}