{
    "objects": [
        {
            "goal_pos": [
                1.1785768202497704,
                -0.05070026655315929,
                0.14
            ],
            "goal_quat": [
                0.9809901487824026,
                0.0,
                0.0,
                0.19405753783834198
            ],
            "shape": [
                0.05,
                0.05,
                0.18
            ],
            "start_pos": [
                0.11173681125655127,
                -0.07867713275426308,
                0.14
            ],
            "start_quat": [
                0.4772936351479894,
                -0.0,
                -0.0,
                -0.87874386817048
            ]
        },
        {
            "goal_pos": [
                -1.1529811419118812,
                0.8521359117494833,
                0.095
            ],
            "goal_quat": [
                0.996640550431377,
                0.0,
                0.0,
                0.08190001975483242
            ],
            "shape": [
                0.06,
                0.09,
                0.09
            ],
            "start_pos": [
                0.08777981359685716,
                0.514497561016406,
                0.095
            ],
            "start_quat": [
                0.8810535893235251,
                -0.0,
                -0.0,
                -0.473016461383886
            ]
        },
        {
            "goal_pos": [
                -0.9351645540578979,
                -0.03964799468535951,
                0.13
            ],
            "goal_quat": [
                0.9458938685558533,
                0.0,
                0.0,
                0.32447617698136505
            ],
            "shape": [
                0.07,
                0.18,
                0.16
            ],
            "start_pos": [
                0.1924138802362519,
                -0.5214227571575708,
                0.13
            ],
            "start_quat": [
                0.6120580215163702,
                0.0,
                0.0,
                0.7908128592135225
            ]
        }
    ]
}