{
    "objects": [
        {
            "goal_pos": [
                0.2784535976904796,
                -0.5758977909210594,
                0.18
            ],
            "goal_quat": [
                0.9201181547200163,
                -0.0,
                -0.0,
                -0.3916408831501534
            ],
            "shape": [
                0.05,
                0.18,
                0.26
            ],
            "start_pos": [
                0.2587574120746381,
                -0.3247301048182786,
                0.18
            ],
            "start_quat": [
                0.9635582136909724,
                -0.0,
                -0.0,
                -0.26749872677951636
            ]
        },
        {
            "goal_pos": [
                -0.01471381006602318,
                -0.34750990839533713,
                0.18
            ],
            "goal_quat": [
                0.5516150208354358,
                0.0,
                0.0,
                0.834098836342985
            ],
            "shape": [
                0.16,
                0.32,
                0.26
            ],
            "start_pos": [
                -0.4268592050259987,
                -0.4499565458782723,
                0.18
            ],
            "start_quat": [
                0.5103403677928097,
                -0.0,
                -0.0,
                -0.8599725047936706
            ]
        }
    ]
}