{
    "objects": [
        {
            "goal_pos": [
                1.0911610684090716,
                -0.8178913314403653,
                0.115
            ],
            "goal_quat": [
                0.9757030404438042,
                -0.0,
                -0.0,
                -0.21909718589866992
            ],
            "shape": [
                0.06,
                0.19,
                0.13
            ],
            "start_pos": [
                -0.0718092141663137,
                0.5027533765807122,
                0.115
            ],
            "start_quat": [
                0.968401645442396,
                0.0,
                0.0,
                0.24939577603572177
            ]
        }
    ]
}