{
    "objects": [
        {
            "goal_pos": [
                -0.8468650965246347,
                -0.7332105096019745,
                0.07500000000000001
            ],
            "goal_quat": [
                0.9734563535903422,
                -0.0,
                -0.0,
                -0.22887273244009354
            ],
            "shape": [
                0.03,
                0.3,
                0.05
            ],
            "start_pos": [
                0.3977711316135386,
                0.25243472711200543,
                0.15100000000000002
            ],
            "start_quat": [
                0.8651977046764714,
                -0.0,
                -0.0,
                -0.5014308843924209
            ]
        },
        {
            "goal_pos": [
                -0.15299790193264606,
                -0.8219763064658792,
                0.07500000000000001
            ],
            "goal_quat": [
                0.5113360119507301,
                -0.0,
                -0.0,
                -0.8593808718387458
            ],
            "shape": [
                0.03,
                0.3,
                0.05
            ],
            "start_pos": [
                -0.38033631786152144,
                0.3276638803919526,
                0.551
            ],
            "start_quat": [
                0.9462767195871578,
                0.0,
                0.0,
                0.32335795949283147
            ]
        },
        {
            "goal_pos": [
                1.031349560118572,
                -0.3635576159584474,
                0.07500000000000001
            ],
            "goal_quat": [
                0.9443299690671462,
                0.0,
                0.0,
                0.3289998624948692
            ],
            "shape": [
                0.03,
                0.3,
                0.05
            ],
            "start_pos": [
                -0.02363451152495246,
                0.31258828452796705,
                0.15100000000000002
            ],
            "start_quat": [
                0.9270946688831285,
                -0.0,
                -0.0,
                -0.3748272601192212
            ]
        }
    ]
}