{
    "objects": [
        {
            "goal_pos": [
                -0.15141171719346055,
                -0.9121101637991949,
                0.07500000000000001
            ],
            "goal_quat": [
                0.050611045902561595,
                -0.0,
                -0.0,
                -0.9987184398180744
            ],
            "shape": [
                0.03,
                0.3,
                0.05
            ],
            "start_pos": [
                0.4031250730412671,
                0.34088402994436484,
                0.15100000000000002
            ],
            "start_quat": [
                0.881895544251289,
                -0.0,
                -0.0,
                -0.47144485258588065
            ]
        },
        {
            "goal_pos": [
                -0.8273288613135898,
                -0.678420954397671,
                0.07500000000000001
            ],
            "goal_quat": [
                0.9251209472412609,
                -0.0,
                -0.0,
                -0.3796725338702184
            ],
            "shape": [
                0.03,
                0.3,
                0.05
            ],
            "start_pos": [
                -0.39892451206082985,
                0.3166621388703191,
                0.551
            ],
            "start_quat": [
                0.40636317504408115,
                0.0,
                0.0,
                0.9137116448683871
            ]
        }
    ]
}