{
    "objects": [
        {
            "goal_pos": [
                -1.0338402565334777,
                -0.5421270385564168,
                0.07500000000000001
            ],
            "goal_quat": [
                0.7867239561932216,
                0.0,
                0.0,
                0.6173049625198926
            ],
            "shape": [
                0.03,
                0.3,
                0.05
            ],
            "start_pos": [
                0.4044201932294446,
                0.3373119551917323,
                0.15100000000000002
            ],
            "start_quat": [
                0.7728710032836176,
                0.0,
                0.0,
                0.6345631665038354
            ]
        },
        {
            "goal_pos": [
                -0.7003697881421704,
                -0.7393668728098682,
                0.07500000000000001
            ],
            "goal_quat": [
                0.9964262952757834,
                0.0,
                0.0,
                0.08446678686310606
            ],
            "shape": [
                0.03,
                0.3,
                0.05
            ],
            "start_pos": [
                -0.4159107123334455,
                0.34126243642566845,
                0.551
            ],
            "start_quat": [
                0.20844022539184615,
                0.0,
                0.0,
                0.978035107978541
            ]
        },
        {
            "goal_pos": [
                0.16041531081973504,
                -0.9102706567340522,
                0.07500000000000001
            ],
            "goal_quat": [
                0.4693964707470485,
                0.0,
                0.0,
                0.8829875159084727
            ],
            "shape": [
                0.03,
                0.3,
                0.05
            ],
            "start_pos": [
                0.0238641599300864,
                0.31796171714805793,
                0.15100000000000002
            ],
            "start_quat": [
                0.4114430383213758,
                0.0,
                0.0,
                0.9114354756190232
            ]
        },
        {
            "goal_pos": [
                0.6369774809713242,
                -0.9097785732556831,
                0.07500000000000001
            ],
            "goal_quat": [
                0.3951545666397304,
                -0.0,
                -0.0,
                -0.9186146463364095
            ],
            "shape": [
                0.03,
                0.3,
                0.05
            ],
            "start_pos": [
                -0.020044558292870517,
                0.27995448126684797,
                0.551
            ],
            "start_quat": [
                0.6334951358770394,
                0.0,
                0.0,
                0.7737466722514104
            ]
        }
    ]
}