{
    "objects": [
        {
            "goal_pos": [
                0.6646874875671557,
                -0.5019722670440963,
                0.14
            ],
            "goal_quat": [
                0.36821253246225444,
                0.0,
                0.0,
                0.9297416474148791
            ],
            "shape": [
                0.23,
                0.14,
                0.18
            ],
            "start_pos": [
                0.014963991002430871,
                -0.4144658752826885,
                0.14
            ],
            "start_quat": [
                0.4858167110436899,
                -0.0,
                -0.0,
                -0.8740607091447893
            ]
        },
        {
            "goal_pos": [
                -0.5117447382044443,
                -0.5348454152510009,
                0.09
            ],
            "goal_quat": [
                0.8143364771300187,
                0.0,
                0.0,
                0.580393058207514
            ],
            "shape": [
                0.06,
                0.1,
                0.08
            ],
            "start_pos": [
                0.2263134877371586,
                -0.4855686814281136,
                0.09
            ],
            "start_quat": [
                0.9180767577805304,
                0.0,
                0.0,
                0.396402657437093
            ]
        }
    ]
}