{
    "objects": [
        {
            "goal_pos": [
                -0.24575309703545553,
                -0.926891205201219,
                0.07500000000000001
            ],
            "goal_quat": [
                0.5436020674068969,
                -0.0,
                -0.0,
                -0.8393430718788042
            ],
            "shape": [
                0.03,
                0.3,
                0.05
            ],
            "start_pos": [
                0.4135604014426352,
                0.3401875019317989,
                0.15100000000000002
            ],
            "start_quat": [
                0.023492347069625597,
                -0.0,
                -0.0,
                -0.9997240167311978
            ]
        },
        {
            "goal_pos": [
                0.0010714260357402305,
                -0.681032901210135,
                0.07500000000000001
            ],
            "goal_quat": [
                0.9010234035144206,
                0.0,
                0.0,
                0.4337704765417878
            ],
            "shape": [
                0.03,
                0.3,
                0.05
            ],
            "start_pos": [
                -0.3771608512239867,
                0.3006935744498797,
                0.551
            ],
            "start_quat": [
                0.9898351621543345,
                -0.0,
                -0.0,
                -0.1422193789991446
            ]
        },
        {
            "goal_pos": [
                0.9259033802055568,
                -0.42965823090230604,
                0.07500000000000001
            ],
            "goal_quat": [
                0.9062181403114571,
                0.0,
                0.0,
                0.4228104565528674
            ],
            "shape": [
                0.03,
                0.3,
                0.05
            ],
            "start_pos": [
                -0.018609389466380986,
                0.27929929875872195,
                0.15100000000000002
            ],
            "start_quat": [
                0.538670400512485,
                0.0,
                0.0,
                0.8425165871433743
            ]
        },
        {
            "goal_pos": [
                0.5743112501348222,
                -0.8176840779735217,
                0.07500000000000001
            ],
            "goal_quat": [
                0.8469357988194138,
                -0.0,
                -0.0,
                -0.5316951689437486
            ],
            "shape": [
                0.03,
                0.3,
                0.05
            ],
            "start_pos": [
                -0.019522075969778802,
                0.26754294944676316,
                0.551
            ],
            "start_quat": [
                0.8546023975986214,
                0.0,
                0.0,
                0.5192829113486094
            ]
        }
    ]
}