{
    "objects": [
        {
            "goal_pos": [
                1.0814793280584454,
                -0.4374757384990448,
                0.07500000000000001
            ],
            "goal_quat": [
                0.792545901530932,
                -0.0,
                -0.0,
                -0.6098122612464613
            ],
            "shape": [
                0.03,
                0.3,
                0.05
            ],
            "start_pos": [
                0.40949439307985974,
                0.28651207650439087,
                0.15100000000000002
            ],
            "start_quat": [
                0.22339623282871218,
                -0.0,
                -0.0,
                -0.9747277174462311
            ]
        },
        {
            "goal_pos": [
                -0.7976156636520877,
                -0.736126754229097,
                0.07500000000000001
            ],
            "goal_quat": [
                0.9910012622775279,
                -0.0,
                -0.0,
                -0.13385252393715344
            ],
            "shape": [
                0.03,
                0.3,
                0.05
            ],
            "start_pos": [
                -0.38957599636060136,
                0.34586181651459846,
                0.551
            ],
            "start_quat": [
                0.7708650094458519,
                -0.0,
                -0.0,
                -0.6369985378413726
            ]
        }
    ]
}