{
    "objects": [
        {
            "goal_pos": [
                0.25930670955204144,
                -0.4339930526937028,
                0.10500000000000001
            ],
            "goal_quat": [
                0.9737583726390326,
                0.0,
                0.0,
                0.22758433978501852
            ],
            "shape": [
                0.09,
                0.18,
                0.11
            ],
            "start_pos": [
                -0.30417270109289224,
                -0.3129474010839688,
                0.10500000000000001
            ],
            "start_quat": [
                0.005248571077854823,
                -0.0,
                -0.0,
                -0.999986226155961
            ]
        },
        {
            "goal_pos": [
                -0.6777764379219453,
                -0.6502571641600796,
                0.18
            ],
            "goal_quat": [
                0.2254920940380107,
                -0.0,
                -0.0,
                -0.9742449976912136
            ],
            "shape": [
                0.3,
                0.17,
                0.26
            ],
            "start_pos": [
                0.6358335853002365,
                -0.5382889231875992,
                0.18
            ],
            "start_quat": [
                0.7458377429234698,
                -0.0,
                -0.0,
                -0.6661276613614121
            ]
        }
    ]
}