{
    "objects": [
        {
            "goal_pos": [
                0.0622450272829399,
                -0.7393376456180543,
                0.07500000000000001
            ],
            "goal_quat": [
                0.6233397115219711,
                -0.0,
                -0.0,
                -0.781951151952413
            ],
            "shape": [
                0.03,
                0.3,
                0.05
            ],
            "start_pos": [
                0.39123021199783775,
                0.3072110247710759,
                0.15100000000000002
            ],
            "start_quat": [
                0.9992519870764012,
                0.0,
                0.0,
                0.038671259662231394
            ]
        },
        {
            "goal_pos": [
                -0.20393932086332708,
                -0.9108341237844784,
                0.07500000000000001
            ],
            "goal_quat": [
                0.6362895144942409,
                0.0,
                0.0,
                0.7714503572782134
            ],
            "shape": [
                0.03,
                0.3,
                0.05
            ],
            "start_pos": [
                -0.3984874903903001,
                0.28532523251207037,
                0.551
            ],
            "start_quat": [
                0.05903516584054099,
                -0.0,
                -0.0,
                -0.9982559036610702
            ]
        },
        {
            "goal_pos": [
                -0.9944933560332784,
                -0.41356539100228146,
                0.07500000000000001
            ],
            "goal_quat": [
                0.5352227365109636,
                -0.0,
                -0.0,
                -0.8447109696942
            ],
            "shape": [
                0.03,
                0.3,
                0.05
            ],
            "start_pos": [
                -0.023705551342828906,
                0.3270090824731865,
                0.15100000000000002
            ],
            "start_quat": [
                0.9124989077075714,
                0.0,
                0.0,
                0.4090791407936724
            ]
        },
        {
            "goal_pos": [
                -0.8726288186880184,
                -0.7716339581991949,
                0.07500000000000001
            ],
            "goal_quat": [
                0.5912507347821628,
                -0.0,
                -0.0,
                -0.8064877981839232
            ],
            "shape": [
                0.03,
                0.3,
                0.05
            ],
            "start_pos": [
                0.01893096555518827,
                0.285194335428638,
                0.551
            ],
            "start_quat": [
                0.5460642543138597,
                -0.0,
                -0.0,
                -0.8377432961000931
            ]
        }
    ]
}