{
    "objects": [
        {
            "goal_pos": [
                -0.0035232069661480514,
                -0.7469132005839778,
                0.07500000000000001
            ],
            "goal_quat": [
                0.531508643610273,
                -0.0,
                -0.0,
                -0.8470528683426837
            ],
            "shape": [
                0.03,
                0.3,
                0.05
            ],
            "start_pos": [
                0.4223102402847354,
                0.25154130746460457,
                0.15100000000000002
            ],
            "start_quat": [
                0.15780422204107847,
                0.0,
                0.0,
                0.9874704185473153
            ]
        },
        {
            "goal_pos": [
                0.926944503144231,
                -0.4653672135120469,
                0.07500000000000001
            ],
            "goal_quat": [
                0.624933198167589,
                -0.0,
                -0.0,
                -0.7806782293800878
            ],
            "shape": [
                0.03,
                0.3,
                0.05
            ],
            "start_pos": [
                -0.380353295013145,
                0.32826651303915855,
                0.551
            ],
            "start_quat": [
                0.6780313293614877,
                0.0,
                0.0,
                0.7350330036156838
            ]
        }
    ]
}