{
    "objects": [
        {
            "goal_pos": [
                -0.9716301746607985,
                -0.3182803770254272,
                0.07500000000000001
            ],
            "goal_quat": [
                0.4736941318371768,
                0.0,
                0.0,
                0.8806894284950986
            ],
            "shape": [
                0.03,
                0.3,
                0.05
            ],
            "start_pos": [
                0.39290285872876174,
                0.26130901438252474,
                0.15100000000000002
            ],
            "start_quat": [
                0.08172230934962205,
                0.0,
                0.0,
                0.9966551380264713
            ]
        },
        {
            "goal_pos": [
                -0.17000185195018053,
                -0.8966736698301443,
                0.07500000000000001
            ],
            "goal_quat": [
                0.9933700279793848,
                0.0,
                0.0,
                0.1149608085924777
            ],
            "shape": [
                0.03,
                0.3,
                0.05
            ],
            "start_pos": [
                -0.4207960252896578,
                0.27620638566478184,
                0.551
            ],
            "start_quat": [
                0.6655689401429596,
                0.0,
                0.0,
                0.7463363758500435
            ]
        }
    ]
}