{
    "objects": [
        {
            "goal_pos": [
                -0.010674366860130402,
                -0.7059641414764632,
                0.07500000000000001
            ],
            "goal_quat": [
                0.1377588234585973,
                -0.0,
                -0.0,
                -0.9904658028217345
            ],
            "shape": [
                0.03,
                0.3,
                0.05
            ],
            "start_pos": [
                0.39885891041889954,
                0.31471359015494277,
                0.15100000000000002
            ],
            "start_quat": [
                0.9111102285242083,
                -0.0,
                -0.0,
                -0.4121627730382317
            ]
        },
        {
            "goal_pos": [
                1.0202338274333345,
                -0.3779182544048951,
                0.07500000000000001
            ],
            "goal_quat": [
                0.9989129707869502,
                0.0,
                0.0,
                0.046614126545389684
            ],
            "shape": [
                0.03,
                0.3,
                0.05
            ],
            "start_pos": [
                -0.41916673462035947,
                0.3489609633749859,
                0.551
            ],
            "start_quat": [
                0.6967544495862966,
                0.0,
                0.0,
                0.7173097217950534
            ]
        },
        {
            "goal_pos": [
                0.32192344340035695,
                -0.8650567867416374,
                0.07500000000000001
            ],
            "goal_quat": [
                0.7244853598548864,
                0.0,
                0.0,
                0.6892901880601056
            ],
            "shape": [
                0.03,
                0.3,
                0.05
            ],
            "start_pos": [
                0.005192293624673994,
                0.28955146681642635,
                0.15100000000000002
            ],
            "start_quat": [
                0.9466170390757672,
                -0.0,
                -0.0,
                -0.3223603284081764
            ]
        },
        {
            "goal_pos": [
                -0.2326702126649631,
                -0.9697261139998308,
                0.07500000000000001
            ],
            "goal_quat": [
                0.9518621642769654,
                -0.0,
                -0.0,
                -0.3065263776870948
            ],
            "shape": [
                0.03,
                0.3,
                0.05
            ],
            "start_pos": [
                0.007177936957543929,
                0.3240425840812334,
                0.551
            ],
            "start_quat": [
                0.3702738149028171,
                0.0,
                0.0,
                0.9289226566282655
            ]
        }
    ]
}