{
    "objects": [
        {
            "goal_pos": [
                -0.15011509075537632,
                1.0021014776942088,
                0.095
            ],
            "goal_quat": [
                0.09324435908678853,
                0.0,
                0.0,
                0.9956432541319677
            ],
            "shape": [
                0.05,
                0.1,
                0.09
            ],
            "start_pos": [
                1.0870578620854965,
                0.6416883517349056,
                0.095
            ],
            "start_quat": [
                0.6202074533679869,
                -0.0,
                -0.0,
                -0.7844378336023807
            ]
        },
        {
            "goal_pos": [
                0.2093748282848889,
                -0.5522846879471015,
                0.115
            ],
            "goal_quat": [
                0.16993606730704977,
                0.0,
                0.0,
                0.9854550893004784
            ],
            "shape": [
                0.16,
                0.31,
                0.13
            ],
            "start_pos": [
                -1.2122795837200429,
                1.0172616637757856,
                0.115
            ],
            "start_quat": [
                0.8918303453469195,
                -0.0,
                -0.0,
                -0.45237002013660704
            ]
        }
    ]
}