{
    "objects": [
        {
            "goal_pos": [
                0.5194707458850546,
                -0.9887873163380994,
                0.07500000000000001
            ],
            "goal_quat": [
                0.998743645365273,
                0.0,
                0.0,
                0.05011118480425086
            ],
            "shape": [
                0.03,
                0.3,
                0.05
            ],
            "start_pos": [
                0.4048205110990767,
                0.2548685080421206,
                0.15100000000000002
            ],
            "start_quat": [
                0.15223606113516486,
                -0.0,
                -0.0,
                -0.9883441615601574
            ]
        },
        {
            "goal_pos": [
                -0.024917227622326732,
                -0.767788273584876,
                0.07500000000000001
            ],
            "goal_quat": [
                0.8527890100246446,
                -0.0,
                -0.0,
                -0.5222555929630498
            ],
            "shape": [
                0.03,
                0.3,
                0.05
            ],
            "start_pos": [
                -0.40639411454461544,
                0.33165385614947096,
                0.551
            ],
            "start_quat": [
                0.07372423069087344,
                0.0,
                0.0,
                0.9972786660753548
            ]
        },
        {
            "goal_pos": [
                0.7343281350122353,
                -0.7497333813567442,
                0.07500000000000001
            ],
            "goal_quat": [
                0.07366165954905593,
                0.0,
                0.0,
                0.9972832896988092
            ],
            "shape": [
                0.03,
                0.3,
                0.05
            ],
            "start_pos": [
                0.013101625756517105,
                0.32987330339396964,
                0.15100000000000002
            ],
            "start_quat": [
                0.9830475274838856,
                0.0,
                0.0,
                0.18335091684477378
            ]
        },
        {
            "goal_pos": [
                -0.45760812672027223,
                -0.8539264544159979,
                0.07500000000000001
            ],
            "goal_quat": [
                0.8759563997141712,
                0.0,
                0.0,
                0.4823902836913149
            ],
            "shape": [
                0.03,
                0.3,
                0.05
            ],
            "start_pos": [
                -0.010552930090316291,
                0.32018063354284965,
                0.551
            ],
            "start_quat": [
                0.7609939702409823,
                0.0,
                0.0,
                0.6487589515812996
            ]
        }
    ]
}