{
    "objects": [
        {
            "goal_pos": [
                -0.849407511065666,
                -0.6609832082729488,
                0.07500000000000001
            ],
            "goal_quat": [
                0.906564571776595,
                -0.0,
                -0.0,
                -0.4220671477377964
            ],
            "shape": [
                0.03,
                0.3,
                0.05
            ],
            "start_pos": [
                0.3849611905131743,
                0.33126617733660013,
                0.15100000000000002
            ],
            "start_quat": [
                0.9500769460053863,
                -0.0,
                -0.0,
                -0.3120156993952042
            ]
        },
        {
            "goal_pos": [
                -0.03808136093651249,
                -0.8092722169569362,
                0.07500000000000001
            ],
            "goal_quat": [
                0.9791612155727331,
                0.0,
                0.0,
                0.2030844994531285
            ],
            "shape": [
                0.03,
                0.3,
                0.05
            ],
            "start_pos": [
                -0.3907439754457821,
                0.2929287099921963,
                0.551
            ],
            "start_quat": [
                0.8994612660174126,
                0.0,
                0.0,
                0.4370004930596227
            ]
        },
        {
            "goal_pos": [
                -0.4562660759121639,
                -0.9758838004411243,
                0.07500000000000001
            ],
            "goal_quat": [
                0.0658003320250064,
                -0.0,
                -0.0,
                -0.9978328097960093
            ],
            "shape": [
                0.03,
                0.3,
                0.05
            ],
            "start_pos": [
                0.011594029416182115,
                0.2906689129213094,
                0.15100000000000002
            ],
            "start_quat": [
                0.8886072460856732,
                -0.0,
                -0.0,
                -0.45866890259100385
            ]
        },
        {
            "goal_pos": [
                -1.0136912778246625,
                -0.32290525553780236,
                0.07500000000000001
            ],
            "goal_quat": [
                0.27942724230563476,
                -0.0,
                -0.0,
                -0.9601668689646962
            ],
            "shape": [
                0.03,
                0.3,
                0.05
            ],
            "start_pos": [
                0.006523559786500349,
                0.28654348673808866,
                0.551
            ],
            "start_quat": [
                0.8427800936287027,
                0.0,
                0.0,
                0.5382580364315941
            ]
        }
    ]
}