{
    "objects": [
        {
            "goal_pos": [
                0.23812042427106916,
                -0.5005022501244887,
                0.165
            ],
            "goal_quat": [
                0.2048991066895127,
                -0.0,
                -0.0,
                -0.9787830996077934
            ],
            "shape": [
                0.14,
                0.15,
                0.23
            ],
            "start_pos": [
                0.3977122975166556,
                -0.3196899578933322,
                0.165
            ],
            "start_quat": [
                0.7407800710207331,
                0.0,
                0.0,
                0.6717476359307248
            ]
        },
        {
            "goal_pos": [
                0.5998628360478928,
                -0.6334653870469675,
                0.08
            ],
            "goal_quat": [
                0.8324429739895093,
                -0.0,
                -0.0,
                -0.5541107245447441
            ],
            "shape": [
                0.33,
                0.09,
                0.06
            ],
            "start_pos": [
                -0.17360970928190378,
                -0.39297809151430196,
                0.08
            ],
            "start_quat": [
                0.8359070173481451,
                -0.0,
                -0.0,
                -0.5488710762539122
            ]
        }
    ]
}