{
    "objects": [
        {
            "goal_pos": [
                -0.4070203714034419,
                -0.10669250394516883,
                0.175
            ],
            "goal_quat": [
                0.9999617822546746,
                -0.0,
                -0.0,
                -0.008742655778121843
            ],
            "shape": [
                0.15,
                0.06,
                0.25
            ],
            "start_pos": [
                0.02935862289623381,
                0.22458271637177402,
                0.175
            ],
            "start_quat": [
                0.8312380357668119,
                0.0,
                0.0,
                0.5559166555289852
            ]
        },
        {
            "goal_pos": [
                -1.011474863654053,
                0.25878773474897093,
                0.10500000000000001
            ],
            "goal_quat": [
                0.05240722819143171,
                -0.0,
                -0.0,
                -0.9986257969997026
            ],
            "shape": [
                0.26,
                0.07,
                0.11
            ],
            "start_pos": [
                -0.9073330126047618,
                -0.09988074410147613,
                0.10500000000000001
            ],
            "start_quat": [
                0.43998933086686404,
                -0.0,
                -0.0,
                -0.8980030003977321
            ]
        }
    ]
}