{
    "objects": [
        {
            "goal_pos": [
                -0.5964767217903317,
                -0.515631323581963,
                0.22500000000000003
            ],
            "goal_quat": [
                0.6264354764215269,
                0.0,
                0.0,
                0.7794732797732933
            ],
            "shape": [
                0.25,
                0.15,
                0.35000000000000003
            ],
            "start_pos": [
                0.03943895838412098,
                -0.4577423467835887,
                0.22500000000000003
            ],
            "start_quat": [
                0.8337707930393975,
                -0.0,
                -0.0,
                -0.5521107358804519
            ]
        },
        {
            "goal_pos": [
                -0.25234132178771007,
                -0.3309070800767532,
                0.14
            ],
            "goal_quat": [
                0.9535712460063878,
                -0.0,
                -0.0,
                -0.30116752612097003
            ],
            "shape": [
                0.25,
                0.14,
                0.18
            ],
            "start_pos": [
                0.5019236801624919,
                -0.606096645790009,
                0.14
            ],
            "start_quat": [
                0.9271930131472362,
                0.0,
                0.0,
                0.3745839243359879
            ]
        },
        {
            "goal_pos": [
                0.2968114919566332,
                -0.38186546380185304,
                0.165
            ],
            "goal_quat": [
                0.7969754611251563,
                0.0,
                0.0,
                0.6040116839634351
            ],
            "shape": [
                0.06,
                0.23,
                0.23
            ],
            "start_pos": [
                0.7925862829075981,
                -0.6775362536880447,
                0.165
            ],
            "start_quat": [
                0.048950225832969485,
                -0.0,
                -0.0,
                -0.9988012191576967
            ]
        }
    ]
}