{
    "objects": [
        {
            "goal_pos": [
                0.7142419063410751,
                -0.8306208641672637,
                0.07500000000000001
            ],
            "goal_quat": [
                0.9201568770609835,
                0.0,
                0.0,
                0.39154989668927026
            ],
            "shape": [
                0.03,
                0.3,
                0.05
            ],
            "start_pos": [
                0.4085570364132816,
                0.2523200593880065,
                0.15100000000000002
            ],
            "start_quat": [
                0.40496781562494977,
                -0.0,
                -0.0,
                -0.9143309402551992
            ]
        },
        {
            "goal_pos": [
                -0.03809791068339907,
                -0.703143879575814,
                0.07500000000000001
            ],
            "goal_quat": [
                0.717669985393215,
                -0.0,
                -0.0,
                -0.6963833657301863
            ],
            "shape": [
                0.03,
                0.3,
                0.05
            ],
            "start_pos": [
                -0.3781999474159813,
                0.2844451347703657,
                0.551
            ],
            "start_quat": [
                0.21576459278567509,
                0.0,
                0.0,
                0.9764454109165713
            ]
        }
    ]
}