{
    "objects": [
        {
            "goal_pos": [
                -0.005996489009856332,
                -0.830222409367303,
                0.07500000000000001
            ],
            "goal_quat": [
                0.9951456483864539,
                0.0,
                0.0,
                0.09841310124929639
            ],
            "shape": [
                0.03,
                0.3,
                0.05
            ],
            "start_pos": [
                0.39898317387348275,
                0.3231352020773257,
                0.15100000000000002
            ],
            "start_quat": [
                0.9810952568657849,
                0.0,
                0.0,
                0.19352544265666857
            ]
        },
        {
            "goal_pos": [
                0.5740352304654412,
                -0.8374341822723539,
                0.07500000000000001
            ],
            "goal_quat": [
                0.6038221344461264,
                -0.0,
                -0.0,
                -0.7971190814131375
            ],
            "shape": [
                0.03,
                0.3,
                0.05
            ],
            "start_pos": [
                -0.3953620170236067,
                0.3434961280821392,
                0.551
            ],
            "start_quat": [
                0.956979505444961,
                -0.0,
                -0.0,
                -0.2901555206407727
            ]
        }
    ]
}