{
    "objects": [
        {
            "goal_pos": [
                0.17623008277368013,
                -0.35188626800314693,
                0.12000000000000001
            ],
            "goal_quat": [
                0.5645201502107502,
                -0.0,
                -0.0,
                -0.8254192873964311
            ],
            "shape": [
                0.07,
                0.37,
                0.14
            ],
            "start_pos": [
                0.6901182786493856,
                -0.7110252818389726,
                0.12000000000000001
            ],
            "start_quat": [
                0.5024858330248607,
                0.0,
                0.0,
                0.8645854426309246
            ]
        },
        {
            "goal_pos": [
                -0.5775534608482615,
                -0.46846834905769774,
                0.165
            ],
            "goal_quat": [
                0.49531949218267196,
                0.0,
                0.0,
                0.8687108843935939
            ],
            "shape": [
                0.3,
                0.21,
                0.23
            ],
            "start_pos": [
                -0.2048740553833704,
                -0.3380401260920445,
                0.165
            ],
            "start_quat": [
                0.6479146736376816,
                -0.0,
                -0.0,
                -0.7617129220939977
            ]
        }
    ]
}