{
    "objects": [
        {
            "goal_pos": [
                -0.014867005643233844,
                -0.8166789207162082,
                0.135
            ],
            "goal_quat": [
                0.08591613255257029,
                -0.0,
                -0.0,
                -0.9963023728603727
            ],
            "shape": [
                0.34,
                0.18,
                0.17
            ],
            "start_pos": [
                -0.31016994182866786,
                -0.3263882567487076,
                0.135
            ],
            "start_quat": [
                0.6779628186103429,
                -0.0,
                -0.0,
                -0.7350961954614642
            ]
        },
        {
            "goal_pos": [
                0.92554509323544,
                -0.38115188035984315,
                0.14
            ],
            "goal_quat": [
                0.9940741659914873,
                0.0,
                0.0,
                0.10870396730721817
            ],
            "shape": [
                0.09,
                0.16,
                0.18
            ],
            "start_pos": [
                -0.7183028645797438,
                0.5972020570885725,
                0.14
            ],
            "start_quat": [
                0.24019340116295274,
                0.0,
                0.0,
                0.9707250537808184
            ]
        },
        {
            "goal_pos": [
                0.8554563829641414,
                0.0612447243056049,
                0.175
            ],
            "goal_quat": [
                0.9477301961368592,
                0.0,
                0.0,
                0.3190728370300273
            ],
            "shape": [
                0.27,
                0.3,
                0.25
            ],
            "start_pos": [
                0.5702242939677142,
                -0.873123225825575,
                0.175
            ],
            "start_quat": [
                0.8501939006607475,
                0.0,
                0.0,
                0.5264696869519299
            ]
        }
    ]
}