{
    "objects": [
        {
            "goal_pos": [
                0.012710009181731652,
                -0.7420611323883046,
                0.07500000000000001
            ],
            "goal_quat": [
                0.9126077729297717,
                -0.0,
                -0.0,
                -0.4088362175592597
            ],
            "shape": [
                0.03,
                0.3,
                0.05
            ],
            "start_pos": [
                0.41494911947100543,
                0.2636101168087221,
                0.15100000000000002
            ],
            "start_quat": [
                0.6790864665317732,
                -0.0,
                -0.0,
                -0.7340582885393985
            ]
        },
        {
            "goal_pos": [
                -0.40736115830951375,
                -0.9135434722332438,
                0.07500000000000001
            ],
            "goal_quat": [
                0.9996982955381084,
                0.0,
                0.0,
                0.02456253037048359
            ],
            "shape": [
                0.03,
                0.3,
                0.05
            ],
            "start_pos": [
                -0.37923877863647143,
                0.28637150899770836,
                0.551
            ],
            "start_quat": [
                0.9190890836056945,
                0.0,
                0.0,
                0.3940498146133869
            ]
        }
    ]
}