{
    "objects": [
        {
            "goal_pos": [
                -0.8498713548433277,
                -0.70860972801353,
                0.095
            ],
            "goal_quat": [
                0.5795862750902051,
                0.0,
                0.0,
                0.8149108845309782
            ],
            "shape": [
                0.17,
                0.12,
                0.09
            ],
            "start_pos": [
                0.4790924305733028,
                1.0436764300210521,
                0.095
            ],
            "start_quat": [
                0.1641625435384562,
                -0.0,
                -0.0,
                -0.9864333020022106
            ]
        },
        {
            "goal_pos": [
                -0.8554932137247545,
                -0.07140884852428842,
                0.07500000000000001
            ],
            "goal_quat": [
                0.8177392421675593,
                0.0,
                0.0,
                0.5755888565801338
            ],
            "shape": [
                0.12,
                0.2,
                0.05
            ],
            "start_pos": [
                0.001346021933641306,
                -0.27925461314839223,
                0.07500000000000001
            ],
            "start_quat": [
                0.7265355143013466,
                0.0,
                0.0,
                0.6871289154582841
            ]
        },
        {
            "goal_pos": [
                1.2026735653260001,
                -0.2965576630021189,
                0.07500000000000001
            ],
            "goal_quat": [
                0.46395140638003046,
                -0.0,
                -0.0,
                -0.8858606507335066
            ],
            "shape": [
                0.09,
                0.05,
                0.05
            ],
            "start_pos": [
                0.617968680659749,
                0.7529251807472647,
                0.07500000000000001
            ],
            "start_quat": [
                0.9400051767500498,
                -0.0,
                -0.0,
                -0.34116017892349004
            ]
        }
    ]
}