{
    "objects": [
        {
            "goal_pos": [
                1.0553561667051825,
                -0.6391804050541972,
                0.14
            ],
            "goal_quat": [
                0.9996668106791565,
                -0.0,
                -0.0,
                -0.02581216043967372
            ],
            "shape": [
                0.16,
                0.13,
                0.18
            ],
            "start_pos": [
                -0.1836281177337219,
                -0.030278791714561548,
                0.14
            ],
            "start_quat": [
                0.9943194033904372,
                0.0,
                0.0,
                0.10643741842643911
            ]
        },
        {
            "goal_pos": [
                -1.0908489052247987,
                0.01111630856271667,
                0.13
            ],
            "goal_quat": [
                0.9772863694839233,
                0.0,
                0.0,
                0.21192298606081525
            ],
            "shape": [
                0.15,
                0.15,
                0.16
            ],
            "start_pos": [
                0.10957749831672625,
                0.09776757821987292,
                0.13
            ],
            "start_quat": [
                0.8986899252269822,
                0.0,
                0.0,
                0.4385845623087081
            ]
        },
        {
            "goal_pos": [
                1.098273582076386,
                -0.07031108958273719,
                0.07500000000000001
            ],
            "goal_quat": [
                0.8882705875421189,
                0.0,
                0.0,
                0.4593205452704886
            ],
            "shape": [
                0.09,
                0.17,
                0.05
            ],
            "start_pos": [
                0.4831468916761856,
                -1.0729866840387734,
                0.07500000000000001
            ],
            "start_quat": [
                0.1986868205382004,
                -0.0,
                -0.0,
                -0.9800630323323194
            ]
        }
    ]
}