{
    "objects": [
        {
            "goal_pos": [
                0.3896574334278516,
                0.356292373299732,
                0.15000000000000002
            ],
            "goal_quat": [
                0.12090919175059794,
                0.0,
                0.0,
                0.9926635720878535
            ],
            "shape": [
                0.12,
                0.26,
                0.2
            ],
            "start_pos": [
                0.9469121036395273,
                -0.48869440105568257,
                0.15000000000000002
            ],
            "start_quat": [
                0.3743478811622667,
                0.0,
                0.0,
                0.9272883391207513
            ]
        },
        {
            "goal_pos": [
                0.5068664125397314,
                -0.8212526160386073,
                0.115
            ],
            "goal_quat": [
                0.7415399302604679,
                -0.0,
                -0.0,
                -0.6709087358421414
            ],
            "shape": [
                0.27,
                0.14,
                0.13
            ],
            "start_pos": [
                -0.3799860482160627,
                0.9911809014474475,
                0.115
            ],
            "start_quat": [
                0.37255829177821276,
                0.0,
                0.0,
                0.9280087926454684
            ]
        }
    ]
}