{
    "objects": [
        {
            "goal_pos": [
                0.16358757274236646,
                -0.9549124942748288,
                0.07500000000000001
            ],
            "goal_quat": [
                0.7643756884816244,
                0.0,
                0.0,
                0.6447711275004819
            ],
            "shape": [
                0.03,
                0.3,
                0.05
            ],
            "start_pos": [
                0.41329296611852434,
                0.34150610847963964,
                0.15100000000000002
            ],
            "start_quat": [
                0.613553520000419,
                -0.0,
                -0.0,
                -0.7896531378365411
            ]
        },
        {
            "goal_pos": [
                -0.6046108098487163,
                -0.8691711109302733,
                0.07500000000000001
            ],
            "goal_quat": [
                0.365765950022444,
                0.0,
                0.0,
                0.930706865669411
            ],
            "shape": [
                0.03,
                0.3,
                0.05
            ],
            "start_pos": [
                -0.4180144035998095,
                0.27708131144174025,
                0.551
            ],
            "start_quat": [
                0.8081189806849364,
                0.0,
                0.0,
                0.5890192807173118
            ]
        }
    ]
}