{
    "objects": [
        {
            "goal_pos": [
                -0.8751631255187916,
                -0.844354637872915,
                0.07500000000000001
            ],
            "goal_quat": [
                0.9826563690363672,
                -0.0,
                -0.0,
                -0.1854358659813764
            ],
            "shape": [
                0.08,
                0.14,
                0.05
            ],
            "start_pos": [
                0.45535718844447726,
                -0.9229583611817049,
                0.07500000000000001
            ],
            "start_quat": [
                0.9776290697886367,
                -0.0,
                -0.0,
                -0.21033640175729204
            ]
        }
    ]
}