{
    "objects": [
        {
            "goal_pos": [
                0.04724148359354563,
                -0.8833834580422082,
                0.195
            ],
            "goal_quat": [
                0.8959050964870727,
                -0.0,
                -0.0,
                -0.44424549304240424
            ],
            "shape": [
                0.07,
                0.39,
                0.29
            ],
            "start_pos": [
                -0.7098355794231654,
                -0.20190037205171496,
                0.195
            ],
            "start_quat": [
                0.9720698463112399,
                0.0,
                0.0,
                0.23469174227578277
            ]
        },
        {
            "goal_pos": [
                -0.30947234816989977,
                -0.6132871144576157,
                0.165
            ],
            "goal_quat": [
                0.5338788713489071,
                -0.0,
                -0.0,
                -0.8455609680722125
            ],
            "shape": [
                0.19,
                0.19,
                0.23
            ],
            "start_pos": [
                -0.5722785621807274,
                0.9583214334885584,
                0.165
            ],
            "start_quat": [
                0.6623673663237053,
                0.0,
                0.0,
                0.7491791988766094
            ]
        }
    ]
}