{
    "objects": [
        {
            "goal_pos": [
                -0.15576757291170812,
                -0.46981856254976306,
                0.095
            ],
            "goal_quat": [
                0.1864100697017375,
                0.0,
                0.0,
                0.9824720280566737
            ],
            "shape": [
                0.11,
                0.17,
                0.09
            ],
            "start_pos": [
                0.4544170445182376,
                -0.4244204685157198,
                0.095
            ],
            "start_quat": [
                0.458231232762101,
                -0.0,
                -0.0,
                -0.888833019931936
            ]
        },
        {
            "goal_pos": [
                0.05677440879476911,
                -0.3484727941149822,
                0.16999999999999998
            ],
            "goal_quat": [
                0.7502196246390322,
                0.0,
                0.0,
                0.661188713459682
            ],
            "shape": [
                0.1,
                0.11,
                0.24
            ],
            "start_pos": [
                -0.5096466193657012,
                -0.5588365060808916,
                0.16999999999999998
            ],
            "start_quat": [
                0.9992721288452823,
                0.0,
                0.0,
                0.03814724777775632
            ]
        },
        {
            "goal_pos": [
                -0.41978393889139576,
                -0.31887136258263993,
                0.08
            ],
            "goal_quat": [
                0.9952522085354163,
                0.0,
                0.0,
                0.09732955052488587
            ],
            "shape": [
                0.22,
                0.05,
                0.06
            ],
            "start_pos": [
                0.7012025822190463,
                -0.6088268969125119,
                0.08
            ],
            "start_quat": [
                0.8377424133499001,
                0.0,
                0.0,
                0.5460656085807686
            ]
        }
    ]
}