{
    "objects": [
        {
            "goal_pos": [
                -1.3472609655456758,
                0.2668969106699581,
                0.15000000000000002
            ],
            "goal_quat": [
                0.5427340016643935,
                0.0,
                0.0,
                0.8399046394903139
            ],
            "shape": [
                0.32,
                0.08,
                0.2
            ],
            "start_pos": [
                0.3318201495141212,
                1.2271451869445098,
                0.15000000000000002
            ],
            "start_quat": [
                0.6810225203857158,
                -0.0,
                -0.0,
                -0.7322624711996971
            ]
        }
    ]
}