{
    "objects": [
        {
            "goal_pos": [
                0.35760813693183996,
                -0.8501758999748059,
                0.07500000000000001
            ],
            "goal_quat": [
                0.006678959369568622,
                0.0,
                0.0,
                0.9999776955021246
            ],
            "shape": [
                0.03,
                0.3,
                0.05
            ],
            "start_pos": [
                0.40087808664251784,
                0.3280653328432056,
                0.15100000000000002
            ],
            "start_quat": [
                0.9999621577616342,
                0.0,
                0.0,
                0.008699600260739784
            ]
        },
        {
            "goal_pos": [
                -0.6364549416092795,
                -0.9494656757039237,
                0.07500000000000001
            ],
            "goal_quat": [
                0.7305847114730804,
                -0.0,
                -0.0,
                -0.6828220700605656
            ],
            "shape": [
                0.03,
                0.3,
                0.05
            ],
            "start_pos": [
                -0.37804166006519424,
                0.3305085437534854,
                0.551
            ],
            "start_quat": [
                0.2017974156539477,
                -0.0,
                -0.0,
                -0.9794272831789953
            ]
        }
    ]
}