{
    "objects": [
        {
            "goal_pos": [
                0.03589184300433168,
                -0.855676553139437,
                0.07500000000000001
            ],
            "goal_quat": [
                0.9659199730538848,
                0.0,
                0.0,
                0.25884088868566046
            ],
            "shape": [
                0.03,
                0.3,
                0.05
            ],
            "start_pos": [
                0.40906949753110705,
                0.30153839931240684,
                0.15100000000000002
            ],
            "start_quat": [
                0.6048234090760821,
                0.0,
                0.0,
                0.7963596196653784
            ]
        },
        {
            "goal_pos": [
                1.0602805981946224,
                -0.44615410005680445,
                0.07500000000000001
            ],
            "goal_quat": [
                0.04860746821158063,
                -0.0,
                -0.0,
                -0.998817958405865
            ],
            "shape": [
                0.03,
                0.3,
                0.05
            ],
            "start_pos": [
                -0.3845358102969276,
                0.25828198202629093,
                0.551
            ],
            "start_quat": [
                0.23053239112430304,
                0.0,
                0.0,
                0.9730646518307565
            ]
        },
        {
            "goal_pos": [
                0.3974711415665558,
                -0.9282594586303006,
                0.07500000000000001
            ],
            "goal_quat": [
                0.9267610495130498,
                -0.0,
                -0.0,
                -0.37565137708448554
            ],
            "shape": [
                0.03,
                0.3,
                0.05
            ],
            "start_pos": [
                -0.011786293424548462,
                0.28897882836845273,
                0.15100000000000002
            ],
            "start_quat": [
                0.9851934552350605,
                -0.0,
                -0.0,
                -0.17144636409677186
            ]
        }
    ]
}