{
    "objects": [
        {
            "goal_pos": [
                -0.6037252974376195,
                -0.8328285814829297,
                0.07500000000000001
            ],
            "goal_quat": [
                0.8188055549840884,
                -0.0,
                -0.0,
                -0.5740709565264551
            ],
            "shape": [
                0.03,
                0.3,
                0.05
            ],
            "start_pos": [
                0.4131378372412006,
                0.275921240459639,
                0.15100000000000002
            ],
            "start_quat": [
                0.6274687565653447,
                0.0,
                0.0,
                0.7786417401695982
            ]
        },
        {
            "goal_pos": [
                -0.06766527434217989,
                -0.8442998847648666,
                0.07500000000000001
            ],
            "goal_quat": [
                0.039554847335790067,
                0.0,
                0.0,
                0.9992174007953636
            ],
            "shape": [
                0.03,
                0.3,
                0.05
            ],
            "start_pos": [
                -0.4014136724269601,
                0.3129609411063297,
                0.551
            ],
            "start_quat": [
                0.5324926684074308,
                0.0,
                0.0,
                0.8464346153675036
            ]
        },
        {
            "goal_pos": [
                0.9539007703888422,
                -0.4497576001060739,
                0.07500000000000001
            ],
            "goal_quat": [
                0.8900414972276278,
                0.0,
                0.0,
                0.455879516114513
            ],
            "shape": [
                0.03,
                0.3,
                0.05
            ],
            "start_pos": [
                0.021759278357093424,
                0.2948826899108051,
                0.15100000000000002
            ],
            "start_quat": [
                0.9333708470849759,
                0.0,
                0.0,
                0.35891344612855414
            ]
        },
        {
            "goal_pos": [
                0.7246561098935383,
                -0.7636363250134726,
                0.07500000000000001
            ],
            "goal_quat": [
                0.9876797232908708,
                -0.0,
                -0.0,
                -0.1564888628627252
            ],
            "shape": [
                0.03,
                0.3,
                0.05
            ],
            "start_pos": [
                -0.004674716822139137,
                0.26192441429283797,
                0.551
            ],
            "start_quat": [
                0.8468421460282971,
                0.0,
                0.0,
                0.531844319054165
            ]
        }
    ]
}