{
    "objects": [
        {
            "goal_pos": [
                -0.9962633854244252,
                -0.5949542486034607,
                0.07500000000000001
            ],
            "goal_quat": [
                0.4678598802420882,
                0.0,
                0.0,
                0.8838026547028804
            ],
            "shape": [
                0.03,
                0.3,
                0.05
            ],
            "start_pos": [
                0.4240863227026975,
                0.31332032777115465,
                0.15100000000000002
            ],
            "start_quat": [
                0.7892421628312171,
                0.0,
                0.0,
                0.6140820860516146
            ]
        },
        {
            "goal_pos": [
                0.9840459850469135,
                -0.4171462476731003,
                0.07500000000000001
            ],
            "goal_quat": [
                0.8258561574133689,
                -0.0,
                -0.0,
                -0.5638808449153284
            ],
            "shape": [
                0.03,
                0.3,
                0.05
            ],
            "start_pos": [
                -0.4120757937289548,
                0.28389499011259417,
                0.551
            ],
            "start_quat": [
                0.8527680823943966,
                -0.0,
                -0.0,
                -0.5222897640672116
            ]
        }
    ]
}