{
    "objects": [
        {
            "goal_pos": [
                0.7366471567491861,
                0.8414411591655421,
                0.095
            ],
            "goal_quat": [
                0.4686872681979127,
                -0.0,
                -0.0,
                -0.8833641630885747
            ],
            "shape": [
                0.16,
                0.07,
                0.09
            ],
            "start_pos": [
                1.0701690596990987,
                -0.31409962474979736,
                0.095
            ],
            "start_quat": [
                0.7998015990053048,
                0.0,
                0.0,
                0.6002644435817914
            ]
        }
    ]
}