{
    "objects": [
        {
            "goal_pos": [
                -0.33702250770150605,
                -0.3697434683709011,
                0.095
            ],
            "goal_quat": [
                0.9472911369879614,
                -0.0,
                -0.0,
                -0.32037400297785606
            ],
            "shape": [
                0.37,
                0.11,
                0.09
            ],
            "start_pos": [
                0.654404942439707,
                -0.5579423280940525,
                0.095
            ],
            "start_quat": [
                0.9451487045794335,
                0.0,
                0.0,
                0.3266403622209278
            ]
        },
        {
            "goal_pos": [
                0.005571231085049755,
                -0.30230053065814855,
                0.11
            ],
            "goal_quat": [
                0.07536717810373066,
                0.0,
                0.0,
                0.9971558496366957
            ],
            "shape": [
                0.08,
                0.11,
                0.12
            ],
            "start_pos": [
                0.22982163819042706,
                -0.5385377366446618,
                0.11
            ],
            "start_quat": [
                0.5148198860494578,
                -0.0,
                -0.0,
                -0.8572983640063845
            ]
        }
    ]
}