{
    "objects": [
        {
            "goal_pos": [
                0.36784964711133417,
                0.9439452733280983,
                0.125
            ],
            "goal_quat": [
                0.6264988105812677,
                0.0,
                0.0,
                0.7794223760838901
            ],
            "shape": [
                0.19,
                0.35000000000000003,
                0.15
            ],
            "start_pos": [
                -0.7254861647695183,
                0.10160068603846623,
                0.125
            ],
            "start_quat": [
                0.29578564768865306,
                -0.0,
                -0.0,
                -0.9552543381850741
            ]
        },
        {
            "goal_pos": [
                -0.1557766549253689,
                -0.8868614483037318,
                0.22000000000000003
            ],
            "goal_quat": [
                0.9942893630014081,
                -0.0,
                -0.0,
                -0.10671767717793515
            ],
            "shape": [
                0.24,
                0.16,
                0.34
            ],
            "start_pos": [
                0.7036747413259441,
                0.5929602997634229,
                0.22000000000000003
            ],
            "start_quat": [
                0.7053650542159252,
                0.0,
                0.0,
                0.7088442285093142
            ]
        }
    ]
}