{
    "objects": [
        {
            "goal_pos": [
                -0.022394645737861485,
                -0.7413791678593227,
                0.07500000000000001
            ],
            "goal_quat": [
                0.864193856852915,
                -0.0,
                -0.0,
                -0.5031589985061217
            ],
            "shape": [
                0.03,
                0.3,
                0.05
            ],
            "start_pos": [
                0.39741283597989696,
                0.28730784232437734,
                0.15100000000000002
            ],
            "start_quat": [
                0.4095053467618198,
                -0.0,
                -0.0,
                -0.9123077172607287
            ]
        },
        {
            "goal_pos": [
                -0.9714741703162931,
                -0.5277759343843383,
                0.07500000000000001
            ],
            "goal_quat": [
                0.9444658560192959,
                0.0,
                0.0,
                0.32860956591940327
            ],
            "shape": [
                0.03,
                0.3,
                0.05
            ],
            "start_pos": [
                -0.41219940822231943,
                0.3263279611866257,
                0.551
            ],
            "start_quat": [
                0.9962326556997533,
                -0.0,
                -0.0,
                -0.08672079172503447
            ]
        },
        {
            "goal_pos": [
                0.8816932732288609,
                -0.522530039921316,
                0.07500000000000001
            ],
            "goal_quat": [
                0.962202364500533,
                0.0,
                0.0,
                0.27233547280804893
            ],
            "shape": [
                0.03,
                0.3,
                0.05
            ],
            "start_pos": [
                0.017667843513567767,
                0.327885486394918,
                0.15100000000000002
            ],
            "start_quat": [
                0.9400800196609642,
                0.0,
                0.0,
                0.3409538922409321
            ]
        },
        {
            "goal_pos": [
                0.3103611539043726,
                -0.9714222948727786,
                0.07500000000000001
            ],
            "goal_quat": [
                0.5768130640385608,
                -0.0,
                -0.0,
                -0.8168761773698919
            ],
            "shape": [
                0.03,
                0.3,
                0.05
            ],
            "start_pos": [
                -0.004635551964199267,
                0.323416689419325,
                0.551
            ],
            "start_quat": [
                0.9906558534534398,
                -0.0,
                -0.0,
                -0.13638540984444353
            ]
        }
    ]
}