{
    "objects": [
        {
            "goal_pos": [
                0.5462374762645263,
                -0.9507477449491759,
                0.07500000000000001
            ],
            "goal_quat": [
                0.6032621284842963,
                0.0,
                0.0,
                0.7975429796171467
            ],
            "shape": [
                0.03,
                0.3,
                0.05
            ],
            "start_pos": [
                0.3819527085136012,
                0.3198042736439984,
                0.15100000000000002
            ],
            "start_quat": [
                0.8581004329249512,
                0.0,
                0.0,
                0.5134818857700935
            ]
        },
        {
            "goal_pos": [
                -0.04278670825690983,
                -0.6896232102416693,
                0.07500000000000001
            ],
            "goal_quat": [
                0.8246666692068635,
                -0.0,
                -0.0,
                -0.5656190278794178
            ],
            "shape": [
                0.03,
                0.3,
                0.05
            ],
            "start_pos": [
                -0.37945486876726703,
                0.30972043779425035,
                0.551
            ],
            "start_quat": [
                0.05442360786801836,
                -0.0,
                -0.0,
                -0.9985179371982399
            ]
        },
        {
            "goal_pos": [
                1.0248144110009454,
                -0.5388830660306763,
                0.07500000000000001
            ],
            "goal_quat": [
                0.07166389491265442,
                -0.0,
                -0.0,
                -0.9974288376450462
            ],
            "shape": [
                0.03,
                0.3,
                0.05
            ],
            "start_pos": [
                -0.0036739933869739776,
                0.29843890614161983,
                0.15100000000000002
            ],
            "start_quat": [
                0.9998696585675805,
                -0.0,
                -0.0,
                -0.01614515023002401
            ]
        }
    ]
}