{
    "objects": [
        {
            "goal_pos": [
                -0.9752676904097329,
                -0.3666019925776118,
                0.07500000000000001
            ],
            "goal_quat": [
                0.5265274070924363,
                0.0,
                0.0,
                0.8501581556278313
            ],
            "shape": [
                0.03,
                0.3,
                0.05
            ],
            "start_pos": [
                0.40440926999957966,
                0.2936033322729172,
                0.15100000000000002
            ],
            "start_quat": [
                0.9085687477568684,
                0.0,
                0.0,
                0.41773535952743596
            ]
        },
        {
            "goal_pos": [
                -0.03721800813988757,
                -0.8668186320734907,
                0.07500000000000001
            ],
            "goal_quat": [
                0.9666408803050963,
                -0.0,
                -0.0,
                -0.25613552764696346
            ],
            "shape": [
                0.03,
                0.3,
                0.05
            ],
            "start_pos": [
                -0.38835814747539227,
                0.34433958411254584,
                0.551
            ],
            "start_quat": [
                0.19312964453240994,
                0.0,
                0.0,
                0.9811732468849652
            ]
        },
        {
            "goal_pos": [
                -0.746817030047835,
                -0.8857143461711521,
                0.07500000000000001
            ],
            "goal_quat": [
                0.8646325864301669,
                0.0,
                0.0,
                0.5024047078631727
            ],
            "shape": [
                0.03,
                0.3,
                0.05
            ],
            "start_pos": [
                0.007676870150649752,
                0.31663090386147597,
                0.15100000000000002
            ],
            "start_quat": [
                0.27500280148768025,
                0.0,
                0.0,
                0.9614434248430469
            ]
        },
        {
            "goal_pos": [
                0.9982278617513619,
                -0.4358324036517497,
                0.07500000000000001
            ],
            "goal_quat": [
                0.9905749191392464,
                -0.0,
                -0.0,
                -0.13697200287750513
            ],
            "shape": [
                0.03,
                0.3,
                0.05
            ],
            "start_pos": [
                -0.022938711861181193,
                0.30234359164550817,
                0.551
            ],
            "start_quat": [
                0.980535871072733,
                -0.0,
                -0.0,
                -0.19634002531230535
            ]
        }
    ]
}