{
    "objects": [
        {
            "goal_pos": [
                -1.02418668457189,
                -0.390582371717932,
                0.07500000000000001
            ],
            "goal_quat": [
                0.1418272185875702,
                0.0,
                0.0,
                0.9898914284242053
            ],
            "shape": [
                0.03,
                0.3,
                0.05
            ],
            "start_pos": [
                0.38197095404790804,
                0.25209239068816675,
                0.15100000000000002
            ],
            "start_quat": [
                0.9848108013374473,
                -0.0,
                -0.0,
                -0.17363088886800954
            ]
        },
        {
            "goal_pos": [
                0.13420800275661282,
                -0.9414919963324038,
                0.07500000000000001
            ],
            "goal_quat": [
                0.6140963409007171,
                0.0,
                0.0,
                0.7892310714184726
            ],
            "shape": [
                0.03,
                0.3,
                0.05
            ],
            "start_pos": [
                -0.42183891001598733,
                0.28227657869297595,
                0.551
            ],
            "start_quat": [
                0.80364408568731,
                -0.0,
                -0.0,
                -0.5951102280584728
            ]
        },
        {
            "goal_pos": [
                -0.49035341766612695,
                -0.9389337094659833,
                0.07500000000000001
            ],
            "goal_quat": [
                0.9035569388609723,
                0.0,
                0.0,
                0.4284680364230091
            ],
            "shape": [
                0.03,
                0.3,
                0.05
            ],
            "start_pos": [
                0.01721724104149399,
                0.3397135907851129,
                0.15100000000000002
            ],
            "start_quat": [
                0.2144064840530279,
                0.0,
                0.0,
                0.9767445211497318
            ]
        },
        {
            "goal_pos": [
                0.9148337183010691,
                -0.4204241514540888,
                0.07500000000000001
            ],
            "goal_quat": [
                0.5873627227210392,
                0.0,
                0.0,
                0.8093238115598278
            ],
            "shape": [
                0.03,
                0.3,
                0.05
            ],
            "start_pos": [
                -0.0014118453087952412,
                0.29563071513237027,
                0.551
            ],
            "start_quat": [
                0.7883481425948621,
                -0.0,
                -0.0,
                -0.6152293930455787
            ]
        }
    ]
}