{
    "objects": [
        {
            "goal_pos": [
                -1.0167956946318086,
                -0.5058088705586972,
                0.07500000000000001
            ],
            "goal_quat": [
                0.0611192718592464,
                0.0,
                0.0,
                0.9981304697319863
            ],
            "shape": [
                0.03,
                0.3,
                0.05
            ],
            "start_pos": [
                0.38310810335081513,
                0.2861942261868888,
                0.15100000000000002
            ],
            "start_quat": [
                0.5487744876893895,
                -0.0,
                -0.0,
                -0.8359704310926602
            ]
        },
        {
            "goal_pos": [
                -0.5710410029362373,
                -0.9513157347253187,
                0.07500000000000001
            ],
            "goal_quat": [
                0.6874320719798875,
                0.0,
                0.0,
                0.7262486808342158
            ],
            "shape": [
                0.03,
                0.3,
                0.05
            ],
            "start_pos": [
                -0.41195204000420055,
                0.276281886055532,
                0.551
            ],
            "start_quat": [
                0.7957094398743914,
                0.0,
                0.0,
                0.6056785346161628
            ]
        }
    ]
}