{
    "objects": [
        {
            "goal_pos": [
                0.5097875076083868,
                -0.8771018558124828,
                0.07500000000000001
            ],
            "goal_quat": [
                0.6660991886109899,
                0.0,
                0.0,
                0.7458631717223883
            ],
            "shape": [
                0.03,
                0.3,
                0.05
            ],
            "start_pos": [
                0.3964389490497683,
                0.3255649200057285,
                0.15100000000000002
            ],
            "start_quat": [
                0.5672035792909143,
                -0.0,
                -0.0,
                -0.8235776221095226
            ]
        },
        {
            "goal_pos": [
                0.06372422645855136,
                -0.9058696847136705,
                0.07500000000000001
            ],
            "goal_quat": [
                0.3678179346146523,
                -0.0,
                -0.0,
                -0.9298978260947873
            ],
            "shape": [
                0.03,
                0.3,
                0.05
            ],
            "start_pos": [
                -0.39081396517911393,
                0.3040619329658841,
                0.551
            ],
            "start_quat": [
                0.885977377195142,
                0.0,
                0.0,
                0.4637284626787718
            ]
        },
        {
            "goal_pos": [
                0.891203339192898,
                -0.6427083308053989,
                0.07500000000000001
            ],
            "goal_quat": [
                0.9955774203007477,
                0.0,
                0.0,
                0.09394466556068232
            ],
            "shape": [
                0.03,
                0.3,
                0.05
            ],
            "start_pos": [
                0.00536993860262952,
                0.27655637415158996,
                0.15100000000000002
            ],
            "start_quat": [
                0.9871436256474837,
                0.0,
                0.0,
                0.1598357355022352
            ]
        }
    ]
}