{
    "objects": [
        {
            "goal_pos": [
                -0.0908450295217137,
                -0.48046368572341047,
                0.22999999999999998
            ],
            "goal_quat": [
                0.09855511096508722,
                -0.0,
                -0.0,
                -0.9951315943646143
            ],
            "shape": [
                0.17,
                0.07,
                0.36
            ],
            "start_pos": [
                0.38885632000141684,
                -0.7989956629343964,
                0.22999999999999998
            ],
            "start_quat": [
                0.5059536127827138,
                -0.0,
                -0.0,
                -0.8625606887124637
            ]
        },
        {
            "goal_pos": [
                0.13622777785676854,
                0.3144940005300934,
                0.135
            ],
            "goal_quat": [
                0.9688679591212022,
                0.0,
                0.0,
                0.24757802363763318
            ],
            "shape": [
                0.17,
                0.09,
                0.17
            ],
            "start_pos": [
                0.10664678245583292,
                0.043939463401043655,
                0.135
            ],
            "start_quat": [
                0.3934589211513941,
                0.0,
                0.0,
                0.9193421981864974
            ]
        },
        {
            "goal_pos": [
                0.9431538720206623,
                -0.276393367784133,
                0.235
            ],
            "goal_quat": [
                0.7881748743094736,
                -0.0,
                -0.0,
                -0.6154513526731787
            ],
            "shape": [
                0.34,
                0.16,
                0.37
            ],
            "start_pos": [
                0.7331576447885761,
                -0.8570123552401647,
                0.235
            ],
            "start_quat": [
                0.2093253004547528,
                0.0,
                0.0,
                0.9778460607833563
            ]
        }
    ]
}