{
    "objects": [
        {
            "goal_pos": [
                -0.04692985146227152,
                -0.38573473097964917,
                0.24
            ],
            "goal_quat": [
                0.48628970242080716,
                -0.0,
                -0.0,
                -0.8737976455218238
            ],
            "shape": [
                0.22,
                0.12,
                0.38
            ],
            "start_pos": [
                -0.6309952189893393,
                -0.6091944338218114,
                0.24
            ],
            "start_quat": [
                0.04160024015627126,
                -0.0,
                -0.0,
                -0.9991343353218027
            ]
        },
        {
            "goal_pos": [
                0.4254332150135879,
                -0.39225958338329914,
                0.22999999999999998
            ],
            "goal_quat": [
                0.6394900803522328,
                -0.0,
                -0.0,
                -0.7687993477696863
            ],
            "shape": [
                0.16,
                0.27,
                0.36
            ],
            "start_pos": [
                0.6534888020163596,
                -0.6578367456076528,
                0.22999999999999998
            ],
            "start_quat": [
                0.5313163739588536,
                -0.0,
                -0.0,
                -0.847173483274362
            ]
        }
    ]
}