{
    "objects": [
        {
            "goal_pos": [
                0.9017232302929122,
                -0.7126666996420823,
                0.07500000000000001
            ],
            "goal_quat": [
                0.038769798309810935,
                -0.0,
                -0.0,
                -0.9992481687443898
            ],
            "shape": [
                0.03,
                0.3,
                0.05
            ],
            "start_pos": [
                0.40804800607545644,
                0.27447480348327136,
                0.15100000000000002
            ],
            "start_quat": [
                0.31940933653823284,
                0.0,
                0.0,
                0.9476168401480664
            ]
        },
        {
            "goal_pos": [
                -0.5352786367881038,
                -0.8103819653331796,
                0.07500000000000001
            ],
            "goal_quat": [
                0.9629992325855378,
                -0.0,
                -0.0,
                -0.26950413362259446
            ],
            "shape": [
                0.03,
                0.3,
                0.05
            ],
            "start_pos": [
                -0.4013105914381841,
                0.3426538717225967,
                0.551
            ],
            "start_quat": [
                0.7639093638857084,
                0.0,
                0.0,
                0.6453235496770069
            ]
        },
        {
            "goal_pos": [
                -0.13384745502822126,
                -0.7934647981193155,
                0.07500000000000001
            ],
            "goal_quat": [
                0.9934915130270883,
                0.0,
                0.0,
                0.113906161129005
            ],
            "shape": [
                0.03,
                0.3,
                0.05
            ],
            "start_pos": [
                -0.0029633929385708517,
                0.25804059920557487,
                0.15100000000000002
            ],
            "start_quat": [
                0.9221249796083574,
                0.0,
                0.0,
                0.38689213223104774
            ]
        }
    ]
}