{
    "objects": [
        {
            "goal_pos": [
                -0.11418590179159338,
                0.8888372881667004,
                0.22500000000000003
            ],
            "goal_quat": [
                0.9983970758350679,
                -0.0,
                -0.0,
                -0.056597517295246244
            ],
            "shape": [
                0.31,
                0.07,
                0.35000000000000003
            ],
            "start_pos": [
                0.8075328262216309,
                -0.08133672399227648,
                0.22500000000000003
            ],
            "start_quat": [
                0.54937133454244,
                -0.0,
                -0.0,
                -0.8355783247446397
            ]
        },
        {
            "goal_pos": [
                0.36963736631131106,
                0.3372934032902311,
                0.235
            ],
            "goal_quat": [
                0.9955937637543864,
                0.0,
                0.0,
                0.09377130463726718
            ],
            "shape": [
                0.35000000000000003,
                0.15,
                0.37
            ],
            "start_pos": [
                0.26939142711055686,
                -0.929157354815122,
                0.235
            ],
            "start_quat": [
                0.34385172089004684,
                -0.0,
                -0.0,
                -0.9390239581826192
            ]
        },
        {
            "goal_pos": [
                0.6981659110301233,
                -0.8365527874666188,
                0.20500000000000002
            ],
            "goal_quat": [
                0.6082859183707776,
                0.0,
                0.0,
                0.7937179861335005
            ],
            "shape": [
                0.15,
                0.31,
                0.31
            ],
            "start_pos": [
                -0.6913836512285869,
                -0.20933485872460017,
                0.20500000000000002
            ],
            "start_quat": [
                0.016807922763246302,
                -0.0,
                -0.0,
                -0.9998587368885591
            ]
        }
    ]
}