{
    "objects": [
        {
            "goal_pos": [
                0.15172702013082048,
                -0.800480660994682,
                0.07500000000000001
            ],
            "goal_quat": [
                0.8507853845452851,
                0.0,
                0.0,
                0.5255133009202825
            ],
            "shape": [
                0.03,
                0.3,
                0.05
            ],
            "start_pos": [
                0.3987920515276604,
                0.26002897366553357,
                0.15100000000000002
            ],
            "start_quat": [
                0.8215558396912837,
                0.0,
                0.0,
                0.5701280577810128
            ]
        },
        {
            "goal_pos": [
                0.49392065815987896,
                -0.9020634085181707,
                0.07500000000000001
            ],
            "goal_quat": [
                0.7859853131901422,
                -0.0,
                -0.0,
                -0.6182451677525624
            ],
            "shape": [
                0.03,
                0.3,
                0.05
            ],
            "start_pos": [
                -0.4184806685191362,
                0.25868975905182406,
                0.551
            ],
            "start_quat": [
                0.13552703485202788,
                -0.0,
                -0.0,
                -0.9907736486323288
            ]
        },
        {
            "goal_pos": [
                0.8582673458674903,
                -0.7195827210294442,
                0.07500000000000001
            ],
            "goal_quat": [
                0.8665307408376616,
                0.0,
                0.0,
                0.49912370729442745
            ],
            "shape": [
                0.03,
                0.3,
                0.05
            ],
            "start_pos": [
                -0.02055987963232386,
                0.27032999566189136,
                0.15100000000000002
            ],
            "start_quat": [
                0.8553195501346603,
                -0.0,
                -0.0,
                -0.5181008272116946
            ]
        }
    ]
}