{
    "objects": [
        {
            "goal_pos": [
                -0.6160181020987561,
                -0.5787361560019179,
                0.085
            ],
            "goal_quat": [
                0.19546568513961876,
                0.0,
                0.0,
                0.9807105413591206
            ],
            "shape": [
                0.32,
                0.18,
                0.07
            ],
            "start_pos": [
                -0.11328768488252342,
                -0.32755157614714436,
                0.085
            ],
            "start_quat": [
                0.920379159058283,
                0.0,
                0.0,
                0.3910271136010489
            ]
        },
        {
            "goal_pos": [
                0.5868134292410707,
                -0.6943702398086081,
                0.115
            ],
            "goal_quat": [
                0.9670716411293874,
                0.0,
                0.0,
                0.2545043043316032
            ],
            "shape": [
                0.25,
                0.06,
                0.13
            ],
            "start_pos": [
                0.3865918194511837,
                -0.3688563296720173,
                0.115
            ],
            "start_quat": [
                0.9871109332194394,
                -0.0,
                -0.0,
                -0.16003751284823
            ]
        }
    ]
}