{
    "objects": [
        {
            "goal_pos": [
                1.0130828341130689,
                0.02705889303459491,
                0.14
            ],
            "goal_quat": [
                0.9809793334214661,
                -0.0,
                -0.0,
                -0.19411220311968028
            ],
            "shape": [
                0.17,
                0.12,
                0.18
            ],
            "start_pos": [
                -0.4479006074857517,
                1.0937406125422018,
                0.14
            ],
            "start_quat": [
                0.41545433581857216,
                -0.0,
                -0.0,
                -0.9096140361986226
            ]
        }
    ]
}