{
    "objects": [
        {
            "goal_pos": [
                0.7310726081123471,
                -0.7165488620494296,
                0.07500000000000001
            ],
            "goal_quat": [
                0.9643072261283012,
                0.0,
                0.0,
                0.2647859015067482
            ],
            "shape": [
                0.03,
                0.3,
                0.05
            ],
            "start_pos": [
                0.37722068509233664,
                0.3357477571791155,
                0.15100000000000002
            ],
            "start_quat": [
                0.8458262467029647,
                -0.0,
                -0.0,
                -0.5334584898456256
            ]
        },
        {
            "goal_pos": [
                -0.7132379164883071,
                -0.9217601946304803,
                0.07500000000000001
            ],
            "goal_quat": [
                0.03240042481541766,
                -0.0,
                -0.0,
                -0.9994749684068033
            ],
            "shape": [
                0.03,
                0.3,
                0.05
            ],
            "start_pos": [
                -0.3780954134872623,
                0.3426391070960816,
                0.551
            ],
            "start_quat": [
                0.4962062745483888,
                0.0,
                0.0,
                0.8682046608368381
            ]
        }
    ]
}