{
    "objects": [
        {
            "goal_pos": [
                -0.1352556800666767,
                -0.47286317538722056,
                0.21500000000000002
            ],
            "goal_quat": [
                0.8946079203405632,
                0.0,
                0.0,
                0.44685195407867745
            ],
            "shape": [
                0.18,
                0.06,
                0.33
            ],
            "start_pos": [
                0.0633487307738565,
                -0.3042942110973078,
                0.21500000000000002
            ],
            "start_quat": [
                0.7030235576058794,
                -0.0,
                -0.0,
                -0.7111665609765218
            ]
        }
    ]
}