{
    "objects": [
        {
            "goal_pos": [
                0.4571217754226561,
                0.9034806141350827,
                0.19
            ],
            "goal_quat": [
                0.3718483224733088,
                0.0,
                0.0,
                0.928293501578992
            ],
            "shape": [
                0.37,
                0.16,
                0.28
            ],
            "start_pos": [
                -0.6617074709632318,
                -0.7937006994350422,
                0.19
            ],
            "start_quat": [
                0.9981726513869569,
                0.0,
                0.0,
                0.06042646790217557
            ]
        },
        {
            "goal_pos": [
                -0.8260317754150781,
                -0.02800127919085893,
                0.12000000000000001
            ],
            "goal_quat": [
                0.2232887116736351,
                0.0,
                0.0,
                0.9747523538002503
            ],
            "shape": [
                0.19,
                0.27,
                0.14
            ],
            "start_pos": [
                0.904834282075021,
                0.35368416401605174,
                0.12000000000000001
            ],
            "start_quat": [
                0.3240816176421484,
                -0.0,
                -0.0,
                -0.9460291248721935
            ]
        },
        {
            "goal_pos": [
                0.2916991002210782,
                -0.4343754468433151,
                0.24
            ],
            "goal_quat": [
                0.9365772687620398,
                0.0,
                0.0,
                0.3504611528233018
            ],
            "shape": [
                0.16,
                0.28,
                0.38
            ],
            "start_pos": [
                0.7618150335928129,
                -0.1544750550782093,
                0.24
            ],
            "start_quat": [
                0.975822789391695,
                -0.0,
                -0.0,
                -0.2185632258725419
            ]
        }
    ]
}