{
    "objects": [
        {
            "goal_pos": [
                -0.22532706014871653,
                -0.8736869722645209,
                0.07500000000000001
            ],
            "goal_quat": [
                0.2652283666442921,
                -0.0,
                -0.0,
                -0.9641856219251566
            ],
            "shape": [
                0.03,
                0.3,
                0.05
            ],
            "start_pos": [
                0.3802366757304456,
                0.2640499395821411,
                0.15100000000000002
            ],
            "start_quat": [
                0.6234866889043089,
                0.0,
                0.0,
                0.7818339649562057
            ]
        },
        {
            "goal_pos": [
                0.6759798593108769,
                -0.9130842670265404,
                0.07500000000000001
            ],
            "goal_quat": [
                0.33788440676698395,
                0.0,
                0.0,
                0.941187615549484
            ],
            "shape": [
                0.03,
                0.3,
                0.05
            ],
            "start_pos": [
                -0.4235053675954877,
                0.3019721920417713,
                0.551
            ],
            "start_quat": [
                0.5011287515293514,
                0.0,
                0.0,
                0.8653727372587108
            ]
        },
        {
            "goal_pos": [
                -0.8138051299352238,
                -0.6554887231516361,
                0.07500000000000001
            ],
            "goal_quat": [
                0.855317049139808,
                -0.0,
                -0.0,
                -0.518104956018345
            ],
            "shape": [
                0.03,
                0.3,
                0.05
            ],
            "start_pos": [
                0.014366278555406481,
                0.33226941058800424,
                0.15100000000000002
            ],
            "start_quat": [
                0.056766345681235605,
                0.0,
                0.0,
                0.9983874909062105
            ]
        }
    ]
}