{
    "objects": [
        {
            "goal_pos": [
                -0.9708010906458352,
                -0.30117744278699793,
                0.07500000000000001
            ],
            "goal_quat": [
                0.5442009178255219,
                0.0,
                0.0,
                0.838954921934343
            ],
            "shape": [
                0.03,
                0.3,
                0.05
            ],
            "start_pos": [
                0.386953861397407,
                0.2685899245040728,
                0.15100000000000002
            ],
            "start_quat": [
                0.973699739679506,
                0.0,
                0.0,
                0.22783506522935054
            ]
        },
        {
            "goal_pos": [
                0.5883648159016814,
                -0.8846720512085671,
                0.07500000000000001
            ],
            "goal_quat": [
                0.31135059489283257,
                0.0,
                0.0,
                0.9502951157718739
            ],
            "shape": [
                0.03,
                0.3,
                0.05
            ],
            "start_pos": [
                -0.39984071748008976,
                0.29460191864771684,
                0.551
            ],
            "start_quat": [
                0.7353453412373555,
                0.0,
                0.0,
                0.6776925771472764
            ]
        },
        {
            "goal_pos": [
                -0.7708636709249874,
                -0.8655661669242831,
                0.07500000000000001
            ],
            "goal_quat": [
                0.970549000506709,
                0.0,
                0.0,
                0.24090379327737485
            ],
            "shape": [
                0.03,
                0.3,
                0.05
            ],
            "start_pos": [
                -0.0029349150121858736,
                0.3099052078163731,
                0.15100000000000002
            ],
            "start_quat": [
                0.8793229572087231,
                -0.0,
                -0.0,
                -0.4762259305473676
            ]
        }
    ]
}