{
    "objects": [
        {
            "goal_pos": [
                -0.950252365510076,
                -0.5504309019734996,
                0.07500000000000001
            ],
            "goal_quat": [
                0.9874272360402507,
                -0.0,
                -0.0,
                -0.15807420259457536
            ],
            "shape": [
                0.03,
                0.3,
                0.05
            ],
            "start_pos": [
                0.40700444222121546,
                0.28603941294504404,
                0.15100000000000002
            ],
            "start_quat": [
                0.6300250879289548,
                0.0,
                0.0,
                0.7765747797734052
            ]
        },
        {
            "goal_pos": [
                -0.43219706771295807,
                -0.9231759978046308,
                0.07500000000000001
            ],
            "goal_quat": [
                0.9495908125480346,
                -0.0,
                -0.0,
                -0.31349208717982585
            ],
            "shape": [
                0.03,
                0.3,
                0.05
            ],
            "start_pos": [
                -0.4237301944525489,
                0.32922732968118484,
                0.551
            ],
            "start_quat": [
                0.5221336169130072,
                0.0,
                0.0,
                0.8528636972514079
            ]
        }
    ]
}