{
    "objects": [
        {
            "goal_pos": [
                -0.5891456902065,
                -0.6376194860993964,
                0.14
            ],
            "goal_quat": [
                0.8210202769401262,
                0.0,
                0.0,
                0.5708990321003868
            ],
            "shape": [
                0.19,
                0.17,
                0.18
            ],
            "start_pos": [
                -1.0510220388072815,
                -0.10160433180672507,
                0.14
            ],
            "start_quat": [
                0.6580329156828811,
                -0.0,
                -0.0,
                -0.7529891645155901
            ]
        },
        {
            "goal_pos": [
                -0.30717271370006055,
                -0.9289006281371289,
                0.195
            ],
            "goal_quat": [
                0.5249537688060797,
                -0.0,
                -0.0,
                -0.8511307423752787
            ],
            "shape": [
                0.17,
                0.21,
                0.29
            ],
            "start_pos": [
                0.9554095273781511,
                0.04053248996718123,
                0.195
            ],
            "start_quat": [
                0.5672955857286234,
                -0.0,
                -0.0,
                -0.8235142490648344
            ]
        },
        {
            "goal_pos": [
                -0.09532605633163299,
                0.043573792533388556,
                0.24
            ],
            "goal_quat": [
                0.9955264383802161,
                0.0,
                0.0,
                0.09448338735461179
            ],
            "shape": [
                0.06,
                0.05,
                0.38
            ],
            "start_pos": [
                -1.155920040298171,
                0.2885295786142791,
                0.24
            ],
            "start_quat": [
                0.2199125203127632,
                -0.0,
                -0.0,
                -0.975519596630272
            ]
        }
    ]
}