{
    "objects": [
        {
            "goal_pos": [
                -0.4622869404893094,
                -0.8267968800334455,
                0.07500000000000001
            ],
            "goal_quat": [
                0.9105797588242959,
                -0.0,
                -0.0,
                -0.41333340394829843
            ],
            "shape": [
                0.03,
                0.3,
                0.05
            ],
            "start_pos": [
                0.39850217279665073,
                0.3190365622547962,
                0.15100000000000002
            ],
            "start_quat": [
                0.8815826761998479,
                -0.0,
                -0.0,
                -0.47202964422196436
            ]
        },
        {
            "goal_pos": [
                1.0472279822848494,
                -0.3802413433001468,
                0.07500000000000001
            ],
            "goal_quat": [
                0.2660310755558438,
                -0.0,
                -0.0,
                -0.9639644530990761
            ],
            "shape": [
                0.03,
                0.3,
                0.05
            ],
            "start_pos": [
                -0.4216267340187309,
                0.2988622241686789,
                0.551
            ],
            "start_quat": [
                0.7745748961337448,
                -0.0,
                -0.0,
                -0.632482197598793
            ]
        },
        {
            "goal_pos": [
                -0.07611248938682685,
                -0.7811759028805283,
                0.07500000000000001
            ],
            "goal_quat": [
                0.7762746370815341,
                -0.0,
                -0.0,
                -0.6303948665907206
            ],
            "shape": [
                0.03,
                0.3,
                0.05
            ],
            "start_pos": [
                0.001294582243769847,
                0.31310276355382316,
                0.15100000000000002
            ],
            "start_quat": [
                0.9300646801509989,
                -0.0,
                -0.0,
                -0.3673958229697504
            ]
        },
        {
            "goal_pos": [
                -0.9812232596427115,
                -0.4621706357419547,
                0.07500000000000001
            ],
            "goal_quat": [
                0.32816320143904953,
                0.0,
                0.0,
                0.9446210421228577
            ],
            "shape": [
                0.03,
                0.3,
                0.05
            ],
            "start_pos": [
                -0.02390764762655439,
                0.2924153884638232,
                0.551
            ],
            "start_quat": [
                0.9996139933651756,
                -0.0,
                -0.0,
                -0.02778244533021714
            ]
        }
    ]
}