{
    "objects": [
        {
            "goal_pos": [
                -0.6961000158596494,
                -0.6465824204869821,
                0.22500000000000003
            ],
            "goal_quat": [
                0.699363288928541,
                0.0,
                0.0,
                0.714766388478819
            ],
            "shape": [
                0.06,
                0.33,
                0.35000000000000003
            ],
            "start_pos": [
                0.6109088155900977,
                -0.6596630729976842,
                0.22500000000000003
            ],
            "start_quat": [
                0.24282906132073323,
                -0.0,
                -0.0,
                -0.9700690939196505
            ]
        },
        {
            "goal_pos": [
                0.19525574634570686,
                -0.33771525660649604,
                0.185
            ],
            "goal_quat": [
                0.8888659403380003,
                0.0,
                0.0,
                0.4581673712815465
            ],
            "shape": [
                0.23,
                0.27,
                0.27
            ],
            "start_pos": [
                -0.2021991349085978,
                -0.37703982948260006,
                0.185
            ],
            "start_quat": [
                0.899448541072826,
                0.0,
                0.0,
                0.437026683352361
            ]
        }
    ]
}