{
    "objects": [
        {
            "goal_pos": [
                -0.6123735790848832,
                -0.5485717020907119,
                0.135
            ],
            "goal_quat": [
                0.8502526581034524,
                -0.0,
                -0.0,
                -0.526374787948676
            ],
            "shape": [
                0.35000000000000003,
                0.06,
                0.17
            ],
            "start_pos": [
                -0.26815234949561506,
                -0.36774611556750414,
                0.135
            ],
            "start_quat": [
                0.868267225136765,
                0.0,
                0.0,
                0.49609679071054485
            ]
        }
    ]
}