{
    "objects": [
        {
            "goal_pos": [
                1.0388720570316439,
                0.6346380848798335,
                0.12000000000000001
            ],
            "goal_quat": [
                0.9590006747494485,
                0.0,
                0.0,
                0.2834037858429251
            ],
            "shape": [
                0.13,
                0.09,
                0.14
            ],
            "start_pos": [
                -0.16066391772680189,
                -0.6058157930168275,
                0.12000000000000001
            ],
            "start_quat": [
                0.27552610685164847,
                -0.0,
                -0.0,
                -0.9612935890991753
            ]
        },
        {
            "goal_pos": [
                -0.8734503097989235,
                0.771552809422047,
                0.09
            ],
            "goal_quat": [
                0.6014744247553369,
                -0.0,
                -0.0,
                -0.7988920555151594
            ],
            "shape": [
                0.2,
                0.07,
                0.08
            ],
            "start_pos": [
                0.49238149259385755,
                -1.0865875879677178,
                0.09
            ],
            "start_quat": [
                0.8310104286902021,
                0.0,
                0.0,
                0.55625683583047
            ]
        }
    ]
}