{
    "objects": [
        {
            "goal_pos": [
                0.9697088692870645,
                -0.5225030496870305,
                0.07500000000000001
            ],
            "goal_quat": [
                0.7953585142575624,
                -0.0,
                -0.0,
                -0.6061392858064909
            ],
            "shape": [
                0.03,
                0.3,
                0.05
            ],
            "start_pos": [
                0.4119853588669531,
                0.28697621330260037,
                0.15100000000000002
            ],
            "start_quat": [
                0.1798212990886367,
                0.0,
                0.0,
                0.9836992936838346
            ]
        },
        {
            "goal_pos": [
                -0.8201982849601852,
                -0.7898634020551842,
                0.07500000000000001
            ],
            "goal_quat": [
                0.2947270145795922,
                0.0,
                0.0,
                0.9555814914893448
            ],
            "shape": [
                0.03,
                0.3,
                0.05
            ],
            "start_pos": [
                -0.38202131969350583,
                0.2638357960714359,
                0.551
            ],
            "start_quat": [
                0.07826185147229951,
                -0.0,
                -0.0,
                -0.9969328375593451
            ]
        },
        {
            "goal_pos": [
                0.26366178180511857,
                -0.8265302661051557,
                0.07500000000000001
            ],
            "goal_quat": [
                0.5237907186038369,
                -0.0,
                -0.0,
                -0.8518469833863804
            ],
            "shape": [
                0.03,
                0.3,
                0.05
            ],
            "start_pos": [
                0.02320752865212461,
                0.25697207828793744,
                0.15100000000000002
            ],
            "start_quat": [
                0.6093611039786557,
                0.0,
                0.0,
                0.7928928332113452
            ]
        },
        {
            "goal_pos": [
                -0.14988770505920113,
                -0.7648606209627562,
                0.07500000000000001
            ],
            "goal_quat": [
                0.6764888538597618,
                0.0,
                0.0,
                0.7364528705922097
            ],
            "shape": [
                0.03,
                0.3,
                0.05
            ],
            "start_pos": [
                0.020907498875122832,
                0.2744744389145079,
                0.551
            ],
            "start_quat": [
                0.15447514554391564,
                -0.0,
                -0.0,
                -0.987996674796624
            ]
        }
    ]
}