{
    "objects": [
        {
            "goal_pos": [
                1.0517235775446865,
                -0.2654181285436745,
                0.115
            ],
            "goal_quat": [
                0.6911079376506767,
                0.0,
                0.0,
                0.7227515607151799
            ],
            "shape": [
                0.19,
                0.13,
                0.13
            ],
            "start_pos": [
                0.5353968560616615,
                0.8678772170742168,
                0.115
            ],
            "start_quat": [
                0.38306945279178756,
                0.0,
                0.0,
                0.9237195431178234
            ]
        },
        {
            "goal_pos": [
                -1.1772433203601254,
                0.5393240077956625,
                0.12000000000000001
            ],
            "goal_quat": [
                0.0498897289108309,
                -0.0,
                -0.0,
                -0.9987547321285661
            ],
            "shape": [
                0.12,
                0.06,
                0.14
            ],
            "start_pos": [
                -0.33808251389696664,
                1.10482624730603,
                0.12000000000000001
            ],
            "start_quat": [
                0.6116987805936109,
                -0.0,
                -0.0,
                -0.7910907671185965
            ]
        }
    ]
}