{
    "objects": [
        {
            "goal_pos": [
                -0.9146041889539939,
                -0.7725539785508364,
                0.07500000000000001
            ],
            "goal_quat": [
                0.9052759051111167,
                -0.0,
                -0.0,
                -0.4248241231677511
            ],
            "shape": [
                0.03,
                0.3,
                0.05
            ],
            "start_pos": [
                0.3793491920781168,
                0.2553302091256726,
                0.15100000000000002
            ],
            "start_quat": [
                0.578400423650755,
                -0.0,
                -0.0,
                -0.8157529956553191
            ]
        },
        {
            "goal_pos": [
                -0.5317382084278715,
                -0.9007632505732606,
                0.07500000000000001
            ],
            "goal_quat": [
                0.009284579457700165,
                -0.0,
                -0.0,
                -0.9999568973632281
            ],
            "shape": [
                0.03,
                0.3,
                0.05
            ],
            "start_pos": [
                -0.39810686890413,
                0.3013432273451642,
                0.551
            ],
            "start_quat": [
                0.5668170240173054,
                0.0,
                0.0,
                0.8238437116857574
            ]
        },
        {
            "goal_pos": [
                0.9085816308028929,
                -0.7542016040194657,
                0.07500000000000001
            ],
            "goal_quat": [
                0.05340597106132673,
                0.0,
                0.0,
                0.998572882795741
            ],
            "shape": [
                0.03,
                0.3,
                0.05
            ],
            "start_pos": [
                -0.014026023487801645,
                0.2807749082456004,
                0.15100000000000002
            ],
            "start_quat": [
                0.4147938575513931,
                0.0,
                0.0,
                0.9099154113090044
            ]
        }
    ]
}