{
    "objects": [
        {
            "goal_pos": [
                -1.0402751219879722,
                0.4506316342337926,
                0.125
            ],
            "goal_quat": [
                0.6796523969651205,
                0.0,
                0.0,
                0.733534334097298
            ],
            "shape": [
                0.1,
                0.16,
                0.15
            ],
            "start_pos": [
                -0.06238877799264142,
                -0.46246679330862417,
                0.125
            ],
            "start_quat": [
                0.46930060182832817,
                0.0,
                0.0,
                0.8830384731842487
            ]
        },
        {
            "goal_pos": [
                1.0233464356656727,
                -0.9990617578367281,
                0.1
            ],
            "goal_quat": [
                0.3204511490141429,
                -0.0,
                -0.0,
                -0.94726504268632
            ],
            "shape": [
                0.05,
                0.2,
                0.1
            ],
            "start_pos": [
                -0.026991538232740475,
                0.7149205767320992,
                0.1
            ],
            "start_quat": [
                0.8054655839830731,
                -0.0,
                -0.0,
                -0.5926425508000646
            ]
        },
        {
            "goal_pos": [
                -0.9716869379820274,
                -0.31681471809389156,
                0.15000000000000002
            ],
            "goal_quat": [
                0.8526417451060058,
                -0.0,
                -0.0,
                -0.522495985154513
            ],
            "shape": [
                0.08,
                0.1,
                0.2
            ],
            "start_pos": [
                -0.5527649186556457,
                1.0911188616543144,
                0.15000000000000002
            ],
            "start_quat": [
                0.20437106729393495,
                0.0,
                0.0,
                0.9788934910668974
            ]
        }
    ]
}