{
    "objects": [
        {
            "goal_pos": [
                -0.9270023804445137,
                -0.9414504704963393,
                0.125
            ],
            "goal_quat": [
                0.7858425579387892,
                0.0,
                0.0,
                0.6184266117594073
            ],
            "shape": [
                0.1,
                0.05,
                0.15
            ],
            "start_pos": [
                0.1231761863381966,
                0.7720131562401273,
                0.125
            ],
            "start_quat": [
                0.7216612754385031,
                -0.0,
                -0.0,
                -0.6922463459870865
            ]
        },
        {
            "goal_pos": [
                -1.0437709447475991,
                0.8512572011765522,
                0.10500000000000001
            ],
            "goal_quat": [
                0.42463363904885026,
                0.0,
                0.0,
                0.9053652702573314
            ],
            "shape": [
                0.18,
                0.1,
                0.11
            ],
            "start_pos": [
                0.07090714536186782,
                -0.04806684496319025,
                0.10500000000000001
            ],
            "start_quat": [
                0.5439992402883503,
                0.0,
                0.0,
                0.8390857087125829
            ]
        },
        {
            "goal_pos": [
                1.0380190760288908,
                0.5888750088334418,
                0.095
            ],
            "goal_quat": [
                0.9649379450453636,
                0.0,
                0.0,
                0.2624781175862682
            ],
            "shape": [
                0.13,
                0.13,
                0.09
            ],
            "start_pos": [
                0.6717234814100664,
                0.912549469599983,
                0.095
            ],
            "start_quat": [
                0.3728055279569828,
                0.0,
                0.0,
                0.9279094989947647
            ]
        }
    ]
}