{
    "objects": [
        {
            "goal_pos": [
                0.23242678749366463,
                0.4652153141803074,
                0.18
            ],
            "goal_quat": [
                0.3712031907348181,
                -0.0,
                -0.0,
                -0.9285516631767401
            ],
            "shape": [
                0.24,
                0.14,
                0.26
            ],
            "start_pos": [
                -1.3559456027956982,
                -0.46139643067268205,
                0.18
            ],
            "start_quat": [
                0.5882246576143632,
                -0.0,
                -0.0,
                -0.8086975653323467
            ]
        }
    ]
}