{
    "objects": [
        {
            "goal_pos": [
                -0.7072515163902567,
                -0.7940070065494351,
                0.07500000000000001
            ],
            "goal_quat": [
                0.19699703563437235,
                -0.0,
                -0.0,
                -0.9804040840139692
            ],
            "shape": [
                0.03,
                0.3,
                0.05
            ],
            "start_pos": [
                0.38530180483497256,
                0.28523122371487075,
                0.15100000000000002
            ],
            "start_quat": [
                0.9872067033578673,
                -0.0,
                -0.0,
                -0.1594456799204409
            ]
        },
        {
            "goal_pos": [
                0.31153991933331576,
                -0.8899543820226947,
                0.07500000000000001
            ],
            "goal_quat": [
                0.99226511988762,
                0.0,
                0.0,
                0.12413674659184197
            ],
            "shape": [
                0.03,
                0.3,
                0.05
            ],
            "start_pos": [
                -0.38372634423764246,
                0.32960470720718965,
                0.551
            ],
            "start_quat": [
                0.999381854625706,
                0.0,
                0.0,
                0.03515549238574718
            ]
        },
        {
            "goal_pos": [
                0.7227728121749781,
                -0.8354024233759221,
                0.07500000000000001
            ],
            "goal_quat": [
                0.913917619831039,
                0.0,
                0.0,
                0.40589972180622197
            ],
            "shape": [
                0.03,
                0.3,
                0.05
            ],
            "start_pos": [
                0.017740529291417027,
                0.2540615947567147,
                0.15100000000000002
            ],
            "start_quat": [
                0.906867523728306,
                -0.0,
                -0.0,
                -0.4214158212583984
            ]
        },
        {
            "goal_pos": [
                -0.3950361524667574,
                -0.9705577146524733,
                0.07500000000000001
            ],
            "goal_quat": [
                0.6766841384722304,
                -0.0,
                -0.0,
                -0.7362734388391959
            ],
            "shape": [
                0.03,
                0.3,
                0.05
            ],
            "start_pos": [
                0.022704320138127836,
                0.2607980754847834,
                0.551
            ],
            "start_quat": [
                0.9821917956624774,
                0.0,
                0.0,
                0.18788101695838874
            ]
        }
    ]
}