{
    "objects": [
        {
            "goal_pos": [
                -0.9104382232735106,
                -0.6860527154948335,
                0.07500000000000001
            ],
            "goal_quat": [
                0.858513386734751,
                0.0,
                0.0,
                0.5127911512470043
            ],
            "shape": [
                0.03,
                0.3,
                0.05
            ],
            "start_pos": [
                0.3978651889478013,
                0.3250755600748931,
                0.15100000000000002
            ],
            "start_quat": [
                0.36647669889812307,
                -0.0,
                -0.0,
                -0.9304272293762337
            ]
        },
        {
            "goal_pos": [
                0.39441891587084543,
                -0.8440129870568924,
                0.07500000000000001
            ],
            "goal_quat": [
                0.01698543699358013,
                0.0,
                0.0,
                0.9998557370591705
            ],
            "shape": [
                0.03,
                0.3,
                0.05
            ],
            "start_pos": [
                -0.3810734896619721,
                0.27252326980092145,
                0.551
            ],
            "start_quat": [
                0.36385069596005387,
                -0.0,
                -0.0,
                -0.9314572835344541
            ]
        }
    ]
}