{
    "objects": [
        {
            "goal_pos": [
                1.2163854521684778,
                -0.5717665640593124,
                0.08
            ],
            "goal_quat": [
                0.04232892755096854,
                -0.0,
                -0.0,
                -0.9991037292956046
            ],
            "shape": [
                0.13,
                0.19,
                0.06
            ],
            "start_pos": [
                0.2749807382624314,
                0.0491523895416231,
                0.08
            ],
            "start_quat": [
                0.995194145430178,
                -0.0,
                -0.0,
                -0.09792146292564059
            ]
        },
        {
            "goal_pos": [
                -1.2108073113870637,
                -0.585343531441427,
                0.14500000000000002
            ],
            "goal_quat": [
                0.9679597518193622,
                0.0,
                0.0,
                0.2511053939241425
            ],
            "shape": [
                0.12,
                0.19,
                0.19
            ],
            "start_pos": [
                0.6030109466215036,
                0.857144140556955,
                0.14500000000000002
            ],
            "start_quat": [
                0.6295004711923408,
                0.0,
                0.0,
                0.7770001008807019
            ]
        },
        {
            "goal_pos": [
                1.1544167565552894,
                0.8247117279343255,
                0.15000000000000002
            ],
            "goal_quat": [
                0.9771301596042313,
                -0.0,
                -0.0,
                -0.21264207295784487
            ],
            "shape": [
                0.11,
                0.16,
                0.2
            ],
            "start_pos": [
                0.27723381869435665,
                0.9107375282740117,
                0.15000000000000002
            ],
            "start_quat": [
                0.7761640806694836,
                0.0,
                0.0,
                0.6305309824889617
            ]
        }
    ]
}