{
    "objects": [
        {
            "goal_pos": [
                0.8542615054588564,
                0.838367589064439,
                0.07500000000000001
            ],
            "goal_quat": [
                0.5709248702862503,
                0.0,
                0.0,
                0.8210023096731387
            ],
            "shape": [
                0.13,
                0.18,
                0.05
            ],
            "start_pos": [
                0.27175126700981783,
                -0.0423491837233852,
                0.07500000000000001
            ],
            "start_quat": [
                0.2594070237401862,
                0.0,
                0.0,
                0.9657680860508171
            ]
        },
        {
            "goal_pos": [
                -0.8477941153293053,
                0.21192653582711302,
                0.14500000000000002
            ],
            "goal_quat": [
                0.4717597641066227,
                -0.0,
                -0.0,
                -0.8817271261394104
            ],
            "shape": [
                0.1,
                0.06,
                0.19
            ],
            "start_pos": [
                0.04299728045134621,
                0.917451021561792,
                0.14500000000000002
            ],
            "start_quat": [
                0.5878204843785976,
                -0.0,
                -0.0,
                -0.8089913955938659
            ]
        },
        {
            "goal_pos": [
                1.0207009294105853,
                0.5855198995769523,
                0.13
            ],
            "goal_quat": [
                0.9431067208788346,
                0.0,
                0.0,
                0.33249016982938295
            ],
            "shape": [
                0.17,
                0.1,
                0.16
            ],
            "start_pos": [
                -0.11146204422471812,
                0.14859804979891456,
                0.13
            ],
            "start_quat": [
                0.5303524928714776,
                -0.0,
                -0.0,
                -0.847777230942781
            ]
        }
    ]
}