{
    "objects": [
        {
            "goal_pos": [
                -0.3887701349446608,
                1.2427357498320237,
                0.21000000000000002
            ],
            "goal_quat": [
                0.7697882688504485,
                0.0,
                0.0,
                0.6382993193950858
            ],
            "shape": [
                0.32,
                0.26,
                0.32
            ],
            "start_pos": [
                -0.2530334262038241,
                -0.9728766573976091,
                0.21000000000000002
            ],
            "start_quat": [
                0.7457175745547844,
                -0.0,
                -0.0,
                -0.6662621848792932
            ]
        },
        {
            "goal_pos": [
                1.1844941358888252,
                -0.6056267035749414,
                0.18
            ],
            "goal_quat": [
                0.9393912969840356,
                -0.0,
                -0.0,
                -0.3428468917033543
            ],
            "shape": [
                0.33,
                0.25,
                0.26
            ],
            "start_pos": [
                0.1471111040068966,
                1.0361142956523857,
                0.18
            ],
            "start_quat": [
                0.01052372171761786,
                -0.0,
                -0.0,
                -0.9999446241073603
            ]
        }
    ]
}