{
    "objects": [
        {
            "goal_pos": [
                0.7580537490314656,
                -0.8991121279480283,
                0.07500000000000001
            ],
            "goal_quat": [
                0.872627126472376,
                0.0,
                0.0,
                0.4883870372405107
            ],
            "shape": [
                0.03,
                0.3,
                0.05
            ],
            "start_pos": [
                0.4039375370678091,
                0.3026646332717517,
                0.15100000000000002
            ],
            "start_quat": [
                0.9789285207984333,
                -0.0,
                -0.0,
                -0.20420321047278195
            ]
        },
        {
            "goal_pos": [
                -0.14299394906603602,
                -0.8934960536316185,
                0.07500000000000001
            ],
            "goal_quat": [
                0.5477937716750062,
                0.0,
                0.0,
                0.8366134015864622
            ],
            "shape": [
                0.03,
                0.3,
                0.05
            ],
            "start_pos": [
                -0.4104496328808074,
                0.2630884351389241,
                0.551
            ],
            "start_quat": [
                0.6420705970952363,
                -0.0,
                -0.0,
                -0.7666455167453644
            ]
        },
        {
            "goal_pos": [
                -0.9942618873112137,
                -0.5108638733375263,
                0.07500000000000001
            ],
            "goal_quat": [
                0.8391773287663721,
                0.0,
                0.0,
                0.5438578958556511
            ],
            "shape": [
                0.03,
                0.3,
                0.05
            ],
            "start_pos": [
                0.010853854860159738,
                0.2696563529304168,
                0.15100000000000002
            ],
            "start_quat": [
                0.6135524623315888,
                0.0,
                0.0,
                0.7896539596347532
            ]
        },
        {
            "goal_pos": [
                -0.7226072088643476,
                -0.8491793746752767,
                0.07500000000000001
            ],
            "goal_quat": [
                0.4609018222567126,
                -0.0,
                -0.0,
                -0.8874511311843835
            ],
            "shape": [
                0.03,
                0.3,
                0.05
            ],
            "start_pos": [
                -0.011998457261472814,
                0.3058512269297945,
                0.551
            ],
            "start_quat": [
                0.9880351478071789,
                -0.0,
                -0.0,
                -0.15422887763854723
            ]
        }
    ]
}