{
    "objects": [
        {
            "goal_pos": [
                -0.36731205745167333,
                -0.6978432947925169,
                0.19
            ],
            "goal_quat": [
                0.5514772878477694,
                0.0,
                0.0,
                0.8341899070284107
            ],
            "shape": [
                0.23,
                0.29,
                0.28
            ],
            "start_pos": [
                -0.19815896125347837,
                0.22019220181176336,
                0.19
            ],
            "start_quat": [
                0.8245305466954771,
                0.0,
                0.0,
                0.5658174419068907
            ]
        },
        {
            "goal_pos": [
                1.2609623552541158,
                0.3961987560401292,
                0.1
            ],
            "goal_quat": [
                0.962315792728006,
                -0.0,
                -0.0,
                -0.27193439478350157
            ],
            "shape": [
                0.13,
                0.3,
                0.1
            ],
            "start_pos": [
                -0.6828434184065889,
                0.31391762492774633,
                0.1
            ],
            "start_quat": [
                0.9701598491088194,
                -0.0,
                -0.0,
                -0.24246621863087003
            ]
        }
    ]
}