{
    "objects": [
        {
            "goal_pos": [
                0.9673496466981196,
                -0.46068877766696037,
                0.07500000000000001
            ],
            "goal_quat": [
                0.262974171301928,
                -0.0,
                -0.0,
                -0.964802873766483
            ],
            "shape": [
                0.03,
                0.3,
                0.05
            ],
            "start_pos": [
                0.37917561321002563,
                0.2687693029906155,
                0.15100000000000002
            ],
            "start_quat": [
                0.8961892961427629,
                -0.0,
                -0.0,
                -0.4436718894398643
            ]
        },
        {
            "goal_pos": [
                -0.7918484547745426,
                -0.8084525629152992,
                0.07500000000000001
            ],
            "goal_quat": [
                0.9748900473641214,
                -0.0,
                -0.0,
                -0.22268676554833935
            ],
            "shape": [
                0.03,
                0.3,
                0.05
            ],
            "start_pos": [
                -0.38516555472513214,
                0.25111863546705726,
                0.551
            ],
            "start_quat": [
                0.9544869287534758,
                0.0,
                0.0,
                0.2982527499265633
            ]
        },
        {
            "goal_pos": [
                0.29410562954024827,
                -0.8601442238957879,
                0.07500000000000001
            ],
            "goal_quat": [
                0.3831170291196423,
                0.0,
                0.0,
                0.9236998116263417
            ],
            "shape": [
                0.03,
                0.3,
                0.05
            ],
            "start_pos": [
                0.014185211898344645,
                0.3021208453421433,
                0.15100000000000002
            ],
            "start_quat": [
                0.10043783056083037,
                -0.0,
                -0.0,
                -0.9949433361715802
            ]
        }
    ]
}