{
    "objects": [
        {
            "goal_pos": [
                -0.940050525115064,
                -0.4852309601141307,
                0.07500000000000001
            ],
            "goal_quat": [
                0.47038408007686616,
                -0.0,
                -0.0,
                -0.8824617936263531
            ],
            "shape": [
                0.03,
                0.3,
                0.05
            ],
            "start_pos": [
                0.41468538767923324,
                0.324966609255593,
                0.15100000000000002
            ],
            "start_quat": [
                0.4635198590113553,
                0.0,
                0.0,
                0.8860865309336856
            ]
        },
        {
            "goal_pos": [
                0.8844634945507838,
                -0.7816576450254056,
                0.07500000000000001
            ],
            "goal_quat": [
                0.04609319889492767,
                -0.0,
                -0.0,
                -0.9989371436760336
            ],
            "shape": [
                0.03,
                0.3,
                0.05
            ],
            "start_pos": [
                -0.38099681818369474,
                0.326484409221201,
                0.551
            ],
            "start_quat": [
                0.9864989342251883,
                -0.0,
                -0.0,
                -0.16376767926720937
            ]
        }
    ]
}