{
    "objects": [
        {
            "goal_pos": [
                -1.0146942246982036,
                -0.5178852069051438,
                0.07500000000000001
            ],
            "goal_quat": [
                0.7436186074415442,
                -0.0,
                -0.0,
                -0.6686040432623023
            ],
            "shape": [
                0.03,
                0.3,
                0.05
            ],
            "start_pos": [
                0.42411037896126014,
                0.2867789276777341,
                0.15100000000000002
            ],
            "start_quat": [
                0.9019012586909391,
                0.0,
                0.0,
                0.43194226416466786
            ]
        },
        {
            "goal_pos": [
                0.009711056882047486,
                -0.7913961167277976,
                0.07500000000000001
            ],
            "goal_quat": [
                0.4937152160201107,
                -0.0,
                -0.0,
                -0.8696236458780404
            ],
            "shape": [
                0.03,
                0.3,
                0.05
            ],
            "start_pos": [
                -0.409847219819879,
                0.28218909616272814,
                0.551
            ],
            "start_quat": [
                0.9995784131373118,
                0.0,
                0.0,
                0.029034393224133457
            ]
        },
        {
            "goal_pos": [
                -0.63405556507268,
                -0.8619714849240929,
                0.07500000000000001
            ],
            "goal_quat": [
                0.20645919152938944,
                0.0,
                0.0,
                0.97845521217531
            ],
            "shape": [
                0.03,
                0.3,
                0.05
            ],
            "start_pos": [
                0.019714032052259294,
                0.3164966363364553,
                0.15100000000000002
            ],
            "start_quat": [
                0.1724455841455352,
                0.0,
                0.0,
                0.9850190457593727
            ]
        }
    ]
}