{
    "objects": [
        {
            "goal_pos": [
                -0.05240905490338943,
                -0.8050192188985881,
                0.07500000000000001
            ],
            "goal_quat": [
                0.19764928417614555,
                0.0,
                0.0,
                0.9802727990027353
            ],
            "shape": [
                0.03,
                0.3,
                0.05
            ],
            "start_pos": [
                0.40610965409510463,
                0.3480641832616928,
                0.15100000000000002
            ],
            "start_quat": [
                0.22697132666712977,
                0.0,
                0.0,
                0.973901441045737
            ]
        },
        {
            "goal_pos": [
                -0.6439116918297776,
                -0.8560727135147594,
                0.07500000000000001
            ],
            "goal_quat": [
                0.8698702165401611,
                0.0,
                0.0,
                0.4932806568033793
            ],
            "shape": [
                0.03,
                0.3,
                0.05
            ],
            "start_pos": [
                -0.3811443995339325,
                0.3448662291693166,
                0.551
            ],
            "start_quat": [
                0.1571314961241585,
                -0.0,
                -0.0,
                -0.9875776895646152
            ]
        },
        {
            "goal_pos": [
                -0.8768853826938694,
                -0.5636374057285157,
                0.07500000000000001
            ],
            "goal_quat": [
                0.9718730059520024,
                -0.0,
                -0.0,
                -0.23550554197686946
            ],
            "shape": [
                0.03,
                0.3,
                0.05
            ],
            "start_pos": [
                0.016501432195649868,
                0.25259026175247107,
                0.15100000000000002
            ],
            "start_quat": [
                0.2733958691787082,
                -0.0,
                -0.0,
                -0.9619016055273111
            ]
        }
    ]
}