{
    "objects": [
        {
            "goal_pos": [
                -0.9548246334248971,
                -0.18718307527532377,
                0.11
            ],
            "goal_quat": [
                0.9448195643783615,
                -0.0,
                -0.0,
                -0.32759119458233815
            ],
            "shape": [
                0.15,
                0.15,
                0.12
            ],
            "start_pos": [
                -0.3665616734451398,
                -1.0795929033188996,
                0.11
            ],
            "start_quat": [
                0.7716072205098599,
                0.0,
                0.0,
                0.636099282547189
            ]
        },
        {
            "goal_pos": [
                -1.199409794321428,
                0.1643160836282317,
                0.085
            ],
            "goal_quat": [
                0.029253079571813397,
                0.0,
                0.0,
                0.9995720370916571
            ],
            "shape": [
                0.15,
                0.12,
                0.07
            ],
            "start_pos": [
                -0.01860608106300521,
                -0.10185130854395846,
                0.085
            ],
            "start_quat": [
                0.2772365446666412,
                0.0,
                0.0,
                0.9608016956174159
            ]
        }
    ]
}