{
    "objects": [
        {
            "goal_pos": [
                -0.1204294411504816,
                -0.7648403037095679,
                0.07500000000000001
            ],
            "goal_quat": [
                0.7877622763577781,
                0.0,
                0.0,
                0.6159793794824724
            ],
            "shape": [
                0.03,
                0.3,
                0.05
            ],
            "start_pos": [
                0.3933348222300932,
                0.3451021539331297,
                0.15100000000000002
            ],
            "start_quat": [
                0.8294053573783946,
                0.0,
                0.0,
                0.5586472528814739
            ]
        },
        {
            "goal_pos": [
                -0.6553016278472872,
                -0.7803178453334583,
                0.07500000000000001
            ],
            "goal_quat": [
                0.7892284302746553,
                0.0,
                0.0,
                0.6140997352598384
            ],
            "shape": [
                0.03,
                0.3,
                0.05
            ],
            "start_pos": [
                -0.37907087518004956,
                0.26966733098879836,
                0.551
            ],
            "start_quat": [
                0.9974113812277065,
                0.0,
                0.0,
                0.07190644336524249
            ]
        },
        {
            "goal_pos": [
                0.3613279607113241,
                -0.9570412996787478,
                0.07500000000000001
            ],
            "goal_quat": [
                0.7100400173407135,
                0.0,
                0.0,
                0.7041613265259598
            ],
            "shape": [
                0.03,
                0.3,
                0.05
            ],
            "start_pos": [
                -0.010757847707212047,
                0.3143483892037634,
                0.15100000000000002
            ],
            "start_quat": [
                0.056543577605276604,
                0.0,
                0.0,
                0.9984001321271928
            ]
        }
    ]
}