{
    "objects": [
        {
            "goal_pos": [
                0.3275310603005717,
                -0.9763276965836651,
                0.07500000000000001
            ],
            "goal_quat": [
                0.7485043378899899,
                0.0,
                0.0,
                0.663129893881936
            ],
            "shape": [
                0.03,
                0.3,
                0.05
            ],
            "start_pos": [
                0.39168571565607946,
                0.2507786129322021,
                0.15100000000000002
            ],
            "start_quat": [
                0.830670774125053,
                -0.0,
                -0.0,
                -0.5567639221559577
            ]
        },
        {
            "goal_pos": [
                -0.3930400320068564,
                -0.94890976981214,
                0.07500000000000001
            ],
            "goal_quat": [
                0.7537223599241992,
                0.0,
                0.0,
                0.6571929732965013
            ],
            "shape": [
                0.03,
                0.3,
                0.05
            ],
            "start_pos": [
                -0.39156481194625986,
                0.3389166472042871,
                0.551
            ],
            "start_quat": [
                0.49036970134639296,
                -0.0,
                -0.0,
                -0.8715145185259103
            ]
        }
    ]
}