{
    "objects": [
        {
            "goal_pos": [
                -0.40141782913189555,
                -0.46157296485654375,
                0.2
            ],
            "goal_quat": [
                0.10257294179254116,
                0.0,
                0.0,
                0.9947254855546951
            ],
            "shape": [
                0.13,
                0.24,
                0.3
            ],
            "start_pos": [
                0.22366690730797822,
                -0.2697320099916266,
                0.2
            ],
            "start_quat": [
                0.5385465857796152,
                -0.0,
                -0.0,
                -0.8425957363677551
            ]
        },
        {
            "goal_pos": [
                -0.12974726707810316,
                -0.32322774837211043,
                0.125
            ],
            "goal_quat": [
                0.5230758194929689,
                0.0,
                0.0,
                0.8522861532735112
            ],
            "shape": [
                0.15,
                0.24,
                0.15
            ],
            "start_pos": [
                0.6352356877680246,
                -0.6165826499888389,
                0.125
            ],
            "start_quat": [
                0.3717260240502342,
                -0.0,
                -0.0,
                -0.9283424815464413
            ]
        }
    ]
}