{
    "objects": [
        {
            "goal_pos": [
                0.027372377685565052,
                -0.8728938732879423,
                0.07500000000000001
            ],
            "goal_quat": [
                0.45514285043781655,
                0.0,
                0.0,
                0.8904184329265311
            ],
            "shape": [
                0.03,
                0.3,
                0.05
            ],
            "start_pos": [
                0.39750754286473955,
                0.3453622645328357,
                0.15100000000000002
            ],
            "start_quat": [
                0.842274979432407,
                -0.0,
                -0.0,
                -0.5390481045529595
            ]
        },
        {
            "goal_pos": [
                0.8862088565974828,
                -0.6714818653041654,
                0.07500000000000001
            ],
            "goal_quat": [
                0.7447402923361938,
                -0.0,
                -0.0,
                -0.6673544013273611
            ],
            "shape": [
                0.03,
                0.3,
                0.05
            ],
            "start_pos": [
                -0.4066816720508605,
                0.30397188766894323,
                0.551
            ],
            "start_quat": [
                0.046683602401944226,
                0.0,
                0.0,
                0.9989097262850017
            ]
        },
        {
            "goal_pos": [
                -0.5579459728172804,
                -0.8642915132774214,
                0.07500000000000001
            ],
            "goal_quat": [
                0.8809755901319725,
                0.0,
                0.0,
                0.47316171610943214
            ],
            "shape": [
                0.03,
                0.3,
                0.05
            ],
            "start_pos": [
                -0.017389593076479283,
                0.318965816969231,
                0.15100000000000002
            ],
            "start_quat": [
                0.7746986935180724,
                0.0,
                0.0,
                0.6323305577476007
            ]
        },
        {
            "goal_pos": [
                -0.9379687486389853,
                -0.4088898837907034,
                0.07500000000000001
            ],
            "goal_quat": [
                0.8824132898788695,
                -0.0,
                -0.0,
                -0.4704750639993053
            ],
            "shape": [
                0.03,
                0.3,
                0.05
            ],
            "start_pos": [
                0.013196715692034296,
                0.3020395228902456,
                0.551
            ],
            "start_quat": [
                0.9676670984988656,
                0.0,
                0.0,
                0.25223081985115714
            ]
        }
    ]
}