{
    "objects": [
        {
            "goal_pos": [
                0.08368904497956989,
                -0.3515141899804294,
                0.22000000000000003
            ],
            "goal_quat": [
                0.37690894762835514,
                -0.0,
                -0.0,
                -0.9262503145466057
            ],
            "shape": [
                0.12,
                0.29,
                0.34
            ],
            "start_pos": [
                0.6981963391207141,
                -0.568476712424137,
                0.22000000000000003
            ],
            "start_quat": [
                0.9505636112478892,
                0.0,
                0.0,
                0.31052990350588083
            ]
        },
        {
            "goal_pos": [
                -0.5163326497163894,
                -0.5754368646220199,
                0.09
            ],
            "goal_quat": [
                0.8050879330313039,
                0.0,
                0.0,
                0.5931554771620867
            ],
            "shape": [
                0.21,
                0.07,
                0.08
            ],
            "start_pos": [
                -0.13593809575848936,
                -0.5203860548674867,
                0.09
            ],
            "start_quat": [
                0.8823576633340765,
                0.0,
                0.0,
                0.4705793811416184
            ]
        }
    ]
}