{
    "objects": [
        {
            "goal_pos": [
                -0.4405696360009604,
                -0.9362812543551127,
                0.07500000000000001
            ],
            "goal_quat": [
                0.6949311641448778,
                -0.0,
                -0.0,
                -0.7190762665394019
            ],
            "shape": [
                0.03,
                0.3,
                0.05
            ],
            "start_pos": [
                0.4212458392016518,
                0.31225888846729283,
                0.15100000000000002
            ],
            "start_quat": [
                0.8781409424380072,
                -0.0,
                -0.0,
                -0.47840201213423883
            ]
        },
        {
            "goal_pos": [
                0.49358342273636147,
                -0.9783623726619246,
                0.07500000000000001
            ],
            "goal_quat": [
                0.5596046394830324,
                0.0,
                0.0,
                0.8287597042985774
            ],
            "shape": [
                0.03,
                0.3,
                0.05
            ],
            "start_pos": [
                -0.4087962660357266,
                0.2811827082199163,
                0.551
            ],
            "start_quat": [
                0.7625489585698256,
                0.0,
                0.0,
                0.6469305107846393
            ]
        }
    ]
}