{
    "objects": [
        {
            "goal_pos": [
                1.0166038194165412,
                0.5583070596593811,
                0.09
            ],
            "goal_quat": [
                0.923037652036115,
                -0.0,
                -0.0,
                -0.3847096215636619
            ],
            "shape": [
                0.09,
                0.18,
                0.08
            ],
            "start_pos": [
                0.016145753346237468,
                -0.4340754450838705,
                0.09
            ],
            "start_quat": [
                0.07151088699807417,
                0.0,
                0.0,
                0.9974398192576576
            ]
        },
        {
            "goal_pos": [
                -1.1889921972734854,
                0.16239474152353695,
                0.15000000000000002
            ],
            "goal_quat": [
                0.1867022315963061,
                0.0,
                0.0,
                0.9824165494926067
            ],
            "shape": [
                0.17,
                0.13,
                0.2
            ],
            "start_pos": [
                -0.06297070478562472,
                0.17938011460820474,
                0.15000000000000002
            ],
            "start_quat": [
                0.6215694530685227,
                0.0,
                0.0,
                0.7833590588051544
            ]
        },
        {
            "goal_pos": [
                1.0709567863020244,
                0.8450727093934891,
                0.13
            ],
            "goal_quat": [
                0.9161762102879315,
                -0.0,
                -0.0,
                -0.4007756875141555
            ],
            "shape": [
                0.13,
                0.16,
                0.16
            ],
            "start_pos": [
                -0.39611584630257035,
                0.8190411566402256,
                0.13
            ],
            "start_quat": [
                0.2102040921644622,
                -0.0,
                -0.0,
                -0.9776575267634952
            ]
        }
    ]
}