{
    "objects": [
        {
            "goal_pos": [
                0.7801808374950641,
                -0.6990605953633642,
                0.07500000000000001
            ],
            "goal_quat": [
                0.8185092220224832,
                -0.0,
                -0.0,
                -0.5744933885295368
            ],
            "shape": [
                0.03,
                0.3,
                0.05
            ],
            "start_pos": [
                0.4030658182068242,
                0.32794938525446105,
                0.15100000000000002
            ],
            "start_quat": [
                0.16697725623627696,
                0.0,
                0.0,
                0.9859607476465808
            ]
        },
        {
            "goal_pos": [
                -1.060078115930618,
                -0.4284976385514476,
                0.07500000000000001
            ],
            "goal_quat": [
                0.7168347204940886,
                0.0,
                0.0,
                0.6972431308332566
            ],
            "shape": [
                0.03,
                0.3,
                0.05
            ],
            "start_pos": [
                -0.415522316522424,
                0.33909307127737154,
                0.551
            ],
            "start_quat": [
                0.4468725537986935,
                0.0,
                0.0,
                0.8945976305923428
            ]
        },
        {
            "goal_pos": [
                -0.2954735916968038,
                -0.844368633491321,
                0.07500000000000001
            ],
            "goal_quat": [
                0.7626346341754087,
                0.0,
                0.0,
                0.646829509806209
            ],
            "shape": [
                0.03,
                0.3,
                0.05
            ],
            "start_pos": [
                0.013522509327340705,
                0.3299956216576625,
                0.15100000000000002
            ],
            "start_quat": [
                0.9437196521522959,
                0.0,
                0.0,
                0.3307464559773083
            ]
        }
    ]
}