{
    "objects": [
        {
            "goal_pos": [
                -0.6808557828715723,
                -0.7648172133806425,
                0.07500000000000001
            ],
            "goal_quat": [
                0.9363093083457292,
                0.0,
                0.0,
                0.35117642162471874
            ],
            "shape": [
                0.03,
                0.3,
                0.05
            ],
            "start_pos": [
                0.4133545787030242,
                0.3319835685047227,
                0.15100000000000002
            ],
            "start_quat": [
                0.7065615660658225,
                0.0,
                0.0,
                0.707651576242583
            ]
        },
        {
            "goal_pos": [
                0.04986563415475026,
                -0.8689253444270135,
                0.07500000000000001
            ],
            "goal_quat": [
                0.8894725140942958,
                0.0,
                0.0,
                0.4569886723659271
            ],
            "shape": [
                0.03,
                0.3,
                0.05
            ],
            "start_pos": [
                -0.3933153437044456,
                0.33074320284892333,
                0.551
            ],
            "start_quat": [
                0.8588355527473711,
                -0.0,
                -0.0,
                -0.5122513966180253
            ]
        }
    ]
}