{
    "objects": [
        {
            "goal_pos": [
                0.8695320988970134,
                -0.8070658362637708,
                0.07500000000000001
            ],
            "goal_quat": [
                0.029173793415660614,
                0.0,
                0.0,
                0.9995743543017399
            ],
            "shape": [
                0.03,
                0.3,
                0.05
            ],
            "start_pos": [
                0.38764394728255036,
                0.2957602220738722,
                0.15100000000000002
            ],
            "start_quat": [
                0.8990132187352277,
                0.0,
                0.0,
                0.4379214912964716
            ]
        },
        {
            "goal_pos": [
                -0.06992780667996895,
                -0.7772213750286787,
                0.07500000000000001
            ],
            "goal_quat": [
                0.9181032190876431,
                -0.0,
                -0.0,
                -0.3963413668807575
            ],
            "shape": [
                0.03,
                0.3,
                0.05
            ],
            "start_pos": [
                -0.38611775123649994,
                0.34872819099092595,
                0.551
            ],
            "start_quat": [
                0.0747837277119604,
                -0.0,
                -0.0,
                -0.997199776408671
            ]
        }
    ]
}