{
    "objects": [
        {
            "goal_pos": [
                0.8800480486267743,
                -0.6900348838157573,
                0.07500000000000001
            ],
            "goal_quat": [
                0.4975427084997699,
                -0.0,
                -0.0,
                -0.8674394810121989
            ],
            "shape": [
                0.03,
                0.3,
                0.05
            ],
            "start_pos": [
                0.41380353674248627,
                0.3035871380194675,
                0.15100000000000002
            ],
            "start_quat": [
                0.013786250937206507,
                0.0,
                0.0,
                0.9999049651267347
            ]
        },
        {
            "goal_pos": [
                -0.0033304613429758767,
                -0.8038929767191112,
                0.07500000000000001
            ],
            "goal_quat": [
                0.196182883752995,
                -0.0,
                -0.0,
                -0.9805673236052479
            ],
            "shape": [
                0.03,
                0.3,
                0.05
            ],
            "start_pos": [
                -0.4118265848070216,
                0.28945636130363,
                0.551
            ],
            "start_quat": [
                0.699675504635395,
                0.0,
                0.0,
                0.7144607674415757
            ]
        },
        {
            "goal_pos": [
                -0.7259541656180384,
                -0.7805689432922801,
                0.07500000000000001
            ],
            "goal_quat": [
                0.82610957305389,
                -0.0,
                -0.0,
                -0.5635095148342392
            ],
            "shape": [
                0.03,
                0.3,
                0.05
            ],
            "start_pos": [
                0.004299209976667707,
                0.255624228760077,
                0.15100000000000002
            ],
            "start_quat": [
                0.9997582666131898,
                0.0,
                0.0,
                0.02198654903776875
            ]
        },
        {
            "goal_pos": [
                -1.0264134942486787,
                -0.4570979605796476,
                0.07500000000000001
            ],
            "goal_quat": [
                0.9184156792142694,
                -0.0,
                -0.0,
                -0.3956167844940256
            ],
            "shape": [
                0.03,
                0.3,
                0.05
            ],
            "start_pos": [
                0.008725525802265086,
                0.2726644145078434,
                0.551
            ],
            "start_quat": [
                0.6399192875644002,
                0.0,
                0.0,
                0.7684421288575155
            ]
        }
    ]
}