{
    "objects": [
        {
            "goal_pos": [
                0.8863774033131601,
                -0.6152213050607769,
                0.07500000000000001
            ],
            "goal_quat": [
                0.6785927064038744,
                0.0,
                0.0,
                0.734514764191616
            ],
            "shape": [
                0.03,
                0.3,
                0.05
            ],
            "start_pos": [
                0.3944407235910167,
                0.29907225668026566,
                0.15100000000000002
            ],
            "start_quat": [
                0.15459659815834337,
                -0.0,
                -0.0,
                -0.9879776778034348
            ]
        },
        {
            "goal_pos": [
                0.6205462953594687,
                -0.9208342530913018,
                0.07500000000000001
            ],
            "goal_quat": [
                0.5308412264712838,
                -0.0,
                -0.0,
                -0.8474712928934308
            ],
            "shape": [
                0.03,
                0.3,
                0.05
            ],
            "start_pos": [
                -0.41552487060992843,
                0.34298147323907563,
                0.551
            ],
            "start_quat": [
                0.9365221736158642,
                -0.0,
                -0.0,
                -0.35060835461497086
            ]
        }
    ]
}