{
    "objects": [
        {
            "goal_pos": [
                1.2312657062208685,
                0.5454423983378508,
                0.085
            ],
            "goal_quat": [
                0.9840102996628752,
                -0.0,
                -0.0,
                -0.17811156660188704
            ],
            "shape": [
                0.08,
                0.05,
                0.07
            ],
            "start_pos": [
                0.36996455387358396,
                -0.055954629888484986,
                0.085
            ],
            "start_quat": [
                0.9965809168050838,
                0.0,
                0.0,
                0.08262249245779751
            ]
        },
        {
            "goal_pos": [
                -0.9689555685474203,
                0.9711960742607361,
                0.14
            ],
            "goal_quat": [
                0.04367835217618724,
                0.0,
                0.0,
                0.9990456453792154
            ],
            "shape": [
                0.2,
                0.09,
                0.18
            ],
            "start_pos": [
                0.57718968212493,
                -0.9165293342650573,
                0.14
            ],
            "start_quat": [
                0.7402588550481921,
                -0.0,
                -0.0,
                -0.6723219671576556
            ]
        },
        {
            "goal_pos": [
                0.9498713032167636,
                -0.2304747367856222,
                0.12000000000000001
            ],
            "goal_quat": [
                0.34439770106333417,
                -0.0,
                -0.0,
                -0.9388238511575483
            ],
            "shape": [
                0.11,
                0.05,
                0.14
            ],
            "start_pos": [
                -0.18773564825115874,
                -0.5652936249564839,
                0.12000000000000001
            ],
            "start_quat": [
                0.47667891922186745,
                0.0,
                0.0,
                0.8790774755216245
            ]
        }
    ]
}