{
    "objects": [
        {
            "goal_pos": [
                0.4712946474948856,
                -0.8597537238533308,
                0.07500000000000001
            ],
            "goal_quat": [
                0.9536789872889826,
                -0.0,
                -0.0,
                -0.3008261777230509
            ],
            "shape": [
                0.03,
                0.3,
                0.05
            ],
            "start_pos": [
                0.3898770399125357,
                0.3465608903278538,
                0.15100000000000002
            ],
            "start_quat": [
                0.9340369250904139,
                -0.0,
                -0.0,
                -0.3571764585854512
            ]
        },
        {
            "goal_pos": [
                0.940332966660543,
                -0.3973836975179694,
                0.07500000000000001
            ],
            "goal_quat": [
                0.10348363854693032,
                0.0,
                0.0,
                0.9946311560337773
            ],
            "shape": [
                0.03,
                0.3,
                0.05
            ],
            "start_pos": [
                -0.41985288543288957,
                0.2615647142003474,
                0.551
            ],
            "start_quat": [
                0.25262041032665133,
                0.0,
                0.0,
                0.9675654645998866
            ]
        }
    ]
}