{
    "objects": [
        {
            "goal_pos": [
                0.9814303048932518,
                -0.30243144863194055,
                0.07500000000000001
            ],
            "goal_quat": [
                0.3590720116026688,
                -0.0,
                -0.0,
                -0.9333098577019386
            ],
            "shape": [
                0.03,
                0.3,
                0.05
            ],
            "start_pos": [
                0.41950225907956096,
                0.30318318927606414,
                0.15100000000000002
            ],
            "start_quat": [
                0.06184161656127646,
                -0.0,
                -0.0,
                -0.9980859754856232
            ]
        },
        {
            "goal_pos": [
                -0.896912225461511,
                -0.7013937246037683,
                0.07500000000000001
            ],
            "goal_quat": [
                0.3463383419997418,
                0.0,
                0.0,
                0.9381096699538226
            ],
            "shape": [
                0.03,
                0.3,
                0.05
            ],
            "start_pos": [
                -0.40449924647498825,
                0.25492184927300787,
                0.551
            ],
            "start_quat": [
                0.999999799086393,
                -0.0,
                -0.0,
                -0.0006338983936873156
            ]
        },
        {
            "goal_pos": [
                -0.3995119780115779,
                -0.959378272499819,
                0.07500000000000001
            ],
            "goal_quat": [
                0.16993314917118685,
                0.0,
                0.0,
                0.98545559251179
            ],
            "shape": [
                0.03,
                0.3,
                0.05
            ],
            "start_pos": [
                -0.01528408374824253,
                0.3476616708267885,
                0.15100000000000002
            ],
            "start_quat": [
                0.15836542048457053,
                0.0,
                0.0,
                0.9873805718134954
            ]
        }
    ]
}