{
    "objects": [
        {
            "goal_pos": [
                0.011112850704478261,
                -0.3277422875452777,
                0.15000000000000002
            ],
            "goal_quat": [
                0.08094362489923493,
                -0.0,
                -0.0,
                -0.9967186812677747
            ],
            "shape": [
                0.15,
                0.14,
                0.2
            ],
            "start_pos": [
                -0.6050571435617438,
                -0.6204837144592816,
                0.15000000000000002
            ],
            "start_quat": [
                0.8854395467177555,
                -0.0,
                -0.0,
                -0.4647545686792714
            ]
        },
        {
            "goal_pos": [
                0.2954740116480392,
                -0.31568704109702317,
                0.14500000000000002
            ],
            "goal_quat": [
                0.9337304894752095,
                -0.0,
                -0.0,
                -0.3579767772138098
            ],
            "shape": [
                0.24,
                0.08,
                0.19
            ],
            "start_pos": [
                -0.34479613647108104,
                -0.5106090506882782,
                0.14500000000000002
            ],
            "start_quat": [
                0.16680663017308778,
                0.0,
                0.0,
                0.9859896288147755
            ]
        },
        {
            "goal_pos": [
                0.66894410572738,
                -0.7098712756611552,
                0.22999999999999998
            ],
            "goal_quat": [
                0.4117514400734652,
                0.0,
                0.0,
                0.9112961931213296
            ],
            "shape": [
                0.26,
                0.07,
                0.36
            ],
            "start_pos": [
                0.5954596962299573,
                -0.4235957447662425,
                0.22999999999999998
            ],
            "start_quat": [
                0.4289526019336667,
                0.0,
                0.0,
                0.90332699798818
            ]
        }
    ]
}