{
    "objects": [
        {
            "goal_pos": [
                -0.3595210660964515,
                -0.9775307428067432,
                0.07500000000000001
            ],
            "goal_quat": [
                0.29039475129155934,
                -0.0,
                -0.0,
                -0.956906938224566
            ],
            "shape": [
                0.03,
                0.3,
                0.05
            ],
            "start_pos": [
                0.4060755905806932,
                0.33835673354921303,
                0.15100000000000002
            ],
            "start_quat": [
                0.4906520559397606,
                -0.0,
                -0.0,
                -0.8713555875772451
            ]
        },
        {
            "goal_pos": [
                -0.9147957267913018,
                -0.45656446968168063,
                0.07500000000000001
            ],
            "goal_quat": [
                0.6263670520105562,
                -0.0,
                -0.0,
                -0.7795282651421981
            ],
            "shape": [
                0.03,
                0.3,
                0.05
            ],
            "start_pos": [
                -0.41755033189794416,
                0.33394163585729164,
                0.551
            ],
            "start_quat": [
                0.8781000002203051,
                0.0,
                0.0,
                0.4784771568352037
            ]
        }
    ]
}