{
    "objects": [
        {
            "goal_pos": [
                0.9540572254936435,
                0.012767829764397998,
                0.12000000000000001
            ],
            "goal_quat": [
                0.5033416578586826,
                0.0,
                0.0,
                0.8640874813721542
            ],
            "shape": [
                0.08,
                0.13,
                0.14
            ],
            "start_pos": [
                -0.3304319106666189,
                -0.8080724798434062,
                0.12000000000000001
            ],
            "start_quat": [
                0.6447355830928819,
                0.0,
                0.0,
                0.7644056697159445
            ]
        }
    ]
}