{
    "objects": [
        {
            "goal_pos": [
                -0.46100823415589653,
                -0.8534993596703782,
                0.07500000000000001
            ],
            "goal_quat": [
                0.9921450572652795,
                -0.0,
                -0.0,
                -0.12509270699795152
            ],
            "shape": [
                0.03,
                0.3,
                0.05
            ],
            "start_pos": [
                0.38894068349481276,
                0.30769241127680225,
                0.15100000000000002
            ],
            "start_quat": [
                0.9975340697277085,
                0.0,
                0.0,
                0.07018389938208926
            ]
        },
        {
            "goal_pos": [
                0.8289100525073064,
                -0.6692919713076961,
                0.07500000000000001
            ],
            "goal_quat": [
                0.45096127557244015,
                0.0,
                0.0,
                0.89254351598904
            ],
            "shape": [
                0.03,
                0.3,
                0.05
            ],
            "start_pos": [
                -0.3888063078700529,
                0.2956204371626411,
                0.551
            ],
            "start_quat": [
                0.08590377580434898,
                0.0,
                0.0,
                0.996303438367326
            ]
        }
    ]
}