{
    "objects": [
        {
            "goal_pos": [
                0.9021570765782464,
                -0.47817130011345077,
                0.07500000000000001
            ],
            "goal_quat": [
                0.682551470184266,
                -0.0,
                -0.0,
                -0.7308375267795826
            ],
            "shape": [
                0.03,
                0.3,
                0.05
            ],
            "start_pos": [
                0.3901935770512815,
                0.311142022646164,
                0.15100000000000002
            ],
            "start_quat": [
                0.03429108431332555,
                -0.0,
                -0.0,
                -0.9994118878303462
            ]
        },
        {
            "goal_pos": [
                0.28752343126127766,
                -0.9819722635583747,
                0.07500000000000001
            ],
            "goal_quat": [
                0.7393213664444159,
                0.0,
                0.0,
                0.6733527434552871
            ],
            "shape": [
                0.03,
                0.3,
                0.05
            ],
            "start_pos": [
                -0.3792481081710576,
                0.28447854031948794,
                0.551
            ],
            "start_quat": [
                0.8000315310238558,
                0.0,
                0.0,
                0.5999579563332961
            ]
        },
        {
            "goal_pos": [
                -1.0311648522293513,
                -0.3745085455290501,
                0.07500000000000001
            ],
            "goal_quat": [
                0.6025329088213351,
                0.0,
                0.0,
                0.798094038185539
            ],
            "shape": [
                0.03,
                0.3,
                0.05
            ],
            "start_pos": [
                -0.017997598041207517,
                0.30390876187321175,
                0.15100000000000002
            ],
            "start_quat": [
                0.9968393223561978,
                -0.0,
                -0.0,
                -0.07944410238926815
            ]
        },
        {
            "goal_pos": [
                -0.6566354730685591,
                -0.8913205995697147,
                0.07500000000000001
            ],
            "goal_quat": [
                0.997463257683901,
                0.0,
                0.0,
                0.07118321129746617
            ],
            "shape": [
                0.03,
                0.3,
                0.05
            ],
            "start_pos": [
                0.0014837677146548565,
                0.2675690259085584,
                0.551
            ],
            "start_quat": [
                0.5332710739262335,
                0.0,
                0.0,
                0.8459444199907944
            ]
        }
    ]
}