{
    "objects": [
        {
            "goal_pos": [
                -0.23429723522524504,
                0.10237306528987195,
                0.195
            ],
            "goal_quat": [
                0.7216320598706215,
                0.0,
                0.0,
                0.6922768016963183
            ],
            "shape": [
                0.07,
                0.05,
                0.29
            ],
            "start_pos": [
                0.32145350506211423,
                -0.6961575357922382,
                0.195
            ],
            "start_quat": [
                0.47150444458263285,
                -0.0,
                -0.0,
                -0.8818636848962672
            ]
        },
        {
            "goal_pos": [
                -0.8682468796589231,
                0.03348861342233744,
                0.155
            ],
            "goal_quat": [
                0.6221963572363322,
                -0.0,
                -0.0,
                -0.7828612220833514
            ],
            "shape": [
                0.18,
                0.37,
                0.21
            ],
            "start_pos": [
                0.8577712248475664,
                0.6632823794417908,
                0.155
            ],
            "start_quat": [
                0.9269320928780013,
                0.0,
                0.0,
                0.3752291235935832
            ]
        },
        {
            "goal_pos": [
                0.330671627713862,
                -0.3411164140802748,
                0.155
            ],
            "goal_quat": [
                0.16250910984806266,
                -0.0,
                -0.0,
                -0.9867070432587326
            ],
            "shape": [
                0.3,
                0.27,
                0.21
            ],
            "start_pos": [
                -0.8841866123950035,
                -0.6416395925050405,
                0.155
            ],
            "start_quat": [
                0.15578882170251449,
                -0.0,
                -0.0,
                -0.9877903841567512
            ]
        }
    ]
}