{
    "objects": [
        {
            "goal_pos": [
                -0.299187728718133,
                -0.8420899656943148,
                0.07500000000000001
            ],
            "goal_quat": [
                0.5702490525659537,
                0.0,
                0.0,
                0.8214718607765163
            ],
            "shape": [
                0.03,
                0.3,
                0.05
            ],
            "start_pos": [
                0.42110134716590697,
                0.26900664661838425,
                0.15100000000000002
            ],
            "start_quat": [
                0.9975530808723324,
                -0.0,
                -0.0,
                -0.06991316644322373
            ]
        },
        {
            "goal_pos": [
                -0.6441819088692604,
                -0.8278790902195159,
                0.07500000000000001
            ],
            "goal_quat": [
                0.264920947635735,
                0.0,
                0.0,
                0.964270134093027
            ],
            "shape": [
                0.03,
                0.3,
                0.05
            ],
            "start_pos": [
                -0.39519600555314927,
                0.27022412732914014,
                0.551
            ],
            "start_quat": [
                0.07485092247451397,
                -0.0,
                -0.0,
                -0.9971947349463465
            ]
        },
        {
            "goal_pos": [
                0.5348462186735391,
                -0.8664454680396678,
                0.07500000000000001
            ],
            "goal_quat": [
                0.6729103892880381,
                -0.0,
                -0.0,
                -0.7397240079842082
            ],
            "shape": [
                0.03,
                0.3,
                0.05
            ],
            "start_pos": [
                -0.0215491003181431,
                0.2732887086265669,
                0.15100000000000002
            ],
            "start_quat": [
                0.9372821189724012,
                0.0,
                0.0,
                0.34857169915901876
            ]
        }
    ]
}