{
    "objects": [
        {
            "goal_pos": [
                -0.5216795219755408,
                -0.5063983808672331,
                0.245
            ],
            "goal_quat": [
                0.7761106556863259,
                -0.0,
                -0.0,
                -0.6305967412936269
            ],
            "shape": [
                0.05,
                0.29,
                0.39
            ],
            "start_pos": [
                0.12097322440345068,
                -0.40609602051583527,
                0.245
            ],
            "start_quat": [
                0.8864770107818655,
                0.0,
                0.0,
                0.46277263246139394
            ]
        },
        {
            "goal_pos": [
                0.46027242491743703,
                -0.36349699665125734,
                0.20500000000000002
            ],
            "goal_quat": [
                0.4298694788703467,
                -0.0,
                -0.0,
                -0.9028910405667655
            ],
            "shape": [
                0.23,
                0.12,
                0.31
            ],
            "start_pos": [
                -0.19811285031857828,
                -0.44797249511163095,
                0.20500000000000002
            ],
            "start_quat": [
                0.6965728689870561,
                0.0,
                0.0,
                0.7174860543530736
            ]
        }
    ]
}