{
    "objects": [
        {
            "goal_pos": [
                -0.3566028624828803,
                -0.8967014680108727,
                0.07500000000000001
            ],
            "goal_quat": [
                0.09813082429406977,
                -0.0,
                -0.0,
                -0.995173523222642
            ],
            "shape": [
                0.03,
                0.3,
                0.05
            ],
            "start_pos": [
                0.41736825193415666,
                0.3216991046755352,
                0.15100000000000002
            ],
            "start_quat": [
                0.015314319208368855,
                -0.0,
                -0.0,
                -0.999882728937341
            ]
        },
        {
            "goal_pos": [
                0.6427229371664789,
                -0.8665865273997895,
                0.07500000000000001
            ],
            "goal_quat": [
                0.902215892530624,
                0.0,
                0.0,
                0.4312846893470364
            ],
            "shape": [
                0.03,
                0.3,
                0.05
            ],
            "start_pos": [
                -0.42187626892122676,
                0.2991788737408245,
                0.551
            ],
            "start_quat": [
                0.4434820167673441,
                -0.0,
                -0.0,
                -0.896283270402817
            ]
        }
    ]
}