{
    "objects": [
        {
            "goal_pos": [
                1.0455034554442664,
                -0.34463874558848384,
                0.07500000000000001
            ],
            "goal_quat": [
                0.8724866178417501,
                0.0,
                0.0,
                0.488638006797531
            ],
            "shape": [
                0.03,
                0.3,
                0.05
            ],
            "start_pos": [
                0.41732971994516715,
                0.27603459539552094,
                0.15100000000000002
            ],
            "start_quat": [
                0.034609511519717834,
                0.0,
                0.0,
                0.9994009114026094
            ]
        },
        {
            "goal_pos": [
                -0.9563439359970275,
                -0.6035671647750609,
                0.07500000000000001
            ],
            "goal_quat": [
                0.18349542151062848,
                0.0,
                0.0,
                0.9830205645278418
            ],
            "shape": [
                0.03,
                0.3,
                0.05
            ],
            "start_pos": [
                -0.39885374070549423,
                0.2945942350314373,
                0.551
            ],
            "start_quat": [
                0.7454945426545078,
                -0.0,
                -0.0,
                -0.6665117304836775
            ]
        },
        {
            "goal_pos": [
                0.09244007940510413,
                -0.9134089717841489,
                0.07500000000000001
            ],
            "goal_quat": [
                0.8640014672289473,
                0.0,
                0.0,
                0.5034892894851154
            ],
            "shape": [
                0.03,
                0.3,
                0.05
            ],
            "start_pos": [
                -0.0024230977206053626,
                0.2906315602485326,
                0.15100000000000002
            ],
            "start_quat": [
                0.29346323920444206,
                0.0,
                0.0,
                0.9559703589733504
            ]
        },
        {
            "goal_pos": [
                0.6760303187431136,
                -0.9225997783703141,
                0.07500000000000001
            ],
            "goal_quat": [
                0.42172778239294534,
                -0.0,
                -0.0,
                -0.9067224920326663
            ],
            "shape": [
                0.03,
                0.3,
                0.05
            ],
            "start_pos": [
                -0.008922829551320989,
                0.2943568913222609,
                0.551
            ],
            "start_quat": [
                0.010041820556685002,
                -0.0,
                -0.0,
                -0.9999495796488478
            ]
        }
    ]
}