{
    "objects": [
        {
            "goal_pos": [
                -0.008754571160005498,
                -0.6711257560999393,
                0.07500000000000001
            ],
            "goal_quat": [
                0.8341960229369839,
                -0.0,
                -0.0,
                -0.5514680365316914
            ],
            "shape": [
                0.03,
                0.3,
                0.05
            ],
            "start_pos": [
                0.413882448832576,
                0.3199077820115648,
                0.15100000000000002
            ],
            "start_quat": [
                0.3419457562576173,
                -0.0,
                -0.0,
                -0.9397196921302683
            ]
        },
        {
            "goal_pos": [
                -0.5079108254812055,
                -0.8257889236185731,
                0.07500000000000001
            ],
            "goal_quat": [
                0.7033531862868003,
                0.0,
                0.0,
                0.7108405554976486
            ],
            "shape": [
                0.03,
                0.3,
                0.05
            ],
            "start_pos": [
                -0.38201263627423837,
                0.30326451120473646,
                0.551
            ],
            "start_quat": [
                0.5736632661764802,
                0.0,
                0.0,
                0.8190912385319067
            ]
        },
        {
            "goal_pos": [
                0.289730990109811,
                -0.9603658681190477,
                0.07500000000000001
            ],
            "goal_quat": [
                0.11775935976331843,
                0.0,
                0.0,
                0.9930421608311166
            ],
            "shape": [
                0.03,
                0.3,
                0.05
            ],
            "start_pos": [
                -0.02175467399300302,
                0.26509140354923066,
                0.15100000000000002
            ],
            "start_quat": [
                0.8347186525576789,
                -0.0,
                -0.0,
                -0.5506766483811467
            ]
        }
    ]
}