{
    "objects": [
        {
            "goal_pos": [
                -0.6976646506927158,
                -0.842704090546563,
                0.07500000000000001
            ],
            "goal_quat": [
                0.49800251344903274,
                -0.0,
                -0.0,
                -0.8671755857947374
            ],
            "shape": [
                0.03,
                0.3,
                0.05
            ],
            "start_pos": [
                0.4079491689663949,
                0.29609532169317593,
                0.15100000000000002
            ],
            "start_quat": [
                0.5959126595393424,
                0.0,
                0.0,
                0.803049252661845
            ]
        },
        {
            "goal_pos": [
                -0.01462781357492704,
                -0.7588329055005311,
                0.07500000000000001
            ],
            "goal_quat": [
                0.2230127952894532,
                -0.0,
                -0.0,
                -0.9748155174889167
            ],
            "shape": [
                0.03,
                0.3,
                0.05
            ],
            "start_pos": [
                -0.40093222049176785,
                0.26047110091216946,
                0.551
            ],
            "start_quat": [
                0.7460018680259304,
                0.0,
                0.0,
                0.6659438511630109
            ]
        }
    ]
}