{
    "objects": [
        {
            "goal_pos": [
                0.7057478636082224,
                -0.6779954710817822,
                0.21000000000000002
            ],
            "goal_quat": [
                0.9791251746879102,
                0.0,
                0.0,
                0.20325819120608474
            ],
            "shape": [
                0.13,
                0.2,
                0.32
            ],
            "start_pos": [
                0.29171163905722086,
                -0.26770682373775245,
                0.21000000000000002
            ],
            "start_quat": [
                0.9978697090503701,
                0.0,
                0.0,
                0.06523836110548527
            ]
        },
        {
            "goal_pos": [
                -0.20933033987047567,
                -0.32535224394049034,
                0.10500000000000001
            ],
            "goal_quat": [
                0.4227905846839321,
                -0.0,
                -0.0,
                -0.9062274115820039
            ],
            "shape": [
                0.05,
                0.19,
                0.11
            ],
            "start_pos": [
                0.038921581022591745,
                -0.4730394584544807,
                0.10500000000000001
            ],
            "start_quat": [
                0.20626554273717784,
                -0.0,
                -0.0,
                -0.978496053072948
            ]
        },
        {
            "goal_pos": [
                -0.4862562289072948,
                -0.3764683575500378,
                0.19
            ],
            "goal_quat": [
                0.8807235229984665,
                0.0,
                0.0,
                0.4736307380620158
            ],
            "shape": [
                0.2,
                0.21,
                0.28
            ],
            "start_pos": [
                -0.5916296631819074,
                -0.7057213268124429,
                0.19
            ],
            "start_quat": [
                0.6018172160957972,
                0.0,
                0.0,
                0.7986338575409287
            ]
        }
    ]
}