{
    "objects": [
        {
            "goal_pos": [
                -0.14267387796114928,
                -0.812056588756632,
                0.07500000000000001
            ],
            "goal_quat": [
                0.13815601075951592,
                0.0,
                0.0,
                0.9904104788879289
            ],
            "shape": [
                0.03,
                0.3,
                0.05
            ],
            "start_pos": [
                0.3898579704382023,
                0.31095971068380107,
                0.15100000000000002
            ],
            "start_quat": [
                0.23137412545430092,
                -0.0,
                -0.0,
                -0.9728648488203577
            ]
        },
        {
            "goal_pos": [
                0.8657227103991905,
                -0.5785779374125963,
                0.07500000000000001
            ],
            "goal_quat": [
                0.011890562084246785,
                0.0,
                0.0,
                0.9999293047677524
            ],
            "shape": [
                0.03,
                0.3,
                0.05
            ],
            "start_pos": [
                -0.39624668414855047,
                0.2530362570905266,
                0.551
            ],
            "start_quat": [
                0.0745540335294442,
                -0.0,
                -0.0,
                -0.9972169754293648
            ]
        },
        {
            "goal_pos": [
                0.6794290836573179,
                -0.8650553763138726,
                0.07500000000000001
            ],
            "goal_quat": [
                0.915288105757544,
                -0.0,
                -0.0,
                -0.402799805683626
            ],
            "shape": [
                0.03,
                0.3,
                0.05
            ],
            "start_pos": [
                -0.00233306906179501,
                0.31723519545766216,
                0.15100000000000002
            ],
            "start_quat": [
                0.8835510133354613,
                -0.0,
                -0.0,
                -0.46833493018765915
            ]
        },
        {
            "goal_pos": [
                -0.5758575215998246,
                -0.9176244002304728,
                0.07500000000000001
            ],
            "goal_quat": [
                0.9988545642958996,
                -0.0,
                -0.0,
                -0.047849340489170465
            ],
            "shape": [
                0.03,
                0.3,
                0.05
            ],
            "start_pos": [
                -0.008913551050558471,
                0.26279230051187374,
                0.551
            ],
            "start_quat": [
                0.987241133926533,
                -0.0,
                -0.0,
                -0.15923235689850643
            ]
        }
    ]
}