{
    "objects": [
        {
            "goal_pos": [
                -0.5474610618454969,
                -0.5830169595105055,
                0.15000000000000002
            ],
            "goal_quat": [
                0.7376818764370904,
                0.0,
                0.0,
                0.6751484645440982
            ],
            "shape": [
                0.33,
                0.06,
                0.2
            ],
            "start_pos": [
                -0.048264566787045396,
                -0.346268759654917,
                0.15000000000000002
            ],
            "start_quat": [
                0.05727923094647441,
                -0.0,
                -0.0,
                -0.998358197092697
            ]
        },
        {
            "goal_pos": [
                0.478059999673446,
                -0.4478450827669699,
                0.22999999999999998
            ],
            "goal_quat": [
                0.6853720236239864,
                -0.0,
                -0.0,
                -0.7281930988642792
            ],
            "shape": [
                0.08,
                0.2,
                0.36
            ],
            "start_pos": [
                0.19169069982913137,
                -0.5050180125704447,
                0.22999999999999998
            ],
            "start_quat": [
                0.8287474322148931,
                -0.0,
                -0.0,
                -0.5596228136854512
            ]
        }
    ]
}