{
    "objects": [
        {
            "goal_pos": [
                -0.4185438436468197,
                -0.832831506607104,
                0.085
            ],
            "goal_quat": [
                0.8098098076760973,
                0.0,
                0.0,
                0.5866924879283885
            ],
            "shape": [
                0.26,
                0.21,
                0.07
            ],
            "start_pos": [
                0.8054597433305448,
                0.6065670070192068,
                0.085
            ],
            "start_quat": [
                0.720958166989855,
                0.0,
                0.0,
                0.692978586574382
            ]
        },
        {
            "goal_pos": [
                -0.38718477870751244,
                0.4002000460824563,
                0.245
            ],
            "goal_quat": [
                0.0534057791175516,
                -0.0,
                -0.0,
                -0.9985728930613165
            ],
            "shape": [
                0.32,
                0.13,
                0.39
            ],
            "start_pos": [
                -0.8441606876557577,
                -0.6471211486778928,
                0.245
            ],
            "start_quat": [
                0.12266381162229183,
                -0.0,
                -0.0,
                -0.9924482804248748
            ]
        }
    ]
}