{
    "objects": [
        {
            "goal_pos": [
                0.9211670049175806,
                -0.06350264294330871,
                0.14500000000000002
            ],
            "goal_quat": [
                0.7609077240562442,
                0.0,
                0.0,
                0.648860104700194
            ],
            "shape": [
                0.15,
                0.05,
                0.19
            ],
            "start_pos": [
                0.1179004034910856,
                0.8164502669508351,
                0.14500000000000002
            ],
            "start_quat": [
                0.7703615329514907,
                0.0,
                0.0,
                0.6376073310028902
            ]
        }
    ]
}