{
    "objects": [
        {
            "goal_pos": [
                0.35575834348394,
                -0.9834237306930511,
                0.07500000000000001
            ],
            "goal_quat": [
                0.9697739484345446,
                0.0,
                0.0,
                0.24400510022881353
            ],
            "shape": [
                0.03,
                0.3,
                0.05
            ],
            "start_pos": [
                0.4019027898382413,
                0.3109485234176535,
                0.15100000000000002
            ],
            "start_quat": [
                0.5690241838066356,
                -0.0,
                -0.0,
                -0.822320787918676
            ]
        },
        {
            "goal_pos": [
                0.9895957950580586,
                -0.334337634627836,
                0.07500000000000001
            ],
            "goal_quat": [
                0.7110898571486771,
                0.0,
                0.0,
                0.7031011414158521
            ],
            "shape": [
                0.03,
                0.3,
                0.05
            ],
            "start_pos": [
                -0.40874560136612353,
                0.28324520493979244,
                0.551
            ],
            "start_quat": [
                0.9717369641524916,
                0.0,
                0.0,
                0.23606624599823514
            ]
        },
        {
            "goal_pos": [
                0.7343289138721958,
                -0.8619759048621161,
                0.07500000000000001
            ],
            "goal_quat": [
                0.656662518592817,
                0.0,
                0.0,
                0.7541845508065902
            ],
            "shape": [
                0.03,
                0.3,
                0.05
            ],
            "start_pos": [
                -0.0114022399943251,
                0.3210244924010643,
                0.15100000000000002
            ],
            "start_quat": [
                0.8539382889585467,
                0.0,
                0.0,
                0.5203742870766671
            ]
        }
    ]
}