{
    "objects": [
        {
            "goal_pos": [
                0.3078757623174123,
                -0.37799281337200297,
                0.135
            ],
            "goal_quat": [
                0.9142596914218493,
                0.0,
                0.0,
                0.40512864208942934
            ],
            "shape": [
                0.23,
                0.31,
                0.17
            ],
            "start_pos": [
                -0.4950147843356814,
                -0.43117150840428864,
                0.135
            ],
            "start_quat": [
                0.971867754566089,
                0.0,
                0.0,
                0.2355272120895338
            ]
        },
        {
            "goal_pos": [
                0.05633820222113482,
                -0.5075651119115092,
                0.165
            ],
            "goal_quat": [
                0.7754943072462465,
                -0.0,
                -0.0,
                -0.6313545592047818
            ],
            "shape": [
                0.09,
                0.11,
                0.23
            ],
            "start_pos": [
                -0.07352722444107149,
                -0.4485209024222462,
                0.165
            ],
            "start_quat": [
                0.9376361511310829,
                0.0,
                0.0,
                0.3476182505164094
            ]
        }
    ]
}