{
    "objects": [
        {
            "goal_pos": [
                0.10686158706251381,
                -0.7683520548446576,
                0.07500000000000001
            ],
            "goal_quat": [
                0.22977792967864352,
                -0.0,
                -0.0,
                -0.9732430852734564
            ],
            "shape": [
                0.03,
                0.3,
                0.05
            ],
            "start_pos": [
                0.4219392275029231,
                0.2984460008744448,
                0.15100000000000002
            ],
            "start_quat": [
                0.38076665772183094,
                -0.0,
                -0.0,
                -0.9246711590437684
            ]
        },
        {
            "goal_pos": [
                -0.9980839302276908,
                -0.4111792442548217,
                0.07500000000000001
            ],
            "goal_quat": [
                0.01175902721378229,
                -0.0,
                -0.0,
                -0.9999308602493402
            ],
            "shape": [
                0.03,
                0.3,
                0.05
            ],
            "start_pos": [
                -0.3976125774167294,
                0.3350725779177824,
                0.551
            ],
            "start_quat": [
                0.3903286351186846,
                -0.0,
                -0.0,
                -0.9206755979205622
            ]
        }
    ]
}