{
    "objects": [
        {
            "goal_pos": [
                -1.0708649451791465,
                0.4736583835705278,
                0.10500000000000001
            ],
            "goal_quat": [
                0.9949804353125922,
                0.0,
                0.0,
                0.10006964247545076
            ],
            "shape": [
                0.18,
                0.08,
                0.11
            ],
            "start_pos": [
                -0.08078164844663843,
                -0.24747953801145708,
                0.10500000000000001
            ],
            "start_quat": [
                0.09646555700655625,
                -0.0,
                -0.0,
                -0.9953363232151305
            ]
        },
        {
            "goal_pos": [
                0.9344160425293326,
                0.644577872853281,
                0.1
            ],
            "goal_quat": [
                0.8849768371438438,
                0.0,
                0.0,
                0.465635047777633
            ],
            "shape": [
                0.1,
                0.11,
                0.1
            ],
            "start_pos": [
                0.18640897905620202,
                -0.9645284107056852,
                0.1
            ],
            "start_quat": [
                0.11673790487123296,
                0.0,
                0.0,
                0.9931627568360963
            ]
        }
    ]
}