{
    "objects": [
        {
            "goal_pos": [
                -0.4936825460430566,
                -0.9776963239787269,
                0.07500000000000001
            ],
            "goal_quat": [
                0.11592283272342686,
                -0.0,
                -0.0,
                -0.993258222645741
            ],
            "shape": [
                0.03,
                0.3,
                0.05
            ],
            "start_pos": [
                0.4061285299505021,
                0.29910100209519563,
                0.15100000000000002
            ],
            "start_quat": [
                0.4296414608436907,
                -0.0,
                -0.0,
                -0.9029995654063735
            ]
        },
        {
            "goal_pos": [
                0.7337120140616964,
                -0.7169039794100487,
                0.07500000000000001
            ],
            "goal_quat": [
                0.8509986745075325,
                -0.0,
                -0.0,
                -0.5251678360166611
            ],
            "shape": [
                0.03,
                0.3,
                0.05
            ],
            "start_pos": [
                -0.3896670823459347,
                0.29157835559856715,
                0.551
            ],
            "start_quat": [
                0.6457627653010095,
                -0.0,
                -0.0,
                -0.7635381136202654
            ]
        }
    ]
}