{
    "objects": [
        {
            "goal_pos": [
                0.384055062847108,
                -0.8961886100468845,
                0.07500000000000001
            ],
            "goal_quat": [
                0.7289342709926558,
                0.0,
                0.0,
                0.6845836899696087
            ],
            "shape": [
                0.03,
                0.3,
                0.05
            ],
            "start_pos": [
                0.38727994579565045,
                0.3429602766298106,
                0.15100000000000002
            ],
            "start_quat": [
                0.957642370002697,
                -0.0,
                -0.0,
                -0.2879602249888298
            ]
        },
        {
            "goal_pos": [
                -0.7082600994810404,
                -0.8251740299487316,
                0.07500000000000001
            ],
            "goal_quat": [
                0.23648266997494902,
                0.0,
                0.0,
                0.9716357068374543
            ],
            "shape": [
                0.03,
                0.3,
                0.05
            ],
            "start_pos": [
                -0.41760403558064574,
                0.3200119498065297,
                0.551
            ],
            "start_quat": [
                0.9436602845042951,
                0.0,
                0.0,
                0.33091580114777364
            ]
        },
        {
            "goal_pos": [
                -0.10057943520924023,
                -0.7361324458789558,
                0.07500000000000001
            ],
            "goal_quat": [
                0.9044366659530476,
                -0.0,
                -0.0,
                -0.426607919851162
            ],
            "shape": [
                0.03,
                0.3,
                0.05
            ],
            "start_pos": [
                -0.017249057006879856,
                0.28806252911444036,
                0.15100000000000002
            ],
            "start_quat": [
                0.8768320022098244,
                0.0,
                0.0,
                0.4807968800862902
            ]
        },
        {
            "goal_pos": [
                -1.0581426365497737,
                -0.5316491959324525,
                0.07500000000000001
            ],
            "goal_quat": [
                0.4610385196950951,
                -0.0,
                -0.0,
                -0.8873801233729294
            ],
            "shape": [
                0.03,
                0.3,
                0.05
            ],
            "start_pos": [
                0.01956896740473664,
                0.33513382890873245,
                0.551
            ],
            "start_quat": [
                0.8474045675269436,
                -0.0,
                -0.0,
                -0.5309477365376688
            ]
        }
    ]
}