{
    "objects": [
        {
            "goal_pos": [
                -1.232155283826776,
                -1.1680393279478438,
                0.085
            ],
            "goal_quat": [
                0.46681356564982845,
                0.0,
                0.0,
                0.8843557513383928
            ],
            "shape": [
                0.26,
                0.11,
                0.07
            ],
            "start_pos": [
                -0.11384518979985414,
                -0.08629091472646683,
                0.085
            ],
            "start_quat": [
                0.9779961808006908,
                0.0,
                0.0,
                0.20862279439040776
            ]
        },
        {
            "goal_pos": [
                1.4780742423612385,
                0.6620483137929993,
                0.10500000000000001
            ],
            "goal_quat": [
                0.5581758830821668,
                0.0,
                0.0,
                0.8297226545933546
            ],
            "shape": [
                0.36,
                0.13,
                0.11
            ],
            "start_pos": [
                1.106869883427559,
                -0.5403547812579085,
                0.10500000000000001
            ],
            "start_quat": [
                0.7872433966478907,
                0.0,
                0.0,
                0.6166423878021133
            ]
        }
    ]
}