{
    "objects": [
        {
            "goal_pos": [
                0.4643012309474621,
                -0.4119819126929761,
                0.22999999999999998
            ],
            "goal_quat": [
                0.12969081429215945,
                -0.0,
                -0.0,
                -0.9915544829651252
            ],
            "shape": [
                0.31,
                0.23,
                0.36
            ],
            "start_pos": [
                -0.5267505445895455,
                -0.45691494813183386,
                0.22999999999999998
            ],
            "start_quat": [
                0.981274521657908,
                0.0,
                0.0,
                0.19261441572489826
            ]
        }
    ]
}