{
    "objects": [
        {
            "goal_pos": [
                -1.087178078268128,
                -0.7957937827355355,
                0.125
            ],
            "goal_quat": [
                0.12286932633010245,
                -0.0,
                -0.0,
                -0.9924228577814936
            ],
            "shape": [
                0.05,
                0.18,
                0.15
            ],
            "start_pos": [
                0.12104355745749501,
                -0.06775967966131252,
                0.125
            ],
            "start_quat": [
                0.0687447538441816,
                0.0,
                0.0,
                0.9976342810964862
            ]
        },
        {
            "goal_pos": [
                1.0135105305590457,
                0.6406720571369983,
                0.09
            ],
            "goal_quat": [
                0.5123484239642783,
                -0.0,
                -0.0,
                -0.858777673476273
            ],
            "shape": [
                0.18,
                0.15,
                0.08
            ],
            "start_pos": [
                -0.24861039299722526,
                0.9629712257274982,
                0.09
            ],
            "start_quat": [
                0.741484537330296,
                0.0,
                0.0,
                0.6709699552886679
            ]
        },
        {
            "goal_pos": [
                1.0145226081782481,
                -1.0095970775838845,
                0.115
            ],
            "goal_quat": [
                0.23144079528679656,
                -0.0,
                -0.0,
                -0.9728489904795169
            ],
            "shape": [
                0.15,
                0.11,
                0.13
            ],
            "start_pos": [
                0.15720218240386413,
                -0.9962250555834581,
                0.115
            ],
            "start_quat": [
                0.1285032707831078,
                0.0,
                0.0,
                0.9917090850637819
            ]
        },
        {
            "goal_pos": [
                -1.0595251730047015,
                0.8672977275278229,
                0.135
            ],
            "goal_quat": [
                0.43356067702954154,
                -0.0,
                -0.0,
                -0.9011243750635567
            ],
            "shape": [
                0.18,
                0.15,
                0.17
            ],
            "start_pos": [
                0.3223136268064117,
                0.012755956570997318,
                0.135
            ],
            "start_quat": [
                0.9986949215674847,
                0.0,
                0.0,
                0.051073022578613875
            ]
        }
    ]
}