{
    "objects": [
        {
            "goal_pos": [
                0.3448311908506532,
                -0.9520860879620732,
                0.07500000000000001
            ],
            "goal_quat": [
                0.5581846289790479,
                0.0,
                0.0,
                0.8297167709354335
            ],
            "shape": [
                0.03,
                0.3,
                0.05
            ],
            "start_pos": [
                0.39863965060473455,
                0.32487997238546296,
                0.15100000000000002
            ],
            "start_quat": [
                0.9321750359471014,
                0.0,
                0.0,
                0.36200787609804863
            ]
        },
        {
            "goal_pos": [
                -1.0011284655936272,
                -0.3960459094412264,
                0.07500000000000001
            ],
            "goal_quat": [
                0.9991423226910361,
                0.0,
                0.0,
                0.04140795826361706
            ],
            "shape": [
                0.03,
                0.3,
                0.05
            ],
            "start_pos": [
                -0.40721972342174545,
                0.3225328549438652,
                0.551
            ],
            "start_quat": [
                0.9967808953390448,
                0.0,
                0.0,
                0.08017385288915725
            ]
        },
        {
            "goal_pos": [
                0.8806900517741335,
                -0.7219927304681606,
                0.07500000000000001
            ],
            "goal_quat": [
                0.6280704223473393,
                0.0,
                0.0,
                0.7781565039067879
            ],
            "shape": [
                0.03,
                0.3,
                0.05
            ],
            "start_pos": [
                0.002391296419866625,
                0.3261101297184853,
                0.15100000000000002
            ],
            "start_quat": [
                0.32405690441938334,
                0.0,
                0.0,
                0.9460375905312255
            ]
        }
    ]
}