{
    "objects": [
        {
            "goal_pos": [
                -0.7875712060282511,
                -0.7524916730000007,
                0.07500000000000001
            ],
            "goal_quat": [
                0.49823315727971856,
                -0.0,
                -0.0,
                -0.867043090617233
            ],
            "shape": [
                0.03,
                0.3,
                0.05
            ],
            "start_pos": [
                0.4240219960241164,
                0.28636429464418733,
                0.15100000000000002
            ],
            "start_quat": [
                0.9013445063069204,
                0.0,
                0.0,
                0.43310285262317755
            ]
        },
        {
            "goal_pos": [
                0.9283528747098693,
                -0.3881183675423244,
                0.07500000000000001
            ],
            "goal_quat": [
                0.9779944524405715,
                -0.0,
                -0.0,
                -0.20863089655050326
            ],
            "shape": [
                0.03,
                0.3,
                0.05
            ],
            "start_pos": [
                -0.4025396467801635,
                0.3427049238988846,
                0.551
            ],
            "start_quat": [
                0.19458164231530728,
                -0.0,
                -0.0,
                -0.9808863259694661
            ]
        },
        {
            "goal_pos": [
                -0.49795593322127024,
                -0.8568215468542639,
                0.07500000000000001
            ],
            "goal_quat": [
                0.3174942216046852,
                0.0,
                0.0,
                0.9482602065085485
            ],
            "shape": [
                0.03,
                0.3,
                0.05
            ],
            "start_pos": [
                -0.013274807494120284,
                0.28699655947477537,
                0.15100000000000002
            ],
            "start_quat": [
                0.7674070328148929,
                0.0,
                0.0,
                0.6411602342521266
            ]
        }
    ]
}