{
    "objects": [
        {
            "goal_pos": [
                0.279818788863507,
                -0.37838493162955655,
                0.25
            ],
            "goal_quat": [
                0.266914964450829,
                -0.0,
                -0.0,
                -0.9637200847508641
            ],
            "shape": [
                0.28,
                0.15,
                0.4
            ],
            "start_pos": [
                -0.08312032987092496,
                -0.42182298752603065,
                0.25
            ],
            "start_quat": [
                0.9407837912473014,
                -0.0,
                -0.0,
                -0.3390071653023783
            ]
        }
    ]
}