{
    "objects": [
        {
            "goal_pos": [
                -0.21863160953842004,
                -0.8167742638731956,
                0.07500000000000001
            ],
            "goal_quat": [
                0.9692255980030483,
                -0.0,
                -0.0,
                -0.24617420696659809
            ],
            "shape": [
                0.03,
                0.3,
                0.05
            ],
            "start_pos": [
                0.4070625776525709,
                0.3258523136388987,
                0.15100000000000002
            ],
            "start_quat": [
                0.9241262455319895,
                -0.0,
                -0.0,
                -0.3820872705534025
            ]
        },
        {
            "goal_pos": [
                -1.050111356870664,
                -0.4482381172919016,
                0.07500000000000001
            ],
            "goal_quat": [
                0.2361076352172713,
                -0.0,
                -0.0,
                -0.9717269084429575
            ],
            "shape": [
                0.03,
                0.3,
                0.05
            ],
            "start_pos": [
                -0.3864761121941248,
                0.3302047312935589,
                0.551
            ],
            "start_quat": [
                0.3824704972130001,
                0.0,
                0.0,
                0.9239677043932004
            ]
        }
    ]
}