{
    "objects": [
        {
            "goal_pos": [
                -0.09329469105940633,
                -0.40006228230038,
                0.18
            ],
            "goal_quat": [
                0.1670288611006161,
                0.0,
                0.0,
                0.9859520067221482
            ],
            "shape": [
                0.05,
                0.08,
                0.26
            ],
            "start_pos": [
                -0.19374576223837783,
                -0.43396662386745277,
                0.18
            ],
            "start_quat": [
                0.9998667793841189,
                -0.0,
                -0.0,
                -0.01632248400304178
            ]
        },
        {
            "goal_pos": [
                0.290981375686731,
                -0.4394937993417174,
                0.175
            ],
            "goal_quat": [
                0.3774600786061036,
                0.0,
                0.0,
                0.926025857662017
            ],
            "shape": [
                0.3,
                0.07,
                0.25
            ],
            "start_pos": [
                -0.7528476142671824,
                -0.6714209025498643,
                0.175
            ],
            "start_quat": [
                0.2380703016804289,
                0.0,
                0.0,
                0.971247924815178
            ]
        },
        {
            "goal_pos": [
                -0.47019527421979596,
                -0.5484702063634588,
                0.085
            ],
            "goal_quat": [
                0.22327174820792126,
                -0.0,
                -0.0,
                -0.9747562395041022
            ],
            "shape": [
                0.19,
                0.24,
                0.07
            ],
            "start_pos": [
                0.7030909333474118,
                -0.6627712224163114,
                0.085
            ],
            "start_quat": [
                0.9986972051339318,
                0.0,
                0.0,
                0.051028349548789716
            ]
        }
    ]
}