{
    "objects": [
        {
            "goal_pos": [
                0.7178282326872627,
                -0.7456926247142647,
                0.07500000000000001
            ],
            "goal_quat": [
                0.5393796814532628,
                0.0,
                0.0,
                0.842062681298356
            ],
            "shape": [
                0.03,
                0.3,
                0.05
            ],
            "start_pos": [
                0.41554639047384867,
                0.26096004583047044,
                0.15100000000000002
            ],
            "start_quat": [
                0.6835937852494747,
                -0.0,
                -0.0,
                -0.7298626835016948
            ]
        },
        {
            "goal_pos": [
                -0.902059229308956,
                -0.6308285940517901,
                0.07500000000000001
            ],
            "goal_quat": [
                0.37603809566120133,
                0.0,
                0.0,
                0.9266042038602551
            ],
            "shape": [
                0.03,
                0.3,
                0.05
            ],
            "start_pos": [
                -0.39641407272058726,
                0.27634761235069005,
                0.551
            ],
            "start_quat": [
                0.8661769822851432,
                0.0,
                0.0,
                0.499737366382986
            ]
        },
        {
            "goal_pos": [
                -0.5772226253154129,
                -0.9218939376993192,
                0.07500000000000001
            ],
            "goal_quat": [
                0.9207474515130866,
                -0.0,
                -0.0,
                -0.39015910925179775
            ],
            "shape": [
                0.03,
                0.3,
                0.05
            ],
            "start_pos": [
                -0.01897301039901366,
                0.27278920229332104,
                0.15100000000000002
            ],
            "start_quat": [
                0.6150311514845597,
                0.0,
                0.0,
                0.7885028108406315
            ]
        }
    ]
}