{
    "objects": [
        {
            "goal_pos": [
                -0.5545359092080664,
                -0.5016648574431747,
                0.13
            ],
            "goal_quat": [
                0.22363007649710387,
                0.0,
                0.0,
                0.9746740936774196
            ],
            "shape": [
                0.08,
                0.36,
                0.16
            ],
            "start_pos": [
                0.6482213008891996,
                -0.6100033876262909,
                0.13
            ],
            "start_quat": [
                0.4617268404487588,
                0.0,
                0.0,
                0.8870221670337255
            ]
        },
        {
            "goal_pos": [
                0.1550744569914586,
                -0.4806467510764496,
                0.11
            ],
            "goal_quat": [
                0.7897307705125961,
                -0.0,
                -0.0,
                -0.6134535924628539
            ],
            "shape": [
                0.07,
                0.08,
                0.12
            ],
            "start_pos": [
                0.16372973751631975,
                -0.3471395914671811,
                0.11
            ],
            "start_quat": [
                0.6234587740108636,
                0.0,
                0.0,
                0.7818562253438102
            ]
        },
        {
            "goal_pos": [
                -0.22282145068339526,
                -0.3074268815540472,
                0.21000000000000002
            ],
            "goal_quat": [
                0.23207065794963214,
                -0.0,
                -0.0,
                -0.9726989306660231
            ],
            "shape": [
                0.15,
                0.06,
                0.32
            ],
            "start_pos": [
                0.2972750855466037,
                -0.5490573542662553,
                0.21000000000000002
            ],
            "start_quat": [
                0.716411071137467,
                0.0,
                0.0,
                0.6976784195828815
            ]
        }
    ]
}