{
    "objects": [
        {
            "goal_pos": [
                0.12995093499656496,
                -0.7655206648927455,
                0.07500000000000001
            ],
            "goal_quat": [
                0.8295799245125092,
                0.0,
                0.0,
                0.5583879913159124
            ],
            "shape": [
                0.03,
                0.3,
                0.05
            ],
            "start_pos": [
                0.39390699901747844,
                0.3375889639459745,
                0.15100000000000002
            ],
            "start_quat": [
                0.0744360764972682,
                0.0,
                0.0,
                0.9972257871293205
            ]
        },
        {
            "goal_pos": [
                -0.22255431522746874,
                -0.8969080183290614,
                0.07500000000000001
            ],
            "goal_quat": [
                0.5378196608196625,
                0.0,
                0.0,
                0.8430599103479083
            ],
            "shape": [
                0.03,
                0.3,
                0.05
            ],
            "start_pos": [
                -0.42030621714823774,
                0.3295985425540652,
                0.551
            ],
            "start_quat": [
                0.522890508750787,
                0.0,
                0.0,
                0.8523998567916017
            ]
        },
        {
            "goal_pos": [
                -1.0211877710440824,
                -0.34566731942504886,
                0.07500000000000001
            ],
            "goal_quat": [
                0.9718176849428757,
                -0.0,
                -0.0,
                -0.2357337210334356
            ],
            "shape": [
                0.03,
                0.3,
                0.05
            ],
            "start_pos": [
                -0.02215144633296803,
                0.32767245135443857,
                0.15100000000000002
            ],
            "start_quat": [
                0.21731592235044933,
                -0.0,
                -0.0,
                -0.9761013215301849
            ]
        },
        {
            "goal_pos": [
                0.46751763272349556,
                -0.9387826694912662,
                0.07500000000000001
            ],
            "goal_quat": [
                0.5860231709739804,
                0.0,
                0.0,
                0.810294294118872
            ],
            "shape": [
                0.03,
                0.3,
                0.05
            ],
            "start_pos": [
                -0.023618697347015785,
                0.2758480989183311,
                0.551
            ],
            "start_quat": [
                0.757284580033347,
                0.0,
                0.0,
                0.6530850364567522
            ]
        }
    ]
}