{
    "objects": [
        {
            "goal_pos": [
                -0.03555794362694242,
                -0.7707622375664474,
                0.07500000000000001
            ],
            "goal_quat": [
                0.47426670803642496,
                0.0,
                0.0,
                0.8803812183641201
            ],
            "shape": [
                0.03,
                0.3,
                0.05
            ],
            "start_pos": [
                0.41584529522417857,
                0.33424233472537174,
                0.15100000000000002
            ],
            "start_quat": [
                0.1255979515407226,
                0.0,
                0.0,
                0.9920812237759438
            ]
        },
        {
            "goal_pos": [
                -0.961795158514873,
                -0.5200850976628086,
                0.07500000000000001
            ],
            "goal_quat": [
                0.8330636947550809,
                0.0,
                0.0,
                0.5531770787740697
            ],
            "shape": [
                0.03,
                0.3,
                0.05
            ],
            "start_pos": [
                -0.38360908210479516,
                0.3219268521934184,
                0.551
            ],
            "start_quat": [
                0.5800975278554779,
                0.0,
                0.0,
                0.8145470263747595
            ]
        },
        {
            "goal_pos": [
                0.6787171105557024,
                -0.7803473985136545,
                0.07500000000000001
            ],
            "goal_quat": [
                0.9999988968143845,
                0.0,
                0.0,
                0.0014853854765639373
            ],
            "shape": [
                0.03,
                0.3,
                0.05
            ],
            "start_pos": [
                -0.014438094872954294,
                0.3238639178654689,
                0.15100000000000002
            ],
            "start_quat": [
                0.20831367779333496,
                0.0,
                0.0,
                0.978062069423109
            ]
        },
        {
            "goal_pos": [
                0.9417631732458838,
                -0.4570896130181743,
                0.07500000000000001
            ],
            "goal_quat": [
                0.9837192584817767,
                -0.0,
                -0.0,
                -0.1797120488227303
            ],
            "shape": [
                0.03,
                0.3,
                0.05
            ],
            "start_pos": [
                -0.021810777698294637,
                0.287630834697148,
                0.551
            ],
            "start_quat": [
                0.6843874529329066,
                0.0,
                0.0,
                0.7291185186703246
            ]
        }
    ]
}