{
    "objects": [
        {
            "goal_pos": [
                0.16302076926917136,
                -0.8944005133921588,
                0.21000000000000002
            ],
            "goal_quat": [
                0.9895205702851633,
                -0.0,
                -0.0,
                -0.14439196993782363
            ],
            "shape": [
                0.21,
                0.32,
                0.32
            ],
            "start_pos": [
                -1.399896264236047,
                -0.22625681156402505,
                0.21000000000000002
            ],
            "start_quat": [
                0.9095263447151165,
                0.0,
                0.0,
                0.4156462778242565
            ]
        },
        {
            "goal_pos": [
                0.2547345327634807,
                0.24234587740609725,
                0.235
            ],
            "goal_quat": [
                0.9038375847747278,
                -0.0,
                -0.0,
                -0.4278757066585889
            ],
            "shape": [
                0.18,
                0.18,
                0.37
            ],
            "start_pos": [
                0.03311460459667381,
                0.7984156864430898,
                0.235
            ],
            "start_quat": [
                0.5664676364694857,
                -0.0,
                -0.0,
                -0.8240839865163468
            ]
        }
    ]
}