{
    "objects": [
        {
            "goal_pos": [
                -0.837741960422818,
                -0.7237361296113641,
                0.07500000000000001
            ],
            "goal_quat": [
                0.918106076694725,
                -0.0,
                -0.0,
                -0.3963347473237992
            ],
            "shape": [
                0.03,
                0.3,
                0.05
            ],
            "start_pos": [
                0.4239140551416859,
                0.2979202461425834,
                0.15100000000000002
            ],
            "start_quat": [
                0.871273899338982,
                0.0,
                0.0,
                0.4907970989427763
            ]
        },
        {
            "goal_pos": [
                0.9942605896080806,
                -0.31996663485848387,
                0.07500000000000001
            ],
            "goal_quat": [
                0.2868317232990887,
                0.0,
                0.0,
                0.9579809823317346
            ],
            "shape": [
                0.03,
                0.3,
                0.05
            ],
            "start_pos": [
                -0.40336175140651886,
                0.30371676650509855,
                0.551
            ],
            "start_quat": [
                0.11025457166317307,
                -0.0,
                -0.0,
                -0.9939033803279724
            ]
        },
        {
            "goal_pos": [
                0.8489955568707386,
                -0.6818555088691052,
                0.07500000000000001
            ],
            "goal_quat": [
                0.527861925683544,
                0.0,
                0.0,
                0.8493301992827411
            ],
            "shape": [
                0.03,
                0.3,
                0.05
            ],
            "start_pos": [
                -0.00572653275597847,
                0.28422872367967883,
                0.15100000000000002
            ],
            "start_quat": [
                0.8385593170258032,
                0.0,
                0.0,
                0.5448103081157867
            ]
        }
    ]
}