{
    "objects": [
        {
            "goal_pos": [
                -0.9962470096938754,
                -0.4203333398786442,
                0.07500000000000001
            ],
            "goal_quat": [
                0.9656935081659263,
                0.0,
                0.0,
                0.25968451683954136
            ],
            "shape": [
                0.03,
                0.3,
                0.05
            ],
            "start_pos": [
                0.42277522307762055,
                0.34745313142077716,
                0.15100000000000002
            ],
            "start_quat": [
                0.9360078684398121,
                0.0,
                0.0,
                0.3519790763934122
            ]
        },
        {
            "goal_pos": [
                0.029484268140329728,
                -0.8306690155860827,
                0.07500000000000001
            ],
            "goal_quat": [
                0.9995981019102648,
                -0.0,
                -0.0,
                -0.028348450705389827
            ],
            "shape": [
                0.03,
                0.3,
                0.05
            ],
            "start_pos": [
                -0.3869250847872756,
                0.33104630517724876,
                0.551
            ],
            "start_quat": [
                0.9992104369478411,
                -0.0,
                -0.0,
                -0.03973037496053261
            ]
        },
        {
            "goal_pos": [
                0.7410396955213595,
                -0.8597600148992466,
                0.07500000000000001
            ],
            "goal_quat": [
                0.9330057384748448,
                0.0,
                0.0,
                0.35986148998331213
            ],
            "shape": [
                0.03,
                0.3,
                0.05
            ],
            "start_pos": [
                -0.023644129253030943,
                0.2802193524901548,
                0.15100000000000002
            ],
            "start_quat": [
                0.515539129783864,
                -0.0,
                -0.0,
                -0.8568660371736624
            ]
        }
    ]
}