{
    "objects": [
        {
            "goal_pos": [
                -0.580172421557642,
                -0.9201325724643434,
                0.07500000000000001
            ],
            "goal_quat": [
                0.6798789458520684,
                0.0,
                0.0,
                0.7333243613757013
            ],
            "shape": [
                0.03,
                0.3,
                0.05
            ],
            "start_pos": [
                0.4027204675597209,
                0.2822087723596833,
                0.15100000000000002
            ],
            "start_quat": [
                0.9480189442721644,
                -0.0,
                -0.0,
                -0.3182138923760099
            ]
        },
        {
            "goal_pos": [
                0.7517930489412468,
                -0.7382048926847834,
                0.07500000000000001
            ],
            "goal_quat": [
                0.9813014081374191,
                0.0,
                0.0,
                0.1924773918867316
            ],
            "shape": [
                0.03,
                0.3,
                0.05
            ],
            "start_pos": [
                -0.4045642327843798,
                0.26260528945188966,
                0.551
            ],
            "start_quat": [
                0.6711029999859022,
                0.0,
                0.0,
                0.7413641233630894
            ]
        },
        {
            "goal_pos": [
                -1.013268431667052,
                -0.37122862785134775,
                0.07500000000000001
            ],
            "goal_quat": [
                0.5765367550524666,
                -0.0,
                -0.0,
                -0.8170712148115195
            ],
            "shape": [
                0.03,
                0.3,
                0.05
            ],
            "start_pos": [
                0.006023388600199579,
                0.26185261110795305,
                0.15100000000000002
            ],
            "start_quat": [
                0.999393515783163,
                0.0,
                0.0,
                0.03482241534656542
            ]
        },
        {
            "goal_pos": [
                0.22270427052804173,
                -0.9635578582992477,
                0.07500000000000001
            ],
            "goal_quat": [
                0.7970577155416446,
                0.0,
                0.0,
                0.603903136351795
            ],
            "shape": [
                0.03,
                0.3,
                0.05
            ],
            "start_pos": [
                -0.02100745649640838,
                0.31573270804881726,
                0.551
            ],
            "start_quat": [
                0.9918729609536855,
                0.0,
                0.0,
                0.12723218668626565
            ]
        }
    ]
}