{
    "objects": [
        {
            "goal_pos": [
                0.0756802846771128,
                -0.8543239269541087,
                0.07500000000000001
            ],
            "goal_quat": [
                0.4620953476416081,
                -0.0,
                -0.0,
                -0.8868302485188365
            ],
            "shape": [
                0.03,
                0.3,
                0.05
            ],
            "start_pos": [
                0.4065181331029313,
                0.2911273296501711,
                0.15100000000000002
            ],
            "start_quat": [
                0.46120272924799355,
                -0.0,
                -0.0,
                -0.8872947889704987
            ]
        },
        {
            "goal_pos": [
                -0.8298766485474269,
                -0.7827787685133409,
                0.07500000000000001
            ],
            "goal_quat": [
                0.9962868553419105,
                -0.0,
                -0.0,
                -0.0860958876655964
            ],
            "shape": [
                0.03,
                0.3,
                0.05
            ],
            "start_pos": [
                -0.3959645362684429,
                0.29722883909609105,
                0.551
            ],
            "start_quat": [
                0.25774314234926626,
                -0.0,
                -0.0,
                -0.9662134715330385
            ]
        },
        {
            "goal_pos": [
                -0.2899270281402182,
                -0.9346035835161444,
                0.07500000000000001
            ],
            "goal_quat": [
                0.9993884415521493,
                0.0,
                0.0,
                0.03496774073294101
            ],
            "shape": [
                0.03,
                0.3,
                0.05
            ],
            "start_pos": [
                0.008722721956895212,
                0.3046994887954157,
                0.15100000000000002
            ],
            "start_quat": [
                0.6919461888120493,
                -0.0,
                -0.0,
                -0.7219490783902144
            ]
        },
        {
            "goal_pos": [
                0.837989821060253,
                -0.6461352350379725,
                0.07500000000000001
            ],
            "goal_quat": [
                0.153105158762176,
                -0.0,
                -0.0,
                -0.9882099019744788
            ],
            "shape": [
                0.03,
                0.3,
                0.05
            ],
            "start_pos": [
                0.004232785422306599,
                0.32096072169921364,
                0.551
            ],
            "start_quat": [
                0.5285097485367145,
                -0.0,
                -0.0,
                -0.8489272322771009
            ]
        }
    ]
}