{
    "objects": [
        {
            "goal_pos": [
                -1.2813920852505203,
                0.6087837329609046,
                0.115
            ],
            "goal_quat": [
                0.9399749051642889,
                0.0,
                0.0,
                0.34124357526755866
            ],
            "shape": [
                0.26,
                0.31,
                0.13
            ],
            "start_pos": [
                -1.1980431038293051,
                1.0648940333736856,
                0.115
            ],
            "start_quat": [
                0.23618488403110663,
                0.0,
                0.0,
                0.9717081354785565
            ]
        },
        {
            "goal_pos": [
                0.8753018520666198,
                0.28178911697761466,
                0.20500000000000002
            ],
            "goal_quat": [
                0.18730294887876114,
                0.0,
                0.0,
                0.9823021965471319
            ],
            "shape": [
                0.21,
                0.21,
                0.31
            ],
            "start_pos": [
                -0.16270658708732794,
                0.9724819949632769,
                0.20500000000000002
            ],
            "start_quat": [
                0.87989495262365,
                -0.0,
                -0.0,
                -0.4751682568811017
            ]
        },
        {
            "goal_pos": [
                -0.30439650487715914,
                -0.5239182430986877,
                0.165
            ],
            "goal_quat": [
                0.8024035273218317,
                -0.0,
                -0.0,
                -0.5967818523895331
            ],
            "shape": [
                0.21,
                0.3,
                0.23
            ],
            "start_pos": [
                -0.21575073198660533,
                -1.1622219687170028,
                0.165
            ],
            "start_quat": [
                0.9923961941409054,
                -0.0,
                -0.0,
                -0.12308449883980696
            ]
        }
    ]
}