{
    "objects": [
        {
            "goal_pos": [
                -0.8886476636578068,
                -0.0007451307389713668,
                0.13
            ],
            "goal_quat": [
                0.5913794693932692,
                -0.0,
                -0.0,
                -0.8063934047226176
            ],
            "shape": [
                0.13,
                0.2,
                0.16
            ],
            "start_pos": [
                0.18859984043228478,
                -0.8435582154398082,
                0.13
            ],
            "start_quat": [
                0.9999999296475552,
                0.0,
                0.0,
                0.00037510649774216047
            ]
        }
    ]
}