{
    "objects": [
        {
            "goal_pos": [
                -0.25570274780227126,
                -0.5530483691388626,
                0.18
            ],
            "goal_quat": [
                0.35834020728558375,
                0.0,
                0.0,
                0.9335910752800312
            ],
            "shape": [
                0.19,
                0.09,
                0.26
            ],
            "start_pos": [
                0.03970579047577297,
                -0.510168428970381,
                0.18
            ],
            "start_quat": [
                0.9825274915053772,
                0.0,
                0.0,
                0.1861175124381121
            ]
        },
        {
            "goal_pos": [
                -0.5509426810806601,
                -0.5247205433117972,
                0.235
            ],
            "goal_quat": [
                0.5450979685130669,
                0.0,
                0.0,
                0.8383723544600737
            ],
            "shape": [
                0.35000000000000003,
                0.09,
                0.37
            ],
            "start_pos": [
                0.569509977840629,
                -0.5519485201796444,
                0.235
            ],
            "start_quat": [
                0.9793318376177687,
                -0.0,
                -0.0,
                -0.20226010933499575
            ]
        },
        {
            "goal_pos": [
                -0.32223647346642814,
                -0.27142116762656743,
                0.15000000000000002
            ],
            "goal_quat": [
                0.9440066894579585,
                -0.0,
                -0.0,
                -0.3299263103461522
            ],
            "shape": [
                0.11,
                0.15,
                0.2
            ],
            "start_pos": [
                -0.05238227932932929,
                -0.29010671006001554,
                0.15000000000000002
            ],
            "start_quat": [
                0.8531526212290129,
                0.0,
                0.0,
                0.521661389111811
            ]
        }
    ]
}