{
    "objects": [
        {
            "goal_pos": [
                -0.14891921821751558,
                0.9312999052618067,
                0.25
            ],
            "goal_quat": [
                0.15007533631866232,
                0.0,
                0.0,
                0.9886745639637142
            ],
            "shape": [
                0.36,
                0.12,
                0.4
            ],
            "start_pos": [
                -0.7799637436108243,
                -0.10695949865129889,
                0.25
            ],
            "start_quat": [
                0.4261671102984671,
                0.0,
                0.0,
                0.9046444572868693
            ]
        },
        {
            "goal_pos": [
                0.7853697233783759,
                -0.7323449770460744,
                0.245
            ],
            "goal_quat": [
                0.8872876889220548,
                0.0,
                0.0,
                0.4612163885719575
            ],
            "shape": [
                0.26,
                0.31,
                0.39
            ],
            "start_pos": [
                0.9518154447799287,
                -0.20698068566594213,
                0.245
            ],
            "start_quat": [
                0.9147088700486758,
                0.0,
                0.0,
                0.4041134531963452
            ]
        }
    ]
}