{
    "objects": [
        {
            "goal_pos": [
                -0.9256179440947966,
                -0.7570574656952467,
                0.07500000000000001
            ],
            "goal_quat": [
                0.36555109918267753,
                0.0,
                0.0,
                0.9307912729964416
            ],
            "shape": [
                0.03,
                0.3,
                0.05
            ],
            "start_pos": [
                0.4227855224866189,
                0.33169370457634806,
                0.15100000000000002
            ],
            "start_quat": [
                0.026207106819384866,
                0.0,
                0.0,
                0.9996565347919041
            ]
        },
        {
            "goal_pos": [
                0.336114353156364,
                -0.99329538749094,
                0.07500000000000001
            ],
            "goal_quat": [
                0.0409152236443448,
                0.0,
                0.0,
                0.9991626216358042
            ],
            "shape": [
                0.03,
                0.3,
                0.05
            ],
            "start_pos": [
                -0.4067877209845519,
                0.29238155109513003,
                0.551
            ],
            "start_quat": [
                0.7434703252376013,
                0.0,
                0.0,
                0.6687689253330297
            ]
        }
    ]
}