{
    "objects": [
        {
            "goal_pos": [
                -0.07288225328132986,
                -0.895530078509011,
                0.07500000000000001
            ],
            "goal_quat": [
                0.9712722598723804,
                0.0,
                0.0,
                0.2379710007593344
            ],
            "shape": [
                0.03,
                0.3,
                0.05
            ],
            "start_pos": [
                0.4177458854024374,
                0.3149684451946475,
                0.15100000000000002
            ],
            "start_quat": [
                0.4183645364215625,
                0.0,
                0.0,
                0.9082792052363475
            ]
        },
        {
            "goal_pos": [
                0.6294417124648553,
                -0.8579451577383932,
                0.07500000000000001
            ],
            "goal_quat": [
                0.976476276812498,
                -0.0,
                -0.0,
                -0.21562486132726347
            ],
            "shape": [
                0.03,
                0.3,
                0.05
            ],
            "start_pos": [
                -0.3780136603118096,
                0.3277233039613152,
                0.551
            ],
            "start_quat": [
                0.8057738589466457,
                -0.0,
                -0.0,
                -0.5922233432061178
            ]
        },
        {
            "goal_pos": [
                -0.40250437251715937,
                -0.8822525837906234,
                0.07500000000000001
            ],
            "goal_quat": [
                0.35550365332702616,
                0.0,
                0.0,
                0.9346748913237894
            ],
            "shape": [
                0.03,
                0.3,
                0.05
            ],
            "start_pos": [
                -0.008769616317439307,
                0.2521985289245315,
                0.15100000000000002
            ],
            "start_quat": [
                0.505361352461231,
                0.0,
                0.0,
                0.8629078186217549
            ]
        }
    ]
}