{
    "objects": [
        {
            "goal_pos": [
                0.666582528446169,
                -0.612306104973501,
                0.22999999999999998
            ],
            "goal_quat": [
                0.9942889182971527,
                0.0,
                0.0,
                0.10672182040931402
            ],
            "shape": [
                0.37,
                0.14,
                0.36
            ],
            "start_pos": [
                0.27946147135601596,
                -0.35415338976279886,
                0.22999999999999998
            ],
            "start_quat": [
                0.33665256689059697,
                -0.0,
                -0.0,
                -0.9416289339256585
            ]
        },
        {
            "goal_pos": [
                -0.7315937019025825,
                -0.6253056571719395,
                0.22500000000000003
            ],
            "goal_quat": [
                0.5614447741639487,
                -0.0,
                -0.0,
                -0.8275142086780097
            ],
            "shape": [
                0.23,
                0.2,
                0.35000000000000003
            ],
            "start_pos": [
                -0.3878091815841621,
                -0.3996400304727795,
                0.22500000000000003
            ],
            "start_quat": [
                0.17641664605245674,
                0.0,
                0.0,
                0.984315583029956
            ]
        }
    ]
}