{
    "objects": [
        {
            "goal_pos": [
                -0.5889709309442563,
                -0.8346186740353563,
                0.07500000000000001
            ],
            "goal_quat": [
                0.994194418545035,
                -0.0,
                -0.0,
                -0.1075985972673428
            ],
            "shape": [
                0.03,
                0.3,
                0.05
            ],
            "start_pos": [
                0.37663977758030487,
                0.30570745452475817,
                0.15100000000000002
            ],
            "start_quat": [
                0.7210670272130789,
                0.0,
                0.0,
                0.6928653132219081
            ]
        },
        {
            "goal_pos": [
                0.9728295616898246,
                -0.6019529043355925,
                0.07500000000000001
            ],
            "goal_quat": [
                0.9862836910508485,
                0.0,
                0.0,
                0.16505902207124104
            ],
            "shape": [
                0.03,
                0.3,
                0.05
            ],
            "start_pos": [
                -0.4227281993899757,
                0.26818185588312476,
                0.551
            ],
            "start_quat": [
                0.04246647711726695,
                0.0,
                0.0,
                0.9990978922614383
            ]
        }
    ]
}