{
    "objects": [
        {
            "goal_pos": [
                0.9446156491095061,
                -0.6428126272927015,
                0.07500000000000001
            ],
            "goal_quat": [
                0.7519416455373611,
                -0.0,
                -0.0,
                -0.6592296729566757
            ],
            "shape": [
                0.03,
                0.3,
                0.05
            ],
            "start_pos": [
                0.38809213498076733,
                0.2838902902235366,
                0.15100000000000002
            ],
            "start_quat": [
                0.8992055667766399,
                -0.0,
                -0.0,
                -0.43752639769264423
            ]
        },
        {
            "goal_pos": [
                -0.9913296818453573,
                -0.3968056098158849,
                0.07500000000000001
            ],
            "goal_quat": [
                0.7179226316653553,
                -0.0,
                -0.0,
                -0.6961229021822876
            ],
            "shape": [
                0.03,
                0.3,
                0.05
            ],
            "start_pos": [
                -0.4064876278592879,
                0.27394944818103883,
                0.551
            ],
            "start_quat": [
                0.9899937658539109,
                0.0,
                0.0,
                0.1411111036396213
            ]
        }
    ]
}