{
    "objects": [
        {
            "goal_pos": [
                0.8603261400319309,
                -0.6205401932165269,
                0.07500000000000001
            ],
            "goal_quat": [
                0.606348170623681,
                -0.0,
                -0.0,
                -0.7951992806720309
            ],
            "shape": [
                0.03,
                0.3,
                0.05
            ],
            "start_pos": [
                0.4113175319361313,
                0.28269933298369215,
                0.15100000000000002
            ],
            "start_quat": [
                0.9407214993363042,
                0.0,
                0.0,
                0.3391799827325541
            ]
        },
        {
            "goal_pos": [
                -0.7241232693099895,
                -0.7945577084957396,
                0.07500000000000001
            ],
            "goal_quat": [
                0.05104038454289958,
                0.0,
                0.0,
                0.9986965901342174
            ],
            "shape": [
                0.03,
                0.3,
                0.05
            ],
            "start_pos": [
                -0.3897575164992943,
                0.27155430936638936,
                0.551
            ],
            "start_quat": [
                0.5692899084726495,
                0.0,
                0.0,
                0.8221368499898313
            ]
        }
    ]
}