{
    "objects": [
        {
            "goal_pos": [
                0.9832280487696011,
                0.20508740087020427,
                0.21500000000000002
            ],
            "goal_quat": [
                0.9306530551423489,
                -0.0,
                -0.0,
                -0.3659028435995165
            ],
            "shape": [
                0.18,
                0.22,
                0.33
            ],
            "start_pos": [
                -1.068398959033394,
                0.5244391611746021,
                0.21500000000000002
            ],
            "start_quat": [
                0.9134978122971978,
                0.0,
                0.0,
                0.4068436394098272
            ]
        },
        {
            "goal_pos": [
                1.0845206019346008,
                -0.2298339391085764,
                0.08
            ],
            "goal_quat": [
                0.44024846596508926,
                0.0,
                0.0,
                0.897875987102554
            ],
            "shape": [
                0.13,
                0.13,
                0.06
            ],
            "start_pos": [
                0.9978825455752132,
                0.5419179610380364,
                0.08
            ],
            "start_quat": [
                0.5621652058218475,
                0.0,
                0.0,
                0.8270249581259805
            ]
        },
        {
            "goal_pos": [
                0.9371460114588931,
                -0.08344083297010196,
                0.135
            ],
            "goal_quat": [
                0.258262174998102,
                -0.0,
                -0.0,
                -0.9660748671636427
            ],
            "shape": [
                0.14,
                0.08,
                0.17
            ],
            "start_pos": [
                -0.13769945402149875,
                -0.42696450490271187,
                0.135
            ],
            "start_quat": [
                0.9914524336742604,
                0.0,
                0.0,
                0.13046866198971457
            ]
        }
    ]
}