{
    "objects": [
        {
            "goal_pos": [
                0.6444973476741478,
                0.7496098013714119,
                0.14
            ],
            "goal_quat": [
                0.8918540070007619,
                0.0,
                0.0,
                0.45232336905877957
            ],
            "shape": [
                0.09,
                0.25,
                0.18
            ],
            "start_pos": [
                -1.0284550157980314,
                0.8886414977677506,
                0.14
            ],
            "start_quat": [
                0.6973579337658655,
                0.0,
                0.0,
                0.7167230373120448
            ]
        },
        {
            "goal_pos": [
                0.2959873525654235,
                -1.2769604296257948,
                0.16
            ],
            "goal_quat": [
                0.3803627251905921,
                0.0,
                0.0,
                0.9248373896451128
            ],
            "shape": [
                0.36,
                0.15,
                0.22
            ],
            "start_pos": [
                -0.32622130041733766,
                -0.12194282019657826,
                0.16
            ],
            "start_quat": [
                0.5311935022676687,
                0.0,
                0.0,
                0.8472505315127328
            ]
        },
        {
            "goal_pos": [
                -0.7124047627864961,
                -0.2972664106627349,
                0.12000000000000001
            ],
            "goal_quat": [
                0.9983650757907591,
                -0.0,
                -0.0,
                -0.05715921134263373
            ],
            "shape": [
                0.08,
                0.33,
                0.14
            ],
            "start_pos": [
                0.1974636935106967,
                0.9504160221223039,
                0.12000000000000001
            ],
            "start_quat": [
                0.9895461979600381,
                0.0,
                0.0,
                0.14421623383944382
            ]
        }
    ]
}