{
    "objects": [
        {
            "goal_pos": [
                1.0046311441260412,
                -0.3863567789732916,
                0.07500000000000001
            ],
            "goal_quat": [
                0.9796954269418156,
                -0.0,
                -0.0,
                -0.2004915719657404
            ],
            "shape": [
                0.03,
                0.3,
                0.05
            ],
            "start_pos": [
                0.37612509059902366,
                0.26694732335370597,
                0.15100000000000002
            ],
            "start_quat": [
                0.9893280155159088,
                -0.0,
                -0.0,
                -0.1457054484751816
            ]
        },
        {
            "goal_pos": [
                -0.033733886938180024,
                -0.7920292689618822,
                0.07500000000000001
            ],
            "goal_quat": [
                0.1122355833842822,
                0.0,
                0.0,
                0.9936816259861052
            ],
            "shape": [
                0.03,
                0.3,
                0.05
            ],
            "start_pos": [
                -0.396452809682197,
                0.3053883075797753,
                0.551
            ],
            "start_quat": [
                0.4542377237729596,
                0.0,
                0.0,
                0.8908805140430227
            ]
        }
    ]
}