{
    "objects": [
        {
            "goal_pos": [
                1.11074467400677,
                0.05172364016645714,
                0.12000000000000001
            ],
            "goal_quat": [
                0.5800455456755308,
                0.0,
                0.0,
                0.8145840441243467
            ],
            "shape": [
                0.09,
                0.13,
                0.14
            ],
            "start_pos": [
                -0.09020226120904978,
                0.08254422907168679,
                0.12000000000000001
            ],
            "start_quat": [
                0.49861937647442417,
                0.0,
                0.0,
                0.8668210411637782
            ]
        },
        {
            "goal_pos": [
                0.9267344544073257,
                0.7995831651799257,
                0.07500000000000001
            ],
            "goal_quat": [
                0.9502130404727112,
                -0.0,
                -0.0,
                -0.3116009911980475
            ],
            "shape": [
                0.07,
                0.16,
                0.05
            ],
            "start_pos": [
                -0.13999526527652184,
                0.7505679937486307,
                0.07500000000000001
            ],
            "start_quat": [
                0.8600290421816629,
                -0.0,
                -0.0,
                -0.5102450848406985
            ]
        }
    ]
}