{
    "objects": [
        {
            "goal_pos": [
                -0.05426967072557112,
                -0.45660669393166287,
                0.22500000000000003
            ],
            "goal_quat": [
                0.5579872592016774,
                -0.0,
                -0.0,
                -0.8298495156162954
            ],
            "shape": [
                0.07,
                0.29,
                0.35000000000000003
            ],
            "start_pos": [
                0.6135704910214677,
                -0.6618208317711374,
                0.22500000000000003
            ],
            "start_quat": [
                0.6429224143484108,
                -0.0,
                -0.0,
                -0.7659313083615334
            ]
        },
        {
            "goal_pos": [
                -0.37339506185784266,
                -0.30383794997837943,
                0.25
            ],
            "goal_quat": [
                0.49508738975232897,
                0.0,
                0.0,
                0.8688431829209604
            ],
            "shape": [
                0.21,
                0.17,
                0.4
            ],
            "start_pos": [
                0.3178964015933993,
                -0.35587049305082863,
                0.25
            ],
            "start_quat": [
                0.9996822276119067,
                -0.0,
                -0.0,
                -0.02520801056997398
            ]
        }
    ]
}