{
    "objects": [
        {
            "goal_pos": [
                -1.0896688567639305,
                -0.20030869784644095,
                0.115
            ],
            "goal_quat": [
                0.8749127696723501,
                -0.0,
                -0.0,
                -0.4842805441727525
            ],
            "shape": [
                0.08,
                0.13,
                0.13
            ],
            "start_pos": [
                0.14469535204894424,
                0.047916712160435915,
                0.115
            ],
            "start_quat": [
                0.9684990275201857,
                0.0,
                0.0,
                0.24901733612833968
            ]
        },
        {
            "goal_pos": [
                0.9388923467830546,
                -0.8635723928905565,
                0.13
            ],
            "goal_quat": [
                0.9902267198853202,
                -0.0,
                -0.0,
                -0.13946699690306524
            ],
            "shape": [
                0.15,
                0.15,
                0.16
            ],
            "start_pos": [
                0.20715412416208517,
                -0.146186643689297,
                0.13
            ],
            "start_quat": [
                0.5484107957999756,
                -0.0,
                -0.0,
                -0.8362090641998791
            ]
        },
        {
            "goal_pos": [
                1.0021679715884906,
                0.81826273088307,
                0.08
            ],
            "goal_quat": [
                0.915052380093767,
                0.0,
                0.0,
                0.4033350241235345
            ],
            "shape": [
                0.07,
                0.17,
                0.06
            ],
            "start_pos": [
                0.0005136237226915918,
                0.8572686889955816,
                0.08
            ],
            "start_quat": [
                0.4241776928198833,
                0.0,
                0.0,
                0.9055789777341349
            ]
        },
        {
            "goal_pos": [
                -0.9048440138251768,
                0.14295595557422136,
                0.095
            ],
            "goal_quat": [
                0.33785822617424294,
                -0.0,
                -0.0,
                -0.9411970139170619
            ],
            "shape": [
                0.2,
                0.05,
                0.09
            ],
            "start_pos": [
                -0.08560814567310693,
                -0.8870306505412078,
                0.095
            ],
            "start_quat": [
                0.9239429002270123,
                -0.0,
                -0.0,
                -0.382530413326963
            ]
        }
    ]
}