{
    "objects": [
        {
            "goal_pos": [
                0.6580735729011162,
                -0.9301782392483684,
                0.07500000000000001
            ],
            "goal_quat": [
                0.7937257434842827,
                0.0,
                0.0,
                0.6082757961075902
            ],
            "shape": [
                0.03,
                0.3,
                0.05
            ],
            "start_pos": [
                0.41385793567276263,
                0.29233557528585763,
                0.15100000000000002
            ],
            "start_quat": [
                0.5165246616949337,
                -0.0,
                -0.0,
                -0.8562723129127405
            ]
        },
        {
            "goal_pos": [
                0.2688322705459161,
                -0.8105160775387124,
                0.07500000000000001
            ],
            "goal_quat": [
                0.9302752946413754,
                0.0,
                0.0,
                0.3668622032588017
            ],
            "shape": [
                0.03,
                0.3,
                0.05
            ],
            "start_pos": [
                -0.4136028246002703,
                0.2664814956282649,
                0.551
            ],
            "start_quat": [
                0.9947531840382715,
                -0.0,
                -0.0,
                -0.10230397277584415
            ]
        },
        {
            "goal_pos": [
                -0.6157407383879151,
                -0.9451604740763986,
                0.07500000000000001
            ],
            "goal_quat": [
                0.9725650112600308,
                0.0,
                0.0,
                0.23263125085159148
            ],
            "shape": [
                0.03,
                0.3,
                0.05
            ],
            "start_pos": [
                0.01698278168575673,
                0.30362032183123455,
                0.15100000000000002
            ],
            "start_quat": [
                0.6289273186840821,
                0.0,
                0.0,
                0.7774641006585776
            ]
        }
    ]
}