{
    "objects": [
        {
            "goal_pos": [
                -0.937187771228382,
                -0.4701592227575826,
                0.07500000000000001
            ],
            "goal_quat": [
                0.7277690744682483,
                0.0,
                0.0,
                0.685822261411533
            ],
            "shape": [
                0.03,
                0.3,
                0.05
            ],
            "start_pos": [
                0.37595391761407604,
                0.3195851412090056,
                0.15100000000000002
            ],
            "start_quat": [
                0.9373100694748566,
                -0.0,
                -0.0,
                -0.3484965332123684
            ]
        },
        {
            "goal_pos": [
                -0.7944606120508406,
                -0.8214073761158065,
                0.07500000000000001
            ],
            "goal_quat": [
                0.9987656279495637,
                -0.0,
                -0.0,
                -0.049671122662102905
            ],
            "shape": [
                0.03,
                0.3,
                0.05
            ],
            "start_pos": [
                -0.4167076079296787,
                0.28123934435828035,
                0.551
            ],
            "start_quat": [
                0.05317951391625004,
                0.0,
                0.0,
                0.9985849684927324
            ]
        },
        {
            "goal_pos": [
                -0.4004423086926128,
                -0.9936522538141517,
                0.07500000000000001
            ],
            "goal_quat": [
                0.979091893887675,
                -0.0,
                -0.0,
                -0.20341844391167108
            ],
            "shape": [
                0.03,
                0.3,
                0.05
            ],
            "start_pos": [
                0.0066809918402244844,
                0.3128477779809522,
                0.15100000000000002
            ],
            "start_quat": [
                0.8629501197245046,
                -0.0,
                -0.0,
                -0.5052891161181517
            ]
        },
        {
            "goal_pos": [
                -0.05687619529312238,
                -0.7658408321255434,
                0.07500000000000001
            ],
            "goal_quat": [
                0.5142988885298753,
                0.0,
                0.0,
                0.8576110151210367
            ],
            "shape": [
                0.03,
                0.3,
                0.05
            ],
            "start_pos": [
                0.02390385638870987,
                0.2970336842652922,
                0.551
            ],
            "start_quat": [
                0.9284325032143306,
                0.0,
                0.0,
                0.3715011264790081
            ]
        }
    ]
}