{
    "objects": [
        {
            "goal_pos": [
                -1.0239739396368526,
                -0.40200971134326874,
                0.07500000000000001
            ],
            "goal_quat": [
                0.9192337740182075,
                -0.0,
                -0.0,
                -0.393712164790781
            ],
            "shape": [
                0.03,
                0.3,
                0.05
            ],
            "start_pos": [
                0.4163291505971173,
                0.2644191382260508,
                0.15100000000000002
            ],
            "start_quat": [
                0.017247532215669794,
                0.0,
                0.0,
                0.9998512502529912
            ]
        },
        {
            "goal_pos": [
                0.2664002882182416,
                -0.9489928257427107,
                0.07500000000000001
            ],
            "goal_quat": [
                0.7760874913195551,
                0.0,
                0.0,
                0.6306252499046636
            ],
            "shape": [
                0.03,
                0.3,
                0.05
            ],
            "start_pos": [
                -0.3999535895102818,
                0.3262306962339681,
                0.551
            ],
            "start_quat": [
                0.7840517588084926,
                -0.0,
                -0.0,
                -0.6206954482750049
            ]
        },
        {
            "goal_pos": [
                -0.5601872442134889,
                -0.9269335310525628,
                0.07500000000000001
            ],
            "goal_quat": [
                0.4277317644599395,
                0.0,
                0.0,
                0.9039057128218556
            ],
            "shape": [
                0.03,
                0.3,
                0.05
            ],
            "start_pos": [
                0.00283590906772125,
                0.3318996750268558,
                0.15100000000000002
            ],
            "start_quat": [
                0.9524341276372781,
                0.0,
                0.0,
                0.30474453647574573
            ]
        },
        {
            "goal_pos": [
                -0.1402267590289909,
                -0.8860239558697665,
                0.07500000000000001
            ],
            "goal_quat": [
                0.9998735255704606,
                0.0,
                0.0,
                0.015903863156396567
            ],
            "shape": [
                0.03,
                0.3,
                0.05
            ],
            "start_pos": [
                0.0052263705103027976,
                0.29955666188533875,
                0.551
            ],
            "start_quat": [
                0.9906992839804865,
                -0.0,
                -0.0,
                -0.1360695730887378
            ]
        }
    ]
}