{
    "objects": [
        {
            "goal_pos": [
                0.5010803448673632,
                -0.8761939904040108,
                0.07500000000000001
            ],
            "goal_quat": [
                0.9956725707348868,
                -0.0,
                -0.0,
                -0.09293079084018291
            ],
            "shape": [
                0.03,
                0.3,
                0.05
            ],
            "start_pos": [
                0.4047927105811861,
                0.32584759857638773,
                0.15100000000000002
            ],
            "start_quat": [
                0.9918751723456024,
                0.0,
                0.0,
                0.12721494599449215
            ]
        },
        {
            "goal_pos": [
                0.9853634086912284,
                -0.5302410712143909,
                0.07500000000000001
            ],
            "goal_quat": [
                0.32511675075033164,
                0.0,
                0.0,
                0.9456738858515374
            ],
            "shape": [
                0.03,
                0.3,
                0.05
            ],
            "start_pos": [
                -0.38824848590225797,
                0.2808181543256137,
                0.551
            ],
            "start_quat": [
                0.6864429879474443,
                0.0,
                0.0,
                0.727183624882866
            ]
        }
    ]
}