{
    "objects": [
        {
            "goal_pos": [
                -0.7351992190946056,
                -1.1157930632186335,
                0.165
            ],
            "goal_quat": [
                0.5673585866173108,
                0.0,
                0.0,
                0.8234708459876449
            ],
            "shape": [
                0.06,
                0.36,
                0.23
            ],
            "start_pos": [
                -0.21545627241359266,
                0.7877043302136669,
                0.165
            ],
            "start_quat": [
                0.07101546852695464,
                -0.0,
                -0.0,
                -0.9974752143436433
            ]
        },
        {
            "goal_pos": [
                0.7716373079322729,
                -0.321084940751707,
                0.185
            ],
            "goal_quat": [
                0.7099040253859144,
                -0.0,
                -0.0,
                -0.7042984273309683
            ],
            "shape": [
                0.23,
                0.07,
                0.27
            ],
            "start_pos": [
                -0.21542282573158594,
                -0.07288186675985275,
                0.185
            ],
            "start_quat": [
                0.892868827980014,
                -0.0,
                -0.0,
                -0.4503168395936313
            ]
        }
    ]
}