{
    "objects": [
        {
            "goal_pos": [
                0.2516091924105405,
                -0.40046874077360695,
                0.195
            ],
            "goal_quat": [
                0.967695873964989,
                -0.0,
                -0.0,
                -0.2521203988397924
            ],
            "shape": [
                0.11,
                0.17,
                0.29
            ],
            "start_pos": [
                -0.41063515229462133,
                -0.4326968892656564,
                0.195
            ],
            "start_quat": [
                0.4017476058308974,
                0.0,
                0.0,
                0.9157504360955238
            ]
        }
    ]
}