{
    "objects": [
        {
            "goal_pos": [
                -0.6881786097795621,
                -0.5796334743973869,
                0.07500000000000001
            ],
            "goal_quat": [
                0.9878912517926861,
                -0.0,
                -0.0,
                -0.1551479121080259
            ],
            "shape": [
                0.29,
                0.09,
                0.05
            ],
            "start_pos": [
                -0.0610414261879034,
                -0.31770170474056525,
                0.07500000000000001
            ],
            "start_quat": [
                0.7844582074457116,
                -0.0,
                -0.0,
                -0.6201816836791142
            ]
        },
        {
            "goal_pos": [
                0.7326515164470827,
                -0.6850056614016724,
                0.135
            ],
            "goal_quat": [
                0.9999832947669772,
                0.0,
                0.0,
                0.005780154581032764
            ],
            "shape": [
                0.22,
                0.25,
                0.17
            ],
            "start_pos": [
                0.49109127781312495,
                -0.4251304569563321,
                0.135
            ],
            "start_quat": [
                0.3784773372554283,
                0.0,
                0.0,
                0.9256105580556224
            ]
        }
    ]
}