{
    "objects": [
        {
            "goal_pos": [
                -0.9155921723620699,
                -0.6669394432218028,
                0.07500000000000001
            ],
            "goal_quat": [
                0.8287170617289507,
                0.0,
                0.0,
                0.5596677868158347
            ],
            "shape": [
                0.03,
                0.3,
                0.05
            ],
            "start_pos": [
                0.40241335840668235,
                0.26476060916880717,
                0.15100000000000002
            ],
            "start_quat": [
                0.23183966988858656,
                -0.0,
                -0.0,
                -0.9727540117963797
            ]
        },
        {
            "goal_pos": [
                -0.08469687077805083,
                -0.7882682866473646,
                0.07500000000000001
            ],
            "goal_quat": [
                0.4243963577656134,
                -0.0,
                -0.0,
                -0.905476521791306
            ],
            "shape": [
                0.03,
                0.3,
                0.05
            ],
            "start_pos": [
                -0.4165845786683468,
                0.2670333371827965,
                0.551
            ],
            "start_quat": [
                0.33878838603478156,
                -0.0,
                -0.0,
                -0.9408625986231719
            ]
        },
        {
            "goal_pos": [
                1.0410734222928104,
                -0.5468681518443445,
                0.07500000000000001
            ],
            "goal_quat": [
                0.9956864183716283,
                -0.0,
                -0.0,
                -0.09278230580384762
            ],
            "shape": [
                0.03,
                0.3,
                0.05
            ],
            "start_pos": [
                0.0033288834145075615,
                0.34676917307323313,
                0.15100000000000002
            ],
            "start_quat": [
                0.4865036952627304,
                -0.0,
                -0.0,
                -0.8736785189620426
            ]
        },
        {
            "goal_pos": [
                0.7475586120300974,
                -0.714217546447723,
                0.07500000000000001
            ],
            "goal_quat": [
                0.6610269984054518,
                0.0,
                0.0,
                0.7503621174999967
            ],
            "shape": [
                0.03,
                0.3,
                0.05
            ],
            "start_pos": [
                0.00595840117410994,
                0.25642039085049423,
                0.551
            ],
            "start_quat": [
                0.5325399057276895,
                -0.0,
                -0.0,
                -0.8464048964931286
            ]
        }
    ]
}