{
    "objects": [
        {
            "goal_pos": [
                1.0084681974735505,
                0.0807079067114233,
                0.085
            ],
            "goal_quat": [
                0.975409340217043,
                -0.0,
                -0.0,
                -0.22040104132547325
            ],
            "shape": [
                0.07,
                0.18,
                0.07
            ],
            "start_pos": [
                -0.09007920856197815,
                -0.9441871526745144,
                0.085
            ],
            "start_quat": [
                0.9483175360628314,
                -0.0,
                -0.0,
                -0.3173229440108618
            ]
        }
    ]
}