{
    "objects": [
        {
            "goal_pos": [
                -0.20338934188674943,
                -0.8006296205195229,
                0.07500000000000001
            ],
            "goal_quat": [
                0.639150400015003,
                -0.0,
                -0.0,
                -0.7690817681889629
            ],
            "shape": [
                0.03,
                0.3,
                0.05
            ],
            "start_pos": [
                0.4095562423500303,
                0.29616190935350384,
                0.15100000000000002
            ],
            "start_quat": [
                0.9573918776324104,
                -0.0,
                -0.0,
                -0.2887919539105751
            ]
        },
        {
            "goal_pos": [
                0.549894265016003,
                -0.8294054932002926,
                0.07500000000000001
            ],
            "goal_quat": [
                0.8964974132985734,
                -0.0,
                -0.0,
                -0.4430489678906464
            ],
            "shape": [
                0.03,
                0.3,
                0.05
            ],
            "start_pos": [
                -0.38758775913029847,
                0.27149717939805673,
                0.551
            ],
            "start_quat": [
                0.7362149886689673,
                -0.0,
                -0.0,
                -0.6767477302947918
            ]
        },
        {
            "goal_pos": [
                0.9711211901625871,
                -0.5408252326788796,
                0.07500000000000001
            ],
            "goal_quat": [
                0.015658376904723346,
                0.0,
                0.0,
                0.9998774001009872
            ],
            "shape": [
                0.03,
                0.3,
                0.05
            ],
            "start_pos": [
                0.01781053774246679,
                0.31284085333153183,
                0.15100000000000002
            ],
            "start_quat": [
                0.9207562830481427,
                0.0,
                0.0,
                0.39013826680725455
            ]
        }
    ]
}