{
    "objects": [
        {
            "goal_pos": [
                1.2163555099389842,
                0.20599700082962563,
                0.12000000000000001
            ],
            "goal_quat": [
                0.7211226976346843,
                -0.0,
                -0.0,
                -0.6928073721865811
            ],
            "shape": [
                0.07,
                0.17,
                0.14
            ],
            "start_pos": [
                -0.26616317479540513,
                0.050493775826688625,
                0.12000000000000001
            ],
            "start_quat": [
                0.5330528966902628,
                0.0,
                0.0,
                0.846081916441972
            ]
        },
        {
            "goal_pos": [
                -1.0182254990076274,
                0.8083172506201228,
                0.10500000000000001
            ],
            "goal_quat": [
                0.42493846205044555,
                -0.0,
                -0.0,
                -0.9052222398230183
            ],
            "shape": [
                0.14,
                0.1,
                0.11
            ],
            "start_pos": [
                -0.05038542541408386,
                -0.916989419335883,
                0.10500000000000001
            ],
            "start_quat": [
                0.3841853151156351,
                0.0,
                0.0,
                0.9232560011445905
            ]
        },
        {
            "goal_pos": [
                -1.1936287158634027,
                0.41041439027676385,
                0.135
            ],
            "goal_quat": [
                0.4833846857323145,
                -0.0,
                -0.0,
                -0.8754080451991926
            ],
            "shape": [
                0.19,
                0.15,
                0.17
            ],
            "start_pos": [
                0.30256426306585105,
                -0.8510513196961438,
                0.135
            ],
            "start_quat": [
                0.8175346102942943,
                -0.0,
                -0.0,
                -0.5758794673983059
            ]
        }
    ]
}