{
    "objects": [
        {
            "goal_pos": [
                -1.0692976315800906,
                -0.4526152886591392,
                0.07500000000000001
            ],
            "goal_quat": [
                0.3073462951079384,
                0.0,
                0.0,
                0.9515977379562354
            ],
            "shape": [
                0.03,
                0.3,
                0.05
            ],
            "start_pos": [
                0.4203605390825096,
                0.3226431854170052,
                0.15100000000000002
            ],
            "start_quat": [
                0.9827702711003066,
                0.0,
                0.0,
                0.18483125883202198
            ]
        },
        {
            "goal_pos": [
                0.17279355527181908,
                -0.7800131911107209,
                0.07500000000000001
            ],
            "goal_quat": [
                0.5688642034908638,
                0.0,
                0.0,
                0.8224314670455558
            ],
            "shape": [
                0.03,
                0.3,
                0.05
            ],
            "start_pos": [
                -0.37783604768761814,
                0.26292776672069035,
                0.551
            ],
            "start_quat": [
                0.15973252819967823,
                0.0,
                0.0,
                0.9871603311696328
            ]
        },
        {
            "goal_pos": [
                -0.31035476447134536,
                -0.8309580817298017,
                0.07500000000000001
            ],
            "goal_quat": [
                0.7671909917486219,
                0.0,
                0.0,
                0.6414187260906606
            ],
            "shape": [
                0.03,
                0.3,
                0.05
            ],
            "start_pos": [
                -0.01200552290009286,
                0.25695718128484124,
                0.15100000000000002
            ],
            "start_quat": [
                0.8037369261139483,
                -0.0,
                -0.0,
                -0.5949848347654766
            ]
        }
    ]
}