{
    "objects": [
        {
            "goal_pos": [
                0.2423435681606278,
                -0.8068675354921226,
                0.07500000000000001
            ],
            "goal_quat": [
                0.7865834689959125,
                0.0,
                0.0,
                0.6174839644090819
            ],
            "shape": [
                0.03,
                0.3,
                0.05
            ],
            "start_pos": [
                0.414427736203226,
                0.2634652818441202,
                0.15100000000000002
            ],
            "start_quat": [
                0.34549042226937726,
                -0.0,
                -0.0,
                -0.938422276014443
            ]
        },
        {
            "goal_pos": [
                -1.0870995182540462,
                -0.3685897881637414,
                0.07500000000000001
            ],
            "goal_quat": [
                0.06568376511448831,
                -0.0,
                -0.0,
                -0.9978404897579496
            ],
            "shape": [
                0.03,
                0.3,
                0.05
            ],
            "start_pos": [
                -0.42238088174237176,
                0.30714419663742926,
                0.551
            ],
            "start_quat": [
                0.9055664723305801,
                -0.0,
                -0.0,
                -0.4242043896410654
            ]
        },
        {
            "goal_pos": [
                -0.7345094936131812,
                -0.7663398058670321,
                0.07500000000000001
            ],
            "goal_quat": [
                0.8219439916766389,
                0.0,
                0.0,
                0.5695683229838835
            ],
            "shape": [
                0.03,
                0.3,
                0.05
            ],
            "start_pos": [
                0.013723606822435667,
                0.26845948042175477,
                0.15100000000000002
            ],
            "start_quat": [
                0.7485805206113576,
                0.0,
                0.0,
                0.663043893087953
            ]
        }
    ]
}