{
    "objects": [
        {
            "goal_pos": [
                1.2191716204945149,
                -0.14706051556051863,
                0.09
            ],
            "goal_quat": [
                0.3070265557259073,
                -0.0,
                -0.0,
                -0.951700947818739
            ],
            "shape": [
                0.07,
                0.06,
                0.08
            ],
            "start_pos": [
                0.07732278962210859,
                0.5035173771115486,
                0.09
            ],
            "start_quat": [
                0.2578309739938202,
                -0.0,
                -0.0,
                -0.9661900376475624
            ]
        },
        {
            "goal_pos": [
                -0.9301392084092506,
                -0.829263995478223,
                0.08
            ],
            "goal_quat": [
                0.7162750948001047,
                -0.0,
                -0.0,
                -0.6978180196649418
            ],
            "shape": [
                0.15,
                0.19,
                0.06
            ],
            "start_pos": [
                -0.6648463040783565,
                -0.8453435945610945,
                0.08
            ],
            "start_quat": [
                0.9714945233074067,
                0.0,
                0.0,
                0.23706199860735702
            ]
        }
    ]
}