{
    "objects": [
        {
            "goal_pos": [
                1.2078766183814198,
                -0.03347504128756057,
                0.13
            ],
            "goal_quat": [
                0.8573509881417384,
                -0.0,
                -0.0,
                -0.5147322441157002
            ],
            "shape": [
                0.17,
                0.08,
                0.16
            ],
            "start_pos": [
                -0.0005218411404472878,
                -0.4789453214444401,
                0.13
            ],
            "start_quat": [
                0.9980062601410568,
                -0.0,
                -0.0,
                -0.063115011837607
            ]
        },
        {
            "goal_pos": [
                1.1029873292004169,
                0.4757881711578262,
                0.14500000000000002
            ],
            "goal_quat": [
                0.8158549050739733,
                -0.0,
                -0.0,
                -0.5782566678100115
            ],
            "shape": [
                0.19,
                0.12,
                0.19
            ],
            "start_pos": [
                0.502955745718625,
                0.8852585240858784,
                0.14500000000000002
            ],
            "start_quat": [
                0.998039634690242,
                0.0,
                0.0,
                0.06258504284066706
            ]
        }
    ]
}