{
    "objects": [
        {
            "goal_pos": [
                -0.46873711883138514,
                -0.44115698817958204,
                0.175
            ],
            "goal_quat": [
                0.6266424205304775,
                0.0,
                0.0,
                0.779306920790329
            ],
            "shape": [
                0.05,
                0.27,
                0.25
            ],
            "start_pos": [
                -0.19435201588832002,
                -0.36130324372967626,
                0.175
            ],
            "start_quat": [
                0.6360261515947635,
                0.0,
                0.0,
                0.7716675025472791
            ]
        }
    ]
}