{
    "objects": [
        {
            "goal_pos": [
                0.5446912881520973,
                -0.4913834670557309,
                0.21000000000000002
            ],
            "goal_quat": [
                0.9288480496854787,
                -0.0,
                -0.0,
                -0.37046092991769386
            ],
            "shape": [
                0.2,
                0.32,
                0.32
            ],
            "start_pos": [
                -0.5837229272531819,
                -0.5259638319428908,
                0.21000000000000002
            ],
            "start_quat": [
                0.907066929774121,
                -0.0,
                -0.0,
                -0.4209864426678726
            ]
        },
        {
            "goal_pos": [
                -0.3049712195283672,
                -0.46216621539768044,
                0.235
            ],
            "goal_quat": [
                0.6821313946521673,
                0.0,
                0.0,
                0.7312296222322296
            ],
            "shape": [
                0.16,
                0.09,
                0.37
            ],
            "start_pos": [
                0.1641205827316337,
                -0.3886918347017665,
                0.235
            ],
            "start_quat": [
                0.8236897707663227,
                0.0,
                0.0,
                0.5670407053597852
            ]
        }
    ]
}