{
    "objects": [
        {
            "goal_pos": [
                0.6773219900596942,
                -0.7670422651267408,
                0.07500000000000001
            ],
            "goal_quat": [
                0.1773913744938501,
                0.0,
                0.0,
                0.9841403864567202
            ],
            "shape": [
                0.03,
                0.3,
                0.05
            ],
            "start_pos": [
                0.38886837642496247,
                0.2791105307252095,
                0.15100000000000002
            ],
            "start_quat": [
                0.9997951987934218,
                -0.0,
                -0.0,
                -0.020237600391895382
            ]
        },
        {
            "goal_pos": [
                -0.5875004116417148,
                -0.9028256150145042,
                0.07500000000000001
            ],
            "goal_quat": [
                0.5843449316195626,
                0.0,
                0.0,
                0.811505391781551
            ],
            "shape": [
                0.03,
                0.3,
                0.05
            ],
            "start_pos": [
                -0.4084284812648564,
                0.28250319259287876,
                0.551
            ],
            "start_quat": [
                0.9657638434576545,
                0.0,
                0.0,
                0.2594228183292654
            ]
        }
    ]
}