{
    "objects": [
        {
            "goal_pos": [
                0.8597278116000775,
                0.6393708046650979,
                0.12000000000000001
            ],
            "goal_quat": [
                0.5149248846888993,
                0.0,
                0.0,
                0.857235302077629
            ],
            "shape": [
                0.08,
                0.05,
                0.14
            ],
            "start_pos": [
                0.425539838497983,
                0.08474686141565924,
                0.12000000000000001
            ],
            "start_quat": [
                0.9538905465416714,
                0.0,
                0.0,
                0.30015466882664255
            ]
        },
        {
            "goal_pos": [
                1.0180499162678531,
                -0.1397040851234791,
                0.125
            ],
            "goal_quat": [
                0.2094209837326634,
                -0.0,
                -0.0,
                -0.9778255731839107
            ],
            "shape": [
                0.08,
                0.19,
                0.15
            ],
            "start_pos": [
                0.21262564666836792,
                -0.20420779192977273,
                0.125
            ],
            "start_quat": [
                0.9946188504935467,
                0.0,
                0.0,
                0.10360184478519578
            ]
        },
        {
            "goal_pos": [
                -0.9989228672505579,
                -0.3139041470589826,
                0.115
            ],
            "goal_quat": [
                0.9440115087915282,
                -0.0,
                -0.0,
                -0.3299125206310644
            ],
            "shape": [
                0.19,
                0.16,
                0.13
            ],
            "start_pos": [
                0.057958296688147226,
                -0.6967218924072018,
                0.115
            ],
            "start_quat": [
                0.841419935487128,
                -0.0,
                -0.0,
                -0.5403818022147279
            ]
        }
    ]
}