{
    "objects": [
        {
            "goal_pos": [
                -0.05915330802263602,
                -0.8443068155754685,
                0.07500000000000001
            ],
            "goal_quat": [
                0.07383264909985619,
                -0.0,
                -0.0,
                -0.9972706452748409
            ],
            "shape": [
                0.03,
                0.3,
                0.05
            ],
            "start_pos": [
                0.42060894860937215,
                0.3261509233587022,
                0.15100000000000002
            ],
            "start_quat": [
                0.9342713803520207,
                0.0,
                0.0,
                0.3565627404190317
            ]
        },
        {
            "goal_pos": [
                1.0148906796268722,
                -0.6295550906259075,
                0.07500000000000001
            ],
            "goal_quat": [
                0.7332921524577662,
                0.0,
                0.0,
                0.6799136850688153
            ],
            "shape": [
                0.03,
                0.3,
                0.05
            ],
            "start_pos": [
                -0.4133541091900836,
                0.3354894492093125,
                0.551
            ],
            "start_quat": [
                0.9051436847028437,
                -0.0,
                -0.0,
                -0.42510576336078904
            ]
        },
        {
            "goal_pos": [
                -0.9308731325917388,
                -0.5383171495880344,
                0.07500000000000001
            ],
            "goal_quat": [
                0.9345309186795169,
                -0.0,
                -0.0,
                -0.3558819495731951
            ],
            "shape": [
                0.03,
                0.3,
                0.05
            ],
            "start_pos": [
                0.004453610415257561,
                0.32158880163877185,
                0.15100000000000002
            ],
            "start_quat": [
                0.010405791723948295,
                0.0,
                0.0,
                0.9999458582836361
            ]
        },
        {
            "goal_pos": [
                0.717514781799522,
                -0.8605614692927772,
                0.07500000000000001
            ],
            "goal_quat": [
                0.47604713793108266,
                -0.0,
                -0.0,
                -0.8794197646560059
            ],
            "shape": [
                0.03,
                0.3,
                0.05
            ],
            "start_pos": [
                -0.0034545179758899945,
                0.31605849590585877,
                0.551
            ],
            "start_quat": [
                0.9265964493626266,
                0.0,
                0.0,
                0.3760572031334773
            ]
        }
    ]
}