{
    "objects": [
        {
            "goal_pos": [
                -1.074942350177501,
                -0.38121845622941375,
                0.07500000000000001
            ],
            "goal_quat": [
                0.8439456149968887,
                0.0,
                0.0,
                0.5364287454336534
            ],
            "shape": [
                0.03,
                0.3,
                0.05
            ],
            "start_pos": [
                0.42102842486547104,
                0.26517255269813544,
                0.15100000000000002
            ],
            "start_quat": [
                0.9565825758390081,
                0.0,
                0.0,
                0.29146144788154793
            ]
        },
        {
            "goal_pos": [
                -0.1501304469152826,
                -0.7651085760470147,
                0.07500000000000001
            ],
            "goal_quat": [
                0.9426806232687376,
                0.0,
                0.0,
                0.33369633278426125
            ],
            "shape": [
                0.03,
                0.3,
                0.05
            ],
            "start_pos": [
                -0.38937734776369576,
                0.2581622076915245,
                0.551
            ],
            "start_quat": [
                0.4674586501780929,
                -0.0,
                -0.0,
                -0.8840149378679499
            ]
        }
    ]
}