{
    "objects": [
        {
            "goal_pos": [
                1.0398389647082533,
                -0.3687655059162441,
                0.07500000000000001
            ],
            "goal_quat": [
                0.4270000577415986,
                0.0,
                0.0,
                0.9042515970064258
            ],
            "shape": [
                0.03,
                0.3,
                0.05
            ],
            "start_pos": [
                0.38794032380612953,
                0.34715084696340254,
                0.15100000000000002
            ],
            "start_quat": [
                0.7369683366658925,
                -0.0,
                -0.0,
                -0.6759272673534541
            ]
        },
        {
            "goal_pos": [
                0.26834964265073225,
                -0.9627695665481171,
                0.07500000000000001
            ],
            "goal_quat": [
                0.9530665765294858,
                0.0,
                0.0,
                0.3027607978295172
            ],
            "shape": [
                0.03,
                0.3,
                0.05
            ],
            "start_pos": [
                -0.38732363630803757,
                0.28331044253809157,
                0.551
            ],
            "start_quat": [
                0.9992028773780873,
                0.0,
                0.0,
                0.03992004307801969
            ]
        }
    ]
}