{
    "objects": [
        {
            "goal_pos": [
                0.40619129502069046,
                -0.8312569162846066,
                0.07500000000000001
            ],
            "goal_quat": [
                0.9480923480988387,
                -0.0,
                -0.0,
                -0.31799512492557264
            ],
            "shape": [
                0.03,
                0.3,
                0.05
            ],
            "start_pos": [
                0.422004054792633,
                0.3297499301962196,
                0.15100000000000002
            ],
            "start_quat": [
                0.9362340206635528,
                0.0,
                0.0,
                0.35137708882646035
            ]
        },
        {
            "goal_pos": [
                -0.4967745305600524,
                -0.9541150406614343,
                0.07500000000000001
            ],
            "goal_quat": [
                0.35853061141257225,
                0.0,
                0.0,
                0.9335179701966787
            ],
            "shape": [
                0.03,
                0.3,
                0.05
            ],
            "start_pos": [
                -0.4025045233115859,
                0.2599942914622013,
                0.551
            ],
            "start_quat": [
                0.9936132484036346,
                -0.0,
                -0.0,
                -0.1128393220326012
            ]
        }
    ]
}