{
    "objects": [
        {
            "goal_pos": [
                -1.1368101873442866,
                -0.18270271973287566,
                0.07500000000000001
            ],
            "goal_quat": [
                0.13260633270093483,
                0.0,
                0.0,
                0.9911687850853703
            ],
            "shape": [
                0.05,
                0.06,
                0.05
            ],
            "start_pos": [
                0.5336924983276798,
                -0.9300197273825167,
                0.07500000000000001
            ],
            "start_quat": [
                0.33098711885276083,
                0.0,
                0.0,
                0.9436352723131689
            ]
        },
        {
            "goal_pos": [
                -0.925341075381933,
                -0.0672908451629573,
                0.14
            ],
            "goal_quat": [
                0.7697540083417913,
                -0.0,
                -0.0,
                -0.6383406352737897
            ],
            "shape": [
                0.2,
                0.19,
                0.18
            ],
            "start_pos": [
                0.02809632938895512,
                -0.2788834387022124,
                0.14
            ],
            "start_quat": [
                0.5897306058439914,
                -0.0,
                -0.0,
                -0.8076000325228316
            ]
        }
    ]
}