{
    "objects": [
        {
            "goal_pos": [
                1.062109304170317,
                0.18249802137267013,
                0.1
            ],
            "goal_quat": [
                0.5639433050958529,
                -0.0,
                -0.0,
                -0.8258135071779619
            ],
            "shape": [
                0.05,
                0.08,
                0.1
            ],
            "start_pos": [
                0.1678989894413545,
                -0.2990859790380178,
                0.1
            ],
            "start_quat": [
                0.1878120160596652,
                -0.0,
                -0.0,
                -0.9822049921597854
            ]
        },
        {
            "goal_pos": [
                -1.1521927263698828,
                0.16761570735879175,
                0.095
            ],
            "goal_quat": [
                0.7016943914636748,
                -0.0,
                -0.0,
                -0.7124780564960742
            ],
            "shape": [
                0.12,
                0.11,
                0.09
            ],
            "start_pos": [
                0.09752882447048239,
                -0.04074721783901858,
                0.095
            ],
            "start_quat": [
                0.8489801658309033,
                -0.0,
                -0.0,
                -0.5284247136780528
            ]
        },
        {
            "goal_pos": [
                -0.9755534511430426,
                0.9290433065197096,
                0.115
            ],
            "goal_quat": [
                0.30984268158656403,
                0.0,
                0.0,
                0.9507878378835349
            ],
            "shape": [
                0.17,
                0.1,
                0.13
            ],
            "start_pos": [
                -0.08502676398501136,
                -0.1099102676447824,
                0.115
            ],
            "start_quat": [
                0.8536455778115798,
                0.0,
                0.0,
                0.5208543246270824
            ]
        }
    ]
}