{
    "objects": [
        {
            "goal_pos": [
                -0.2511364482823314,
                -0.9109779485539659,
                0.25
            ],
            "goal_quat": [
                0.5474034472763578,
                -0.0,
                -0.0,
                -0.8368688463014738
            ],
            "shape": [
                0.09,
                0.23,
                0.4
            ],
            "start_pos": [
                0.9257668082015754,
                0.5026741599991187,
                0.25
            ],
            "start_quat": [
                0.8754222954292823,
                -0.0,
                -0.0,
                -0.4833588777144021
            ]
        },
        {
            "goal_pos": [
                -0.6404373442273414,
                -0.7918509156075956,
                0.09
            ],
            "goal_quat": [
                0.733040270875368,
                0.0,
                0.0,
                0.6801852404124681
            ],
            "shape": [
                0.33,
                0.15,
                0.08
            ],
            "start_pos": [
                0.26426785609654646,
                -0.46733178735247094,
                0.09
            ],
            "start_quat": [
                0.3859889892654633,
                0.0,
                0.0,
                0.9225033876175339
            ]
        },
        {
            "goal_pos": [
                0.2974960602374992,
                0.8245659369258068,
                0.14500000000000002
            ],
            "goal_quat": [
                0.5639494594063168,
                0.0,
                0.0,
                0.8258093044010361
            ],
            "shape": [
                0.15,
                0.21,
                0.19
            ],
            "start_pos": [
                -0.2368056950230275,
                0.30548507033225036,
                0.14500000000000002
            ],
            "start_quat": [
                0.9677752970488208,
                -0.0,
                -0.0,
                -0.2518153577962761
            ]
        },
        {
            "goal_pos": [
                -0.8475112462321207,
                0.11563273683561415,
                0.185
            ],
            "goal_quat": [
                0.5026586033502928,
                -0.0,
                -0.0,
                -0.8644850076652185
            ],
            "shape": [
                0.31,
                0.07,
                0.27
            ],
            "start_pos": [
                -0.8537547505761088,
                -0.3786870895532383,
                0.185
            ],
            "start_quat": [
                0.9938740557994221,
                0.0,
                0.0,
                0.11051860118915346
            ]
        }
    ]
}