{
    "objects": [
        {
            "goal_pos": [
                -0.11827626303459599,
                -0.8420787115919826,
                0.07500000000000001
            ],
            "goal_quat": [
                0.6802230430440633,
                0.0,
                0.0,
                0.733005192145236
            ],
            "shape": [
                0.03,
                0.3,
                0.05
            ],
            "start_pos": [
                0.4202745261982125,
                0.3028997316794958,
                0.15100000000000002
            ],
            "start_quat": [
                0.9902027759451704,
                -0.0,
                -0.0,
                -0.13963689523359757
            ]
        },
        {
            "goal_pos": [
                -0.47564588125780716,
                -0.8927329623523483,
                0.07500000000000001
            ],
            "goal_quat": [
                0.6032806174190568,
                0.0,
                0.0,
                0.7975289942356213
            ],
            "shape": [
                0.03,
                0.3,
                0.05
            ],
            "start_pos": [
                -0.40669771094987606,
                0.31289146719576066,
                0.551
            ],
            "start_quat": [
                0.16305377890219983,
                0.0,
                0.0,
                0.9866171826933243
            ]
        },
        {
            "goal_pos": [
                0.7871400583179278,
                -0.8018338501240774,
                0.07500000000000001
            ],
            "goal_quat": [
                0.1831420079191006,
                0.0,
                0.0,
                0.9830864686971131
            ],
            "shape": [
                0.03,
                0.3,
                0.05
            ],
            "start_pos": [
                0.019645344048805108,
                0.2635090689655808,
                0.15100000000000002
            ],
            "start_quat": [
                0.9067104134895366,
                -0.0,
                -0.0,
                -0.4217537505104531
            ]
        }
    ]
}