{
    "objects": [
        {
            "goal_pos": [
                0.9015093901251083,
                0.07073183016261192,
                0.085
            ],
            "goal_quat": [
                0.9017480241437882,
                0.0,
                0.0,
                0.432262074386331
            ],
            "shape": [
                0.06,
                0.18,
                0.07
            ],
            "start_pos": [
                0.24800320913015256,
                -0.7283234544469877,
                0.085
            ],
            "start_quat": [
                0.6223661183393712,
                -0.0,
                -0.0,
                -0.7827262706356443
            ]
        },
        {
            "goal_pos": [
                1.2461110544630774,
                0.0805764783541002,
                0.14
            ],
            "goal_quat": [
                0.4823083642737191,
                -0.0,
                -0.0,
                -0.8760015078477945
            ],
            "shape": [
                0.14,
                0.15,
                0.18
            ],
            "start_pos": [
                0.16574108658619335,
                -0.3251197290610585,
                0.14
            ],
            "start_quat": [
                0.35586311570829904,
                0.0,
                0.0,
                0.9345380906514094
            ]
        },
        {
            "goal_pos": [
                -1.0086787194713076,
                0.8696969169786442,
                0.13
            ],
            "goal_quat": [
                0.13533790645094754,
                0.0,
                0.0,
                0.9907995009473282
            ],
            "shape": [
                0.09,
                0.08,
                0.16
            ],
            "start_pos": [
                -0.18076842304318552,
                -0.6069393126132732,
                0.13
            ],
            "start_quat": [
                0.48511269502961585,
                -0.0,
                -0.0,
                -0.8744516413851042
            ]
        }
    ]
}