{
    "objects": [
        {
            "goal_pos": [
                -0.24279123869630387,
                -0.8637897259513472,
                0.07500000000000001
            ],
            "goal_quat": [
                0.21212607547308227,
                0.0,
                0.0,
                0.9772423077744783
            ],
            "shape": [
                0.03,
                0.3,
                0.05
            ],
            "start_pos": [
                0.38111638824783306,
                0.32798177528477696,
                0.15100000000000002
            ],
            "start_quat": [
                0.14354609402656723,
                -0.0,
                -0.0,
                -0.9896436322685636
            ]
        },
        {
            "goal_pos": [
                -0.5915552178679488,
                -0.8633213637555348,
                0.07500000000000001
            ],
            "goal_quat": [
                0.6762996406907883,
                -0.0,
                -0.0,
                -0.7366266326990293
            ],
            "shape": [
                0.03,
                0.3,
                0.05
            ],
            "start_pos": [
                -0.3796176114113913,
                0.32657300666237143,
                0.551
            ],
            "start_quat": [
                0.7350903256330432,
                0.0,
                0.0,
                0.6779691830464764
            ]
        },
        {
            "goal_pos": [
                0.7814813173776167,
                -0.7093623993152782,
                0.07500000000000001
            ],
            "goal_quat": [
                0.7353659832274918,
                0.0,
                0.0,
                0.6776701784141488
            ],
            "shape": [
                0.03,
                0.3,
                0.05
            ],
            "start_pos": [
                0.023368663326450226,
                0.2738816501700454,
                0.15100000000000002
            ],
            "start_quat": [
                0.9053319029314469,
                0.0,
                0.0,
                0.424704774560547
            ]
        }
    ]
}