{
    "objects": [
        {
            "goal_pos": [
                -0.32523907711203226,
                -0.9571603419962551,
                0.07500000000000001
            ],
            "goal_quat": [
                0.8730248796279926,
                -0.0,
                -0.0,
                -0.4876756704517144
            ],
            "shape": [
                0.03,
                0.3,
                0.05
            ],
            "start_pos": [
                0.3972084383675094,
                0.33717811012938803,
                0.15100000000000002
            ],
            "start_quat": [
                0.8984370073347892,
                0.0,
                0.0,
                0.43910242979435676
            ]
        },
        {
            "goal_pos": [
                -0.8318428144893827,
                -0.8464111031622599,
                0.07500000000000001
            ],
            "goal_quat": [
                0.5675700460879772,
                0.0,
                0.0,
                0.8233251136602668
            ],
            "shape": [
                0.03,
                0.3,
                0.05
            ],
            "start_pos": [
                -0.3827759901894558,
                0.3090576436654092,
                0.551
            ],
            "start_quat": [
                0.5685829699579202,
                0.0,
                0.0,
                0.8226259212265504
            ]
        }
    ]
}