{
    "objects": [
        {
            "goal_pos": [
                -0.3874318206316964,
                -0.9774810674499264,
                0.175
            ],
            "goal_quat": [
                0.9949650204085481,
                0.0,
                0.0,
                0.1002227926342977
            ],
            "shape": [
                0.21,
                0.1,
                0.25
            ],
            "start_pos": [
                0.208814699864035,
                0.576100667538905,
                0.175
            ],
            "start_quat": [
                0.8543451416296736,
                0.0,
                0.0,
                0.5197060505456648
            ]
        },
        {
            "goal_pos": [
                -0.4233351931309639,
                -0.06643440869544004,
                0.245
            ],
            "goal_quat": [
                0.3891350676476411,
                -0.0,
                -0.0,
                -0.9211807092676582
            ],
            "shape": [
                0.28,
                0.23,
                0.39
            ],
            "start_pos": [
                -1.2832971444753531,
                -0.924784919818075,
                0.245
            ],
            "start_quat": [
                0.44123776265490944,
                0.0,
                0.0,
                0.8973902366347039
            ]
        },
        {
            "goal_pos": [
                1.1790813856709628,
                0.08406678619706143,
                0.16
            ],
            "goal_quat": [
                0.9201937389151202,
                0.0,
                0.0,
                0.3914632586353558
            ],
            "shape": [
                0.31,
                0.23,
                0.22
            ],
            "start_pos": [
                1.2347063986080618,
                1.0019123129688539,
                0.16
            ],
            "start_quat": [
                0.6112983131087567,
                -0.0,
                -0.0,
                -0.791400260544807
            ]
        }
    ]
}