{
    "objects": [
        {
            "goal_pos": [
                0.2595288814830499,
                -0.8825054642241765,
                0.07500000000000001
            ],
            "goal_quat": [
                0.2363333499921096,
                -0.0,
                -0.0,
                -0.9716720370997135
            ],
            "shape": [
                0.03,
                0.3,
                0.05
            ],
            "start_pos": [
                0.4222349795550735,
                0.27001498032228943,
                0.15100000000000002
            ],
            "start_quat": [
                0.9100611789849006,
                -0.0,
                -0.0,
                -0.41447394430122236
            ]
        },
        {
            "goal_pos": [
                -0.8708227739686506,
                -0.6267588831586839,
                0.07500000000000001
            ],
            "goal_quat": [
                0.0806317771076392,
                0.0,
                0.0,
                0.9967439573533736
            ],
            "shape": [
                0.03,
                0.3,
                0.05
            ],
            "start_pos": [
                -0.3832158304881343,
                0.3286673770929433,
                0.551
            ],
            "start_quat": [
                0.1906714241925982,
                0.0,
                0.0,
                0.9816539145729346
            ]
        },
        {
            "goal_pos": [
                -0.5309929489484333,
                -0.8607912604804564,
                0.07500000000000001
            ],
            "goal_quat": [
                0.996375002667845,
                -0.0,
                -0.0,
                -0.08506970117880898
            ],
            "shape": [
                0.03,
                0.3,
                0.05
            ],
            "start_pos": [
                0.010913767008304466,
                0.2951049323622541,
                0.15100000000000002
            ],
            "start_quat": [
                0.8106352455064243,
                0.0,
                0.0,
                0.5855514484165667
            ]
        }
    ]
}