{
    "objects": [
        {
            "goal_pos": [
                -1.172191629903785,
                -0.07266325820702346,
                0.10500000000000001
            ],
            "goal_quat": [
                0.942167950616289,
                0.0,
                0.0,
                0.33514109391643115
            ],
            "shape": [
                0.18,
                0.19,
                0.11
            ],
            "start_pos": [
                1.0069829397903463,
                0.12296240097535216,
                0.10500000000000001
            ],
            "start_quat": [
                0.5997044706545388,
                0.0,
                0.0,
                0.8002215617420961
            ]
        },
        {
            "goal_pos": [
                0.4071036319529313,
                -0.9965763544029357,
                0.175
            ],
            "goal_quat": [
                0.9052227115620066,
                0.0,
                0.0,
                0.424937457130256
            ],
            "shape": [
                0.05,
                0.12,
                0.25
            ],
            "start_pos": [
                -0.13444082139413782,
                0.2815168987490857,
                0.175
            ],
            "start_quat": [
                0.5265377178092268,
                0.0,
                0.0,
                0.8501517698177491
            ]
        }
    ]
}