{
    "objects": [
        {
            "goal_pos": [
                -0.016943880505278813,
                -0.3594374448564652,
                0.21500000000000002
            ],
            "goal_quat": [
                0.47562294786351433,
                0.0,
                0.0,
                0.8796492547973997
            ],
            "shape": [
                0.26,
                0.05,
                0.33
            ],
            "start_pos": [
                -0.513259041917561,
                -0.4316958653121852,
                0.21500000000000002
            ],
            "start_quat": [
                0.9619579525420567,
                -0.0,
                -0.0,
                -0.2731975430729458
            ]
        },
        {
            "goal_pos": [
                0.3965662009271463,
                -0.36331318237316157,
                0.21500000000000002
            ],
            "goal_quat": [
                0.7855562210325331,
                0.0,
                0.0,
                0.6187902904838489
            ],
            "shape": [
                0.33,
                0.06,
                0.33
            ],
            "start_pos": [
                0.6708533348210092,
                -0.6524860236000998,
                0.21500000000000002
            ],
            "start_quat": [
                0.33775585464161767,
                0.0,
                0.0,
                0.9412337555864168
            ]
        }
    ]
}