{
    "objects": [
        {
            "goal_pos": [
                -0.5975720346222089,
                -0.2608987934095139,
                0.155
            ],
            "goal_quat": [
                0.4801738232937002,
                -0.0,
                -0.0,
                -0.877173357679946
            ],
            "shape": [
                0.07,
                0.4,
                0.21
            ],
            "start_pos": [
                0.0507533133173837,
                0.846301368202212,
                0.155
            ],
            "start_quat": [
                0.3815489448594288,
                0.0,
                0.0,
                0.924348636974522
            ]
        }
    ]
}