{
    "objects": [
        {
            "goal_pos": [
                -0.03143576216903404,
                -0.7997717796288704,
                0.07500000000000001
            ],
            "goal_quat": [
                0.4495738571173988,
                0.0,
                0.0,
                0.8932431623004929
            ],
            "shape": [
                0.03,
                0.3,
                0.05
            ],
            "start_pos": [
                0.39184340452377764,
                0.2718108228753565,
                0.15100000000000002
            ],
            "start_quat": [
                0.9138583157108934,
                0.0,
                0.0,
                0.4060332237712193
            ]
        },
        {
            "goal_pos": [
                -0.5003930835183245,
                -0.9781723382724559,
                0.07500000000000001
            ],
            "goal_quat": [
                0.06970203655365241,
                -0.0,
                -0.0,
                -0.997567855386426
            ],
            "shape": [
                0.03,
                0.3,
                0.05
            ],
            "start_pos": [
                -0.3947054582063964,
                0.3018705168985765,
                0.551
            ],
            "start_quat": [
                0.9995996736321427,
                -0.0,
                -0.0,
                -0.028292975709770955
            ]
        }
    ]
}