{
    "objects": [
        {
            "goal_pos": [
                -1.0268741149215521,
                -0.5330743550382965,
                0.07500000000000001
            ],
            "goal_quat": [
                0.9202370129882382,
                -0.0,
                -0.0,
                -0.39136152075349095
            ],
            "shape": [
                0.03,
                0.3,
                0.05
            ],
            "start_pos": [
                0.38411108216073464,
                0.29449436016967506,
                0.15100000000000002
            ],
            "start_quat": [
                0.3451265895192463,
                0.0,
                0.0,
                0.938556144941161
            ]
        },
        {
            "goal_pos": [
                0.885512308407246,
                -0.5888582349954541,
                0.07500000000000001
            ],
            "goal_quat": [
                0.918013936088233,
                0.0,
                0.0,
                0.396548122108515
            ],
            "shape": [
                0.03,
                0.3,
                0.05
            ],
            "start_pos": [
                -0.42329413428253077,
                0.31337891258400785,
                0.551
            ],
            "start_quat": [
                0.9753640468691452,
                0.0,
                0.0,
                0.22060139635787396
            ]
        }
    ]
}