{
    "objects": [
        {
            "goal_pos": [
                0.2833626309050835,
                -0.38932349169092306,
                0.21500000000000002
            ],
            "goal_quat": [
                0.4758786416087379,
                -0.0,
                -0.0,
                -0.8795109541447579
            ],
            "shape": [
                0.2,
                0.1,
                0.33
            ],
            "start_pos": [
                -0.16543604255014027,
                -0.5263869152630393,
                0.21500000000000002
            ],
            "start_quat": [
                0.34955452542142146,
                -0.0,
                -0.0,
                -0.9369160227882779
            ]
        },
        {
            "goal_pos": [
                0.680422013820684,
                -0.687454331916922,
                0.14500000000000002
            ],
            "goal_quat": [
                0.05693700159559407,
                0.0,
                0.0,
                0.9983777731146178
            ],
            "shape": [
                0.19,
                0.16,
                0.19
            ],
            "start_pos": [
                -0.6617169548257315,
                -0.5457996135260235,
                0.14500000000000002
            ],
            "start_quat": [
                0.47601966820818725,
                -0.0,
                -0.0,
                -0.8794346340001441
            ]
        },
        {
            "goal_pos": [
                0.5175979585310571,
                -0.4088952950936565,
                0.15000000000000002
            ],
            "goal_quat": [
                0.5925025139477554,
                0.0,
                0.0,
                0.8055686010300984
            ],
            "shape": [
                0.15,
                0.19,
                0.2
            ],
            "start_pos": [
                -0.40973980716580416,
                -0.5505565967374749,
                0.15000000000000002
            ],
            "start_quat": [
                0.06582558562256387,
                0.0,
                0.0,
                0.9978311441709196
            ]
        }
    ]
}