{
    "objects": [
        {
            "goal_pos": [
                0.7323900273140929,
                -0.8910159496632974,
                0.07500000000000001
            ],
            "goal_quat": [
                0.7911481800068442,
                -0.0,
                -0.0,
                -0.6116245231118992
            ],
            "shape": [
                0.03,
                0.3,
                0.05
            ],
            "start_pos": [
                0.39300588200279346,
                0.27045807459682863,
                0.15100000000000002
            ],
            "start_quat": [
                0.7056582622322851,
                -0.0,
                -0.0,
                -0.7085523388877575
            ]
        },
        {
            "goal_pos": [
                -0.34720286026851854,
                -0.9941366288092763,
                0.07500000000000001
            ],
            "goal_quat": [
                0.4154886987774154,
                0.0,
                0.0,
                0.9095983405812975
            ],
            "shape": [
                0.03,
                0.3,
                0.05
            ],
            "start_pos": [
                -0.3982709183348084,
                0.33507272882162115,
                0.551
            ],
            "start_quat": [
                0.9999970308293459,
                -0.0,
                -0.0,
                -0.0024368694040441366
            ]
        },
        {
            "goal_pos": [
                -0.028683599033990315,
                -0.7338549328124795,
                0.07500000000000001
            ],
            "goal_quat": [
                0.9177309753753267,
                -0.0,
                -0.0,
                -0.39720253880942347
            ],
            "shape": [
                0.03,
                0.3,
                0.05
            ],
            "start_pos": [
                0.020025004221476843,
                0.32415849065430424,
                0.15100000000000002
            ],
            "start_quat": [
                0.0027370335350231493,
                -0.0,
                -0.0,
                -0.999996254316699
            ]
        },
        {
            "goal_pos": [
                -1.0375831759126308,
                -0.4279188599810734,
                0.07500000000000001
            ],
            "goal_quat": [
                0.7041086103032753,
                0.0,
                0.0,
                0.7100922932244725
            ],
            "shape": [
                0.03,
                0.3,
                0.05
            ],
            "start_pos": [
                0.012165854716925564,
                0.2975339524378995,
                0.551
            ],
            "start_quat": [
                0.9534281185950414,
                0.0,
                0.0,
                0.3016203286788204
            ]
        }
    ]
}