{
    "objects": [
        {
            "goal_pos": [
                -0.12686907440496803,
                -0.0827449863683174,
                0.185
            ],
            "goal_quat": [
                0.8791939805849311,
                -0.0,
                -0.0,
                -0.4764640012668572
            ],
            "shape": [
                0.09,
                0.19,
                0.27
            ],
            "start_pos": [
                -0.9277701566545922,
                0.6993337257723672,
                0.185
            ],
            "start_quat": [
                0.627288674026861,
                -0.0,
                -0.0,
                -0.7787868254134905
            ]
        },
        {
            "goal_pos": [
                0.6304998622115316,
                -0.7324993391607589,
                0.19
            ],
            "goal_quat": [
                0.21020279740362097,
                -0.0,
                -0.0,
                -0.9776578051464082
            ],
            "shape": [
                0.08,
                0.17,
                0.28
            ],
            "start_pos": [
                -0.3523009269192512,
                -0.37232589130989097,
                0.19
            ],
            "start_quat": [
                0.21481697732608082,
                0.0,
                0.0,
                0.976654322804382
            ]
        },
        {
            "goal_pos": [
                -0.6371873087016202,
                -0.665262699626034,
                0.22500000000000003
            ],
            "goal_quat": [
                0.14578832975508468,
                0.0,
                0.0,
                0.989315805446988
            ],
            "shape": [
                0.32,
                0.24,
                0.35000000000000003
            ],
            "start_pos": [
                0.6144314669055597,
                -0.25835530332130835,
                0.22500000000000003
            ],
            "start_quat": [
                0.6356272280474718,
                -0.0,
                -0.0,
                -0.7719961314441202
            ]
        },
        {
            "goal_pos": [
                -0.12188188315266474,
                0.5562229832466413,
                0.19
            ],
            "goal_quat": [
                0.48481289914383957,
                -0.0,
                -0.0,
                -0.8746178896087966
            ],
            "shape": [
                0.05,
                0.2,
                0.28
            ],
            "start_pos": [
                0.09440050075291156,
                -0.008940497813870574,
                0.19
            ],
            "start_quat": [
                0.4918338153016604,
                0.0,
                0.0,
                0.8706890938364924
            ]
        }
    ]
}