{
    "objects": [
        {
            "goal_pos": [
                -0.38969505257133924,
                -0.9186039102884456,
                0.07500000000000001
            ],
            "goal_quat": [
                0.20063514212399536,
                -0.0,
                -0.0,
                -0.9796660348021076
            ],
            "shape": [
                0.03,
                0.3,
                0.05
            ],
            "start_pos": [
                0.385285384306443,
                0.32813807510152493,
                0.15100000000000002
            ],
            "start_quat": [
                0.6889770338519057,
                0.0,
                0.0,
                0.7247831722830146
            ]
        },
        {
            "goal_pos": [
                -0.7709494445161865,
                -0.7727263004726272,
                0.07500000000000001
            ],
            "goal_quat": [
                0.14715475477054396,
                0.0,
                0.0,
                0.98911348092543
            ],
            "shape": [
                0.03,
                0.3,
                0.05
            ],
            "start_pos": [
                -0.3922687887746656,
                0.25281454274039383,
                0.551
            ],
            "start_quat": [
                0.8271275263058767,
                -0.0,
                -0.0,
                -0.5620142838283749
            ]
        }
    ]
}