{
    "objects": [
        {
            "goal_pos": [
                0.9426276143596765,
                -0.014028434069129014,
                0.08
            ],
            "goal_quat": [
                0.5778835732807511,
                -0.0,
                -0.0,
                -0.8161192166174442
            ],
            "shape": [
                0.06,
                0.09,
                0.06
            ],
            "start_pos": [
                0.35758131513047126,
                1.0489866859574228,
                0.08
            ],
            "start_quat": [
                0.14503351439668005,
                -0.0,
                -0.0,
                -0.9894267429687496
            ]
        }
    ]
}