{
    "objects": [
        {
            "goal_pos": [
                0.40293724781679974,
                -0.50212063858435,
                0.115
            ],
            "goal_quat": [
                0.23048177679207177,
                -0.0,
                -0.0,
                -0.9730766416715436
            ],
            "shape": [
                0.17,
                0.09,
                0.13
            ],
            "start_pos": [
                -0.578099308204227,
                -0.5852266170624738,
                0.115
            ],
            "start_quat": [
                0.003626172926825473,
                -0.0,
                -0.0,
                -0.9999934254133398
            ]
        },
        {
            "goal_pos": [
                0.7009177378230513,
                -0.6335959803535829,
                0.235
            ],
            "goal_quat": [
                0.2911934414981911,
                -0.0,
                -0.0,
                -0.9566641937631195
            ],
            "shape": [
                0.27,
                0.26,
                0.37
            ],
            "start_pos": [
                -0.057394487959191914,
                -0.37171945550142294,
                0.235
            ],
            "start_quat": [
                0.7615779380733896,
                0.0,
                0.0,
                0.6480733324554285
            ]
        }
    ]
}