{
    "objects": [
        {
            "goal_pos": [
                0.9827133954754748,
                0.07304116151234641,
                0.15000000000000002
            ],
            "goal_quat": [
                0.9993487883431965,
                0.0,
                0.0,
                0.03608322653235182
            ],
            "shape": [
                0.2,
                0.06,
                0.2
            ],
            "start_pos": [
                0.09787785553181683,
                0.4784643125681683,
                0.15000000000000002
            ],
            "start_quat": [
                0.9527423646278411,
                -0.0,
                -0.0,
                -0.3037795033298822
            ]
        }
    ]
}