{
    "objects": [
        {
            "goal_pos": [
                0.8180645964736372,
                -0.690447117293167,
                0.15000000000000002
            ],
            "goal_quat": [
                0.45507643082633065,
                -0.0,
                -0.0,
                -0.8904523805944751
            ],
            "shape": [
                0.19,
                0.12,
                0.2
            ],
            "start_pos": [
                0.17091630818115722,
                -0.5081663858574348,
                0.15000000000000002
            ],
            "start_quat": [
                0.9966974265994865,
                -0.0,
                -0.0,
                -0.08120492478884107
            ]
        }
    ]
}