{
    "objects": [
        {
            "goal_pos": [
                -0.26281644596177395,
                -0.37735797531268245,
                0.07500000000000001
            ],
            "goal_quat": [
                0.877921959919681,
                0.0,
                0.0,
                0.47880375133324293
            ],
            "shape": [
                0.09,
                0.19,
                0.05
            ],
            "start_pos": [
                -0.8215045822935735,
                -0.6921178135509785,
                0.07500000000000001
            ],
            "start_quat": [
                0.8856853483612521,
                -0.0,
                -0.0,
                -0.4642859718947014
            ]
        },
        {
            "goal_pos": [
                -0.5845635848364944,
                -0.5577599952671913,
                0.085
            ],
            "goal_quat": [
                0.007646166669599065,
                -0.0,
                -0.0,
                -0.999970767640365
            ],
            "shape": [
                0.26,
                0.1,
                0.07
            ],
            "start_pos": [
                0.0737382461372039,
                -0.4556628973226349,
                0.085
            ],
            "start_quat": [
                0.08551157672737268,
                0.0,
                0.0,
                0.9963371769865855
            ]
        }
    ]
}