{
    "objects": [
        {
            "goal_pos": [
                -0.6592226618774267,
                -0.9308428277094862,
                0.07500000000000001
            ],
            "goal_quat": [
                0.675113434638615,
                -0.0,
                -0.0,
                -0.737713935323478
            ],
            "shape": [
                0.03,
                0.3,
                0.05
            ],
            "start_pos": [
                0.4175844252701758,
                0.33637545862501816,
                0.15100000000000002
            ],
            "start_quat": [
                0.7988985589209632,
                0.0,
                0.0,
                0.6014657866861659
            ]
        },
        {
            "goal_pos": [
                -0.27114660265903257,
                -0.9665150637692117,
                0.07500000000000001
            ],
            "goal_quat": [
                0.7846264064077628,
                0.0,
                0.0,
                0.6199688720957208
            ],
            "shape": [
                0.03,
                0.3,
                0.05
            ],
            "start_pos": [
                -0.38316321981126167,
                0.33522509452010074,
                0.551
            ],
            "start_quat": [
                0.1108521564550271,
                -0.0,
                -0.0,
                -0.9938369078522241
            ]
        },
        {
            "goal_pos": [
                0.9998573426527314,
                -0.3749308052163734,
                0.07500000000000001
            ],
            "goal_quat": [
                0.7449473179574158,
                0.0,
                0.0,
                0.6671232970508922
            ],
            "shape": [
                0.03,
                0.3,
                0.05
            ],
            "start_pos": [
                0.01908532546433371,
                0.2652642417415384,
                0.15100000000000002
            ],
            "start_quat": [
                0.12995785697275639,
                0.0,
                0.0,
                0.9915195184216237
            ]
        },
        {
            "goal_pos": [
                0.06772121377673862,
                -0.7407945238495884,
                0.07500000000000001
            ],
            "goal_quat": [
                0.6972571777371551,
                -0.0,
                -0.0,
                -0.7168210572339636
            ],
            "shape": [
                0.03,
                0.3,
                0.05
            ],
            "start_pos": [
                0.01587445673482163,
                0.252428642788611,
                0.551
            ],
            "start_quat": [
                0.6832627733367982,
                0.0,
                0.0,
                0.7301725704051797
            ]
        }
    ]
}