{
    "objects": [
        {
            "goal_pos": [
                -0.5617381768064525,
                -0.8551131496242648,
                0.07500000000000001
            ],
            "goal_quat": [
                0.786079736404054,
                0.0,
                0.0,
                0.6181251070899263
            ],
            "shape": [
                0.03,
                0.3,
                0.05
            ],
            "start_pos": [
                0.41408460756061377,
                0.2822133746947486,
                0.15100000000000002
            ],
            "start_quat": [
                0.26174576106291086,
                -0.0,
                -0.0,
                -0.9651368589819775
            ]
        },
        {
            "goal_pos": [
                0.02396566678218026,
                -0.8626407525318658,
                0.07500000000000001
            ],
            "goal_quat": [
                0.9443848433955696,
                -0.0,
                -0.0,
                -0.328842314133576
            ],
            "shape": [
                0.03,
                0.3,
                0.05
            ],
            "start_pos": [
                -0.4048224512736692,
                0.29123906544636324,
                0.551
            ],
            "start_quat": [
                0.5178872979123612,
                -0.0,
                -0.0,
                -0.8554488568354237
            ]
        },
        {
            "goal_pos": [
                -1.0838041231431679,
                -0.402602242272875,
                0.07500000000000001
            ],
            "goal_quat": [
                0.9436672751313324,
                0.0,
                0.0,
                0.33089586556227363
            ],
            "shape": [
                0.03,
                0.3,
                0.05
            ],
            "start_pos": [
                0.014635184670992653,
                0.3415181209147522,
                0.15100000000000002
            ],
            "start_quat": [
                0.992542157248078,
                -0.0,
                -0.0,
                -0.1219018707212134
            ]
        }
    ]
}