{
    "objects": [
        {
            "goal_pos": [
                -0.03217371448234757,
                -0.8645556345681813,
                0.07500000000000001
            ],
            "goal_quat": [
                0.9363197529948447,
                0.0,
                0.0,
                0.35114857276041
            ],
            "shape": [
                0.03,
                0.3,
                0.05
            ],
            "start_pos": [
                0.3964535851357271,
                0.2990898811138568,
                0.15100000000000002
            ],
            "start_quat": [
                0.8601771026014764,
                0.0,
                0.0,
                0.5099954432738877
            ]
        },
        {
            "goal_pos": [
                0.46868436846968947,
                -0.9619640198806854,
                0.07500000000000001
            ],
            "goal_quat": [
                0.42619953613875433,
                0.0,
                0.0,
                0.904629181153864
            ],
            "shape": [
                0.03,
                0.3,
                0.05
            ],
            "start_pos": [
                -0.3848974467552306,
                0.26179550367527893,
                0.551
            ],
            "start_quat": [
                0.14144290873791915,
                -0.0,
                -0.0,
                -0.9899464144931062
            ]
        },
        {
            "goal_pos": [
                -0.9611709088095107,
                -0.6337298036155458,
                0.07500000000000001
            ],
            "goal_quat": [
                0.3216654913607995,
                0.0,
                0.0,
                0.9468533739009517
            ],
            "shape": [
                0.03,
                0.3,
                0.05
            ],
            "start_pos": [
                0.014434609695356398,
                0.33199438699766376,
                0.15100000000000002
            ],
            "start_quat": [
                0.9505774411751837,
                0.0,
                0.0,
                0.310487565497944
            ]
        },
        {
            "goal_pos": [
                0.8496184955240677,
                -0.6177586934058168,
                0.07500000000000001
            ],
            "goal_quat": [
                0.09174137743102788,
                -0.0,
                -0.0,
                -0.9957828677312427
            ],
            "shape": [
                0.03,
                0.3,
                0.05
            ],
            "start_pos": [
                -0.022046582283530913,
                0.2565047279913371,
                0.551
            ],
            "start_quat": [
                0.9599548395637558,
                0.0,
                0.0,
                0.28015478935424915
            ]
        }
    ]
}