{
    "objects": [
        {
            "goal_pos": [
                -1.0347898296867841,
                -0.5721850378988028,
                0.07500000000000001
            ],
            "goal_quat": [
                0.36876626566856374,
                -0.0,
                -0.0,
                -0.9295221575115153
            ],
            "shape": [
                0.03,
                0.3,
                0.05
            ],
            "start_pos": [
                0.3777273455956601,
                0.2587818413411006,
                0.15100000000000002
            ],
            "start_quat": [
                0.1884801545454423,
                0.0,
                0.0,
                0.9820769986831613
            ]
        },
        {
            "goal_pos": [
                -0.6137882155114296,
                -0.8406579529771532,
                0.07500000000000001
            ],
            "goal_quat": [
                0.15447281654333045,
                0.0,
                0.0,
                0.9879970389374507
            ],
            "shape": [
                0.03,
                0.3,
                0.05
            ],
            "start_pos": [
                -0.3954148569186129,
                0.25223261079508125,
                0.551
            ],
            "start_quat": [
                0.1420669597802485,
                0.0,
                0.0,
                0.9898570497495066
            ]
        }
    ]
}