{
    "objects": [
        {
            "goal_pos": [
                -0.6725889933246698,
                -0.8365055524194152,
                0.07500000000000001
            ],
            "goal_quat": [
                0.9299531543292008,
                -0.0,
                -0.0,
                -0.36767802593188736
            ],
            "shape": [
                0.03,
                0.3,
                0.05
            ],
            "start_pos": [
                0.4031160644211689,
                0.27942307309865977,
                0.15100000000000002
            ],
            "start_quat": [
                0.46672589157118594,
                0.0,
                0.0,
                0.884402025176945
            ]
        },
        {
            "goal_pos": [
                0.7176279743124698,
                -0.7211288102975735,
                0.07500000000000001
            ],
            "goal_quat": [
                0.9690766638124764,
                0.0,
                0.0,
                0.24675984206122506
            ],
            "shape": [
                0.03,
                0.3,
                0.05
            ],
            "start_pos": [
                -0.4072855947536928,
                0.25300737044900956,
                0.551
            ],
            "start_quat": [
                0.999933539017652,
                0.0,
                0.0,
                0.011528987277022576
            ]
        }
    ]
}