{
    "objects": [
        {
            "goal_pos": [
                -0.661003806919881,
                -0.5836176426822655,
                0.11
            ],
            "goal_quat": [
                0.13320794177891274,
                0.0,
                0.0,
                0.9910881112429034
            ],
            "shape": [
                0.39,
                0.09,
                0.12
            ],
            "start_pos": [
                0.07046523027589024,
                -0.3419544365095575,
                0.11
            ],
            "start_quat": [
                0.2019300491601823,
                -0.0,
                -0.0,
                -0.979399946521423
            ]
        }
    ]
}