{
    "objects": [
        {
            "goal_pos": [
                1.027353637344052,
                -0.7482996057505118,
                0.09
            ],
            "goal_quat": [
                0.9551942802543159,
                -0.0,
                -0.0,
                -0.295979538092483
            ],
            "shape": [
                0.2,
                0.12,
                0.08
            ],
            "start_pos": [
                -0.006657520472416856,
                0.5264994360250695,
                0.09
            ],
            "start_quat": [
                0.664871210350642,
                -0.0,
                -0.0,
                -0.7469580133092304
            ]
        },
        {
            "goal_pos": [
                -1.0538606573589022,
                0.6391942929404286,
                0.135
            ],
            "goal_quat": [
                0.3581588390813107,
                -0.0,
                -0.0,
                -0.9336606696160697
            ],
            "shape": [
                0.09,
                0.15,
                0.17
            ],
            "start_pos": [
                -0.6147866412481312,
                -0.8746639289552456,
                0.135
            ],
            "start_quat": [
                0.8438529937105078,
                0.0,
                0.0,
                0.5365744356618323
            ]
        }
    ]
}