{
    "objects": [
        {
            "goal_pos": [
                0.8713934802365954,
                -0.6871203192796385,
                0.07500000000000001
            ],
            "goal_quat": [
                0.29969289580091796,
                -0.0,
                -0.0,
                -0.9540357269025411
            ],
            "shape": [
                0.03,
                0.3,
                0.05
            ],
            "start_pos": [
                0.3945419752619649,
                0.26450300835200063,
                0.15100000000000002
            ],
            "start_quat": [
                0.38100368557730435,
                0.0,
                0.0,
                0.9245735187514893
            ]
        },
        {
            "goal_pos": [
                -0.8552943400494706,
                -0.7005769398656029,
                0.07500000000000001
            ],
            "goal_quat": [
                0.8435371253138034,
                0.0,
                0.0,
                0.5370708688965775
            ],
            "shape": [
                0.03,
                0.3,
                0.05
            ],
            "start_pos": [
                -0.3765313503119346,
                0.31649241360832664,
                0.551
            ],
            "start_quat": [
                0.6877953311496189,
                0.0,
                0.0,
                0.7259046648484814
            ]
        },
        {
            "goal_pos": [
                0.31198054396582575,
                -0.9045619139335879,
                0.07500000000000001
            ],
            "goal_quat": [
                0.9998770634371321,
                0.0,
                0.0,
                0.015679860086658767
            ],
            "shape": [
                0.03,
                0.3,
                0.05
            ],
            "start_pos": [
                -0.00520829056929378,
                0.3104645072350236,
                0.15100000000000002
            ],
            "start_quat": [
                0.2045186824853622,
                0.0,
                0.0,
                0.9788626607009032
            ]
        }
    ]
}