{
    "objects": [
        {
            "goal_pos": [
                0.20417564382486303,
                -0.4859712527534448,
                0.19
            ],
            "goal_quat": [
                0.9784223215372816,
                0.0,
                0.0,
                0.20661500603198307
            ],
            "shape": [
                0.11,
                0.21,
                0.28
            ],
            "start_pos": [
                -0.1871627406764202,
                -0.44256536720578943,
                0.19
            ],
            "start_quat": [
                0.9772926055755361,
                0.0,
                0.0,
                0.21189422617754292
            ]
        },
        {
            "goal_pos": [
                0.5940630392636181,
                -0.5273923809976635,
                0.07500000000000001
            ],
            "goal_quat": [
                0.5192363450425739,
                -0.0,
                -0.0,
                -0.854630690992799
            ],
            "shape": [
                0.38,
                0.1,
                0.05
            ],
            "start_pos": [
                -0.6126028611472623,
                -0.5568486900060843,
                0.07500000000000001
            ],
            "start_quat": [
                0.3467086970222489,
                0.0,
                0.0,
                0.9379728564351606
            ]
        }
    ]
}