{
    "objects": [
        {
            "goal_pos": [
                -0.5914218443290059,
                -0.7131255321924966,
                0.16
            ],
            "goal_quat": [
                0.18014713196747253,
                0.0,
                0.0,
                0.9836396753099653
            ],
            "shape": [
                0.1,
                0.11,
                0.22
            ],
            "start_pos": [
                0.06776818591823955,
                -0.5326290255446559,
                0.16
            ],
            "start_quat": [
                0.8253881318349237,
                0.0,
                0.0,
                0.5645657019568712
            ]
        },
        {
            "goal_pos": [
                -0.07597045589224707,
                -0.28633465962448146,
                0.25
            ],
            "goal_quat": [
                0.037068465416009555,
                0.0,
                0.0,
                0.9993127282646319
            ],
            "shape": [
                0.07,
                0.3,
                0.4
            ],
            "start_pos": [
                0.5272151730767837,
                -0.4703692709054512,
                0.25
            ],
            "start_quat": [
                0.34191259946052194,
                0.0,
                0.0,
                0.9397317565827754
            ]
        }
    ]
}