{
    "objects": [
        {
            "goal_pos": [
                0.13013986402827096,
                -0.3387399198942683,
                0.165
            ],
            "goal_quat": [
                0.7192940211637869,
                -0.0,
                -0.0,
                -0.6947057730565002
            ],
            "shape": [
                0.3,
                0.28,
                0.23
            ],
            "start_pos": [
                -0.3045933862850026,
                -0.35838203937283475,
                0.165
            ],
            "start_quat": [
                0.38518410533384795,
                0.0,
                0.0,
                0.9228397504432517
            ]
        },
        {
            "goal_pos": [
                0.5942540272378742,
                -0.5097328525975995,
                0.21000000000000002
            ],
            "goal_quat": [
                0.9900031998282988,
                0.0,
                0.0,
                0.14104490182112084
            ],
            "shape": [
                0.28,
                0.22,
                0.32
            ],
            "start_pos": [
                -0.6437127611014193,
                -0.6645004297106343,
                0.21000000000000002
            ],
            "start_quat": [
                0.9969645249129552,
                0.0,
                0.0,
                0.07785715166306521
            ]
        }
    ]
}