{
    "objects": [
        {
            "goal_pos": [
                -0.16889947327925414,
                -0.35114231797576,
                0.14500000000000002
            ],
            "goal_quat": [
                0.1550767984415954,
                -0.0,
                -0.0,
                -0.987902417541887
            ],
            "shape": [
                0.2,
                0.3,
                0.19
            ],
            "start_pos": [
                -0.6943360540820336,
                -0.6807081998192748,
                0.14500000000000002
            ],
            "start_quat": [
                0.8379794695007794,
                0.0,
                0.0,
                0.5457017580099888
            ]
        },
        {
            "goal_pos": [
                0.22626694664778402,
                -0.42311304431324037,
                0.14
            ],
            "goal_quat": [
                0.833520688264943,
                -0.0,
                -0.0,
                -0.5524882462408912
            ],
            "shape": [
                0.3,
                0.13,
                0.18
            ],
            "start_pos": [
                0.7059027692213159,
                -0.5942075737939732,
                0.14
            ],
            "start_quat": [
                0.26041529630390137,
                -0.0,
                -0.0,
                -0.9654966977939133
            ]
        }
    ]
}