{
    "objects": [
        {
            "goal_pos": [
                0.485659025576258,
                -0.9947948663707069,
                0.165
            ],
            "goal_quat": [
                0.9904009406251543,
                0.0,
                0.0,
                0.13822437125488998
            ],
            "shape": [
                0.15,
                0.13,
                0.23
            ],
            "start_pos": [
                0.3261750061898027,
                1.0300193445224448,
                0.165
            ],
            "start_quat": [
                0.9971877746400492,
                0.0,
                0.0,
                0.07494359284439599
            ]
        }
    ]
}