{
    "objects": [
        {
            "goal_pos": [
                -0.15943936946471,
                -0.313721844500074,
                0.195
            ],
            "goal_quat": [
                0.4672807294905292,
                -0.0,
                -0.0,
                -0.8841089977184934
            ],
            "shape": [
                0.31,
                0.2,
                0.29
            ],
            "start_pos": [
                -0.5653376349719028,
                -0.4705189927552569,
                0.195
            ],
            "start_quat": [
                0.5302275560110623,
                -0.0,
                -0.0,
                -0.8478553761382515
            ]
        }
    ]
}