{
    "objects": [
        {
            "goal_pos": [
                0.559713904408075,
                -0.5814525305537326,
                0.19
            ],
            "goal_quat": [
                0.5703124004449815,
                0.0,
                0.0,
                0.8214278823479776
            ],
            "shape": [
                0.25,
                0.12,
                0.28
            ],
            "start_pos": [
                -0.008018682903388974,
                -0.33496104247871406,
                0.19
            ],
            "start_quat": [
                0.9391633967546652,
                -0.0,
                -0.0,
                -0.3434706889914178
            ]
        },
        {
            "goal_pos": [
                0.27322568009274245,
                -0.44896453071213593,
                0.11
            ],
            "goal_quat": [
                0.9387713093138554,
                0.0,
                0.0,
                0.3445408956991165
            ],
            "shape": [
                0.19,
                0.23,
                0.12
            ],
            "start_pos": [
                -0.717103721762032,
                -0.5799255058073143,
                0.11
            ],
            "start_quat": [
                0.8991017280949568,
                -0.0,
                -0.0,
                -0.437739742925705
            ]
        }
    ]
}