{
    "objects": [
        {
            "goal_pos": [
                0.201991076646009,
                -0.819732351865704,
                0.07500000000000001
            ],
            "goal_quat": [
                0.38415189011022155,
                0.0,
                0.0,
                0.9232699092490474
            ],
            "shape": [
                0.03,
                0.3,
                0.05
            ],
            "start_pos": [
                0.42214495539779906,
                0.2913703129982226,
                0.15100000000000002
            ],
            "start_quat": [
                0.6413626995882009,
                0.0,
                0.0,
                0.7672378298656389
            ]
        },
        {
            "goal_pos": [
                -0.41270971975251863,
                -0.9369877724412565,
                0.07500000000000001
            ],
            "goal_quat": [
                0.4672870431623112,
                -0.0,
                -0.0,
                -0.884105660706131
            ],
            "shape": [
                0.03,
                0.3,
                0.05
            ],
            "start_pos": [
                -0.3775239498042028,
                0.30654807669235334,
                0.551
            ],
            "start_quat": [
                0.9999373672659698,
                -0.0,
                -0.0,
                -0.011192030432456973
            ]
        }
    ]
}