{
    "objects": [
        {
            "goal_pos": [
                -0.06082541839225428,
                -0.4493596906667775,
                0.125
            ],
            "goal_quat": [
                0.9946652109195211,
                -0.0,
                -0.0,
                -0.1031557956996341
            ],
            "shape": [
                0.19,
                0.14,
                0.15
            ],
            "start_pos": [
                0.2553480950615797,
                -0.3580878348978519,
                0.125
            ],
            "start_quat": [
                0.4824025417603476,
                -0.0,
                -0.0,
                -0.8759496490684588
            ]
        },
        {
            "goal_pos": [
                -0.6394565889564992,
                -0.5765824316763657,
                0.12000000000000001
            ],
            "goal_quat": [
                0.9931932085578034,
                -0.0,
                -0.0,
                -0.11647854083330463
            ],
            "shape": [
                0.33,
                0.19,
                0.14
            ],
            "start_pos": [
                0.640493353810886,
                -0.6036287240034404,
                0.12000000000000001
            ],
            "start_quat": [
                0.8910709751350198,
                0.0,
                0.0,
                0.4538639854316764
            ]
        }
    ]
}