{
    "objects": [
        {
            "goal_pos": [
                0.2349063594650453,
                -0.2957384235499555,
                0.2
            ],
            "goal_quat": [
                0.6479115748768539,
                -0.0,
                -0.0,
                -0.7617155578958559
            ],
            "shape": [
                0.17,
                0.15,
                0.3
            ],
            "start_pos": [
                -0.24704304700666962,
                -0.5142159180346559,
                0.2
            ],
            "start_quat": [
                0.8481894206262096,
                -0.0,
                -0.0,
                -0.5296930306675507
            ]
        },
        {
            "goal_pos": [
                0.5415736752101515,
                -0.5015388462826922,
                0.155
            ],
            "goal_quat": [
                0.8565305663677812,
                0.0,
                0.0,
                0.5160962980662503
            ],
            "shape": [
                0.34,
                0.18,
                0.21
            ],
            "start_pos": [
                -0.6802052597730395,
                -0.6272407473562005,
                0.155
            ],
            "start_quat": [
                0.7952555895937702,
                -0.0,
                -0.0,
                -0.606274316807058
            ]
        }
    ]
}