{
    "objects": [
        {
            "goal_pos": [
                -0.8322081725716335,
                -0.6301749050631791,
                0.07500000000000001
            ],
            "goal_quat": [
                0.9495805823677478,
                -0.0,
                -0.0,
                -0.31352307345732794
            ],
            "shape": [
                0.03,
                0.3,
                0.05
            ],
            "start_pos": [
                0.39172338976164,
                0.3405250470959374,
                0.15100000000000002
            ],
            "start_quat": [
                0.5615573532086565,
                -0.0,
                -0.0,
                -0.8274378158250251
            ]
        },
        {
            "goal_pos": [
                -0.22794477868805524,
                -0.9456040232952427,
                0.07500000000000001
            ],
            "goal_quat": [
                0.2990874334502226,
                0.0,
                0.0,
                0.9542257108002061
            ],
            "shape": [
                0.03,
                0.3,
                0.05
            ],
            "start_pos": [
                -0.3945922682127542,
                0.2872801920208531,
                0.551
            ],
            "start_quat": [
                0.513115555222016,
                -0.0,
                -0.0,
                -0.8583195366465814
            ]
        },
        {
            "goal_pos": [
                0.6860069433197563,
                -0.8653322885437764,
                0.07500000000000001
            ],
            "goal_quat": [
                0.5941731533989159,
                -0.0,
                -0.0,
                -0.8043371580251583
            ],
            "shape": [
                0.03,
                0.3,
                0.05
            ],
            "start_pos": [
                -0.01692368577345955,
                0.2531029797522777,
                0.15100000000000002
            ],
            "start_quat": [
                0.9980151429716033,
                -0.0,
                -0.0,
                -0.06297439479161569
            ]
        }
    ]
}