{
    "objects": [
        {
            "goal_pos": [
                -0.8791900980615828,
                -0.5935980017916819,
                0.09
            ],
            "goal_quat": [
                0.49941772469820456,
                -0.0,
                -0.0,
                -0.86636131969131
            ],
            "shape": [
                0.09,
                0.07,
                0.08
            ],
            "start_pos": [
                -0.10813204014974098,
                0.5198663734792537,
                0.09
            ],
            "start_quat": [
                0.5460406687389163,
                -0.0,
                -0.0,
                -0.8377586693572064
            ]
        },
        {
            "goal_pos": [
                0.9343813924324094,
                0.3351638084938148,
                0.13
            ],
            "goal_quat": [
                0.986728408277204,
                -0.0,
                -0.0,
                -0.1623793345802829
            ],
            "shape": [
                0.07,
                0.06,
                0.16
            ],
            "start_pos": [
                0.1713390412199035,
                -0.9052672237905937,
                0.13
            ],
            "start_quat": [
                0.8782466512886996,
                0.0,
                0.0,
                0.47820792496589315
            ]
        },
        {
            "goal_pos": [
                0.8542715532339122,
                1.0123756166252755,
                0.14
            ],
            "goal_quat": [
                0.99954573507848,
                0.0,
                0.0,
                0.030138405505616996
            ],
            "shape": [
                0.06,
                0.05,
                0.18
            ],
            "start_pos": [
                -0.3538559082671945,
                -0.9730973636375315,
                0.14
            ],
            "start_quat": [
                0.9701731354474433,
                0.0,
                0.0,
                0.24241305091945178
            ]
        }
    ]
}