{
    "objects": [
        {
            "goal_pos": [
                -0.5761045955432976,
                -0.6185857834648538,
                0.125
            ],
            "goal_quat": [
                0.8467537847502257,
                -0.0,
                -0.0,
                -0.5319849885205113
            ],
            "shape": [
                0.12,
                0.17,
                0.15
            ],
            "start_pos": [
                0.5418597755165176,
                -0.6377683673818311,
                0.125
            ],
            "start_quat": [
                0.09750948724228482,
                0.0,
                0.0,
                0.9952345954084126
            ]
        },
        {
            "goal_pos": [
                -0.2970259884046693,
                -0.42332886592940533,
                0.235
            ],
            "goal_quat": [
                0.6763313813201901,
                0.0,
                0.0,
                0.7365974902492701
            ],
            "shape": [
                0.1,
                0.33,
                0.37
            ],
            "start_pos": [
                0.06009544451934991,
                -0.3917019921369911,
                0.235
            ],
            "start_quat": [
                0.36761951484190714,
                0.0,
                0.0,
                0.9299762858844309
            ]
        }
    ]
}