{
    "objects": [
        {
            "goal_pos": [
                0.37240162464953647,
                -0.3925698448874797,
                0.24
            ],
            "goal_quat": [
                0.5176339345763906,
                -0.0,
                -0.0,
                -0.855602191310287
            ],
            "shape": [
                0.28,
                0.2,
                0.38
            ],
            "start_pos": [
                -0.5435992573415074,
                -0.4933677946471753,
                0.24
            ],
            "start_quat": [
                0.9987079093607399,
                0.0,
                0.0,
                0.05081841969502941
            ]
        }
    ]
}