{
    "objects": [
        {
            "goal_pos": [
                -0.023802025093127455,
                -0.8189733253851474,
                0.07500000000000001
            ],
            "goal_quat": [
                0.8591421821729884,
                0.0,
                0.0,
                0.5117369547052817
            ],
            "shape": [
                0.03,
                0.3,
                0.05
            ],
            "start_pos": [
                0.4067297780772219,
                0.27802191620013583,
                0.15100000000000002
            ],
            "start_quat": [
                0.3349676482582453,
                0.0,
                0.0,
                0.9422296294536382
            ]
        },
        {
            "goal_pos": [
                0.9107320712022707,
                -0.49661276622371164,
                0.07500000000000001
            ],
            "goal_quat": [
                0.9962937647232498,
                -0.0,
                -0.0,
                -0.0860158960516813
            ],
            "shape": [
                0.03,
                0.3,
                0.05
            ],
            "start_pos": [
                -0.4111405719559903,
                0.307190868894242,
                0.551
            ],
            "start_quat": [
                0.5717133690882795,
                -0.0,
                -0.0,
                -0.8204534256164263
            ]
        }
    ]
}