{
    "objects": [
        {
            "goal_pos": [
                -0.2513730040240978,
                -0.3436460198899596,
                0.09
            ],
            "goal_quat": [
                0.9694109596065293,
                0.0,
                0.0,
                0.24544325493838287
            ],
            "shape": [
                0.4,
                0.06,
                0.08
            ],
            "start_pos": [
                -0.6691235110680255,
                -0.6188411761025716,
                0.09
            ],
            "start_quat": [
                0.17997285673065477,
                -0.0,
                -0.0,
                -0.9836715767166434
            ]
        },
        {
            "goal_pos": [
                0.5653380635933682,
                -0.6470407626427117,
                0.165
            ],
            "goal_quat": [
                0.7603141791556883,
                0.0,
                0.0,
                0.649555501073474
            ],
            "shape": [
                0.25,
                0.1,
                0.23
            ],
            "start_pos": [
                0.16095300148237657,
                -0.4748377730082821,
                0.165
            ],
            "start_quat": [
                0.33837835910483516,
                0.0,
                0.0,
                0.9410101413319195
            ]
        }
    ]
}