{
    "objects": [
        {
            "goal_pos": [
                0.38845972450221095,
                -0.9412619703746996,
                0.175
            ],
            "goal_quat": [
                0.999592725465724,
                0.0,
                0.0,
                0.02853739995174511
            ],
            "shape": [
                0.16,
                0.2,
                0.25
            ],
            "start_pos": [
                -0.5981133251817919,
                -0.7063827614615656,
                0.175
            ],
            "start_quat": [
                0.0032793733163300623,
                0.0,
                0.0,
                0.9999946228408692
            ]
        },
        {
            "goal_pos": [
                -1.1486450054562387,
                0.760546699118079,
                0.085
            ],
            "goal_quat": [
                0.8458879384845683,
                -0.0,
                -0.0,
                -0.5333606617724326
            ],
            "shape": [
                0.22,
                0.2,
                0.07
            ],
            "start_pos": [
                1.1212944350197034,
                -0.9071025217779956,
                0.085
            ],
            "start_quat": [
                0.9999960686189058,
                -0.0,
                -0.0,
                -0.0028040589745202066
            ]
        },
        {
            "goal_pos": [
                -0.618420710744667,
                1.1688827930927885,
                0.16
            ],
            "goal_quat": [
                0.9332458581229897,
                0.0,
                0.0,
                0.359238316854264
            ],
            "shape": [
                0.21,
                0.18,
                0.22
            ],
            "start_pos": [
                0.4305167136995937,
                0.022639209863180576,
                0.16
            ],
            "start_quat": [
                0.7720593419802506,
                -0.0,
                -0.0,
                -0.6355504483996707
            ]
        },
        {
            "goal_pos": [
                1.3448398046758963,
                -0.599594493462805,
                0.165
            ],
            "goal_quat": [
                0.14373573381980312,
                0.0,
                0.0,
                0.9896161067925697
            ],
            "shape": [
                0.32,
                0.18,
                0.23
            ],
            "start_pos": [
                0.029707246407871257,
                0.4935037217643657,
                0.165
            ],
            "start_quat": [
                0.718542643043408,
                -0.0,
                -0.0,
                -0.6954829042673828
            ]
        }
    ]
}