{
    "objects": [
        {
            "goal_pos": [
                0.3411851335191073,
                -0.943285893237765,
                0.07500000000000001
            ],
            "goal_quat": [
                0.9587489718489429,
                -0.0,
                -0.0,
                -0.28425412746096546
            ],
            "shape": [
                0.03,
                0.3,
                0.05
            ],
            "start_pos": [
                0.4235569488999996,
                0.3107418031172564,
                0.15100000000000002
            ],
            "start_quat": [
                0.35603543178790903,
                0.0,
                0.0,
                0.9344724561545927
            ]
        },
        {
            "goal_pos": [
                -0.5922552500353858,
                -0.8908901112502836,
                0.07500000000000001
            ],
            "goal_quat": [
                0.6196669083046867,
                -0.0,
                -0.0,
                -0.7848649073261659
            ],
            "shape": [
                0.03,
                0.3,
                0.05
            ],
            "start_pos": [
                -0.37613158821028797,
                0.3472201662625357,
                0.551
            ],
            "start_quat": [
                0.16429427869490185,
                0.0,
                0.0,
                0.9864113695553808
            ]
        },
        {
            "goal_pos": [
                -0.15623823995395617,
                -0.81179958207715,
                0.07500000000000001
            ],
            "goal_quat": [
                0.07240046785141244,
                0.0,
                0.0,
                0.9973756425013078
            ],
            "shape": [
                0.03,
                0.3,
                0.05
            ],
            "start_pos": [
                -0.007908446715527834,
                0.2669626054695247,
                0.15100000000000002
            ],
            "start_quat": [
                0.6195950918654243,
                0.0,
                0.0,
                0.7849216025414745
            ]
        },
        {
            "goal_pos": [
                0.6331447652490988,
                -0.8308657730916946,
                0.07500000000000001
            ],
            "goal_quat": [
                0.20576529508361352,
                -0.0,
                -0.0,
                -0.9786013710082127
            ],
            "shape": [
                0.03,
                0.3,
                0.05
            ],
            "start_pos": [
                -0.011843285593818876,
                0.3464585122361093,
                0.551
            ],
            "start_quat": [
                0.9931245263693773,
                0.0,
                0.0,
                0.11706269740442492
            ]
        }
    ]
}