{
    "objects": [
        {
            "goal_pos": [
                -1.083150177280872,
                -0.28799361345905117,
                0.13
            ],
            "goal_quat": [
                0.8998661411217035,
                -0.0,
                -0.0,
                -0.4361661702410383
            ],
            "shape": [
                0.2,
                0.07,
                0.16
            ],
            "start_pos": [
                0.213243282127691,
                0.07067546531725355,
                0.13
            ],
            "start_quat": [
                0.4614878906757535,
                0.0,
                0.0,
                0.8871465080580793
            ]
        },
        {
            "goal_pos": [
                0.8967058995610324,
                -0.820183050199459,
                0.125
            ],
            "goal_quat": [
                0.8299325157911331,
                0.0,
                0.0,
                0.5578637998943833
            ],
            "shape": [
                0.05,
                0.18,
                0.15
            ],
            "start_pos": [
                0.02087272375972149,
                -0.1988467847282535,
                0.125
            ],
            "start_quat": [
                0.6841996596125975,
                -0.0,
                -0.0,
                -0.7292947454808691
            ]
        },
        {
            "goal_pos": [
                1.0361581251960699,
                -0.2985130020031346,
                0.115
            ],
            "goal_quat": [
                0.4799704695423887,
                -0.0,
                -0.0,
                -0.8772846450082544
            ],
            "shape": [
                0.14,
                0.11,
                0.13
            ],
            "start_pos": [
                -0.5334566641018538,
                -1.0592860975045475,
                0.115
            ],
            "start_quat": [
                0.9895263095989014,
                -0.0,
                -0.0,
                -0.14435263285295172
            ]
        },
        {
            "goal_pos": [
                1.0048174972180013,
                0.9712089335340963,
                0.10500000000000001
            ],
            "goal_quat": [
                0.6481229619645513,
                0.0,
                0.0,
                0.7615357024948316
            ],
            "shape": [
                0.05,
                0.14,
                0.11
            ],
            "start_pos": [
                0.04134047190912293,
                -0.462173445594303,
                0.10500000000000001
            ],
            "start_quat": [
                0.4295897128632576,
                -0.0,
                -0.0,
                -0.9030241849485893
            ]
        }
    ]
}