{
    "objects": [
        {
            "goal_pos": [
                0.34712488024237853,
                0.6168502383315577,
                0.16
            ],
            "goal_quat": [
                0.0885431307510095,
                0.0,
                0.0,
                0.9960723437566218
            ],
            "shape": [
                0.1,
                0.07,
                0.22
            ],
            "start_pos": [
                -0.5317594481786281,
                0.6344455412169274,
                0.16
            ],
            "start_quat": [
                0.6352814130603104,
                -0.0,
                -0.0,
                -0.7722807301882492
            ]
        },
        {
            "goal_pos": [
                0.234173423817141,
                -0.7739054101453577,
                0.125
            ],
            "goal_quat": [
                0.31101756559647853,
                0.0,
                0.0,
                0.9504041634433428
            ],
            "shape": [
                0.38,
                0.12,
                0.15
            ],
            "start_pos": [
                1.1171478473160317,
                0.6098609165872491,
                0.125
            ],
            "start_quat": [
                0.7674220411280975,
                0.0,
                0.0,
                0.6411422703197666
            ]
        }
    ]
}