{
    "objects": [
        {
            "goal_pos": [
                0.012273252162753656,
                -0.7822265812444624,
                0.07500000000000001
            ],
            "goal_quat": [
                0.2849776936020144,
                -0.0,
                -0.0,
                -0.9585341486610044
            ],
            "shape": [
                0.03,
                0.3,
                0.05
            ],
            "start_pos": [
                0.4131515057384489,
                0.25774233443410677,
                0.15100000000000002
            ],
            "start_quat": [
                0.4500434821240963,
                -0.0,
                -0.0,
                -0.8930066428630966
            ]
        },
        {
            "goal_pos": [
                -0.7589102162309299,
                -0.8349190861316076,
                0.07500000000000001
            ],
            "goal_quat": [
                0.9667064499841275,
                -0.0,
                -0.0,
                -0.2558879433640546
            ],
            "shape": [
                0.03,
                0.3,
                0.05
            ],
            "start_pos": [
                -0.4018571587942999,
                0.25514995925616785,
                0.551
            ],
            "start_quat": [
                0.919573894365011,
                0.0,
                0.0,
                0.3929171067825471
            ]
        }
    ]
}