{
    "objects": [
        {
            "goal_pos": [
                0.5401071772406448,
                1.1583260036086624,
                0.19
            ],
            "goal_quat": [
                0.8159191074250469,
                -0.0,
                -0.0,
                -0.5781660748770329
            ],
            "shape": [
                0.08,
                0.32,
                0.28
            ],
            "start_pos": [
                -0.946156879578489,
                0.8471755708138368,
                0.19
            ],
            "start_quat": [
                0.005237328465783544,
                -0.0,
                -0.0,
                -0.9999862851012216
            ]
        },
        {
            "goal_pos": [
                -0.1765812096502261,
                1.2054856886229925,
                0.22500000000000003
            ],
            "goal_quat": [
                0.5990689791504201,
                -0.0,
                -0.0,
                -0.800697419890731
            ],
            "shape": [
                0.08,
                0.37,
                0.35000000000000003
            ],
            "start_pos": [
                0.16565400321421697,
                0.9336024625643757,
                0.22500000000000003
            ],
            "start_quat": [
                0.8823101614774198,
                -0.0,
                -0.0,
                -0.4706684384507732
            ]
        },
        {
            "goal_pos": [
                -0.03404307267991613,
                0.08454864580379096,
                0.1
            ],
            "goal_quat": [
                0.47761974292634046,
                -0.0,
                -0.0,
                -0.8785666629044016
            ],
            "shape": [
                0.19,
                0.24,
                0.1
            ],
            "start_pos": [
                -0.6845230925703667,
                0.1753432282266656,
                0.1
            ],
            "start_quat": [
                0.9828573125344879,
                -0.0,
                -0.0,
                -0.1843678475154602
            ]
        }
    ]
}