{
    "objects": [
        {
            "goal_pos": [
                -1.027617772339492,
                -0.4522457259062426,
                0.07500000000000001
            ],
            "goal_quat": [
                0.9308851987060257,
                0.0,
                0.0,
                0.3653118487402825
            ],
            "shape": [
                0.03,
                0.3,
                0.05
            ],
            "start_pos": [
                0.38829423814207037,
                0.3226217299163404,
                0.15100000000000002
            ],
            "start_quat": [
                0.7117037652997492,
                -0.0,
                -0.0,
                -0.7024797153357237
            ]
        },
        {
            "goal_pos": [
                0.027740041757764566,
                -0.7707479646247524,
                0.07500000000000001
            ],
            "goal_quat": [
                0.03910559115145146,
                0.0,
                0.0,
                0.999235083821968
            ],
            "shape": [
                0.03,
                0.3,
                0.05
            ],
            "start_pos": [
                -0.3787974500892471,
                0.27942023159966645,
                0.551
            ],
            "start_quat": [
                0.01080168580495643,
                -0.0,
                -0.0,
                -0.999941660090113
            ]
        },
        {
            "goal_pos": [
                0.5915710651683194,
                -0.8071989117687537,
                0.07500000000000001
            ],
            "goal_quat": [
                0.9807807829322417,
                -0.0,
                -0.0,
                -0.19511293096773216
            ],
            "shape": [
                0.03,
                0.3,
                0.05
            ],
            "start_pos": [
                -0.023721531585057666,
                0.2546349615201927,
                0.15100000000000002
            ],
            "start_quat": [
                0.3146976889500563,
                0.0,
                0.0,
                0.9491919534896478
            ]
        }
    ]
}