{
    "objects": [
        {
            "goal_pos": [
                0.03779294870527322,
                -0.3487711324236791,
                0.095
            ],
            "goal_quat": [
                0.2919068542477554,
                0.0,
                0.0,
                0.9564467514938716
            ],
            "shape": [
                0.31,
                0.12,
                0.09
            ],
            "start_pos": [
                0.676939355760483,
                -0.5991913684408878,
                0.095
            ],
            "start_quat": [
                0.4709445532274476,
                0.0,
                0.0,
                0.8821628125155808
            ]
        }
    ]
}