{
    "objects": [
        {
            "goal_pos": [
                -0.9121225147696932,
                1.0076918516938935,
                0.14
            ],
            "goal_quat": [
                0.20475519811705922,
                -0.0,
                -0.0,
                -0.9788132144817232
            ],
            "shape": [
                0.09,
                0.08,
                0.18
            ],
            "start_pos": [
                -0.07613617082171803,
                0.13185006526891896,
                0.14
            ],
            "start_quat": [
                0.9979106854305739,
                0.0,
                0.0,
                0.06460854357963917
            ]
        },
        {
            "goal_pos": [
                0.9434862891880518,
                -0.6666401500796225,
                0.14
            ],
            "goal_quat": [
                0.8365207272801036,
                -0.0,
                -0.0,
                -0.5479352816079345
            ],
            "shape": [
                0.11,
                0.16,
                0.18
            ],
            "start_pos": [
                0.3059231539721622,
                0.022845857422780724,
                0.14
            ],
            "start_quat": [
                0.7524381652081032,
                -0.0,
                -0.0,
                -0.6586628937007634
            ]
        },
        {
            "goal_pos": [
                -0.9166061889183552,
                -0.0007438669422922262,
                0.10500000000000001
            ],
            "goal_quat": [
                0.6118173019801518,
                -0.0,
                -0.0,
                -0.7909991080890848
            ],
            "shape": [
                0.19,
                0.16,
                0.11
            ],
            "start_pos": [
                0.15117984507850563,
                -0.5903070817525048,
                0.10500000000000001
            ],
            "start_quat": [
                0.5191105892484226,
                0.0,
                0.0,
                0.854707082063882
            ]
        }
    ]
}