{
    "objects": [
        {
            "goal_pos": [
                1.3376251798139003,
                0.5028480126157003,
                0.09
            ],
            "goal_quat": [
                0.4186750136176325,
                0.0,
                0.0,
                0.9081361312998593
            ],
            "shape": [
                0.12,
                0.17,
                0.08
            ],
            "start_pos": [
                -0.09344027377625552,
                -0.6404071331584429,
                0.09
            ],
            "start_quat": [
                0.01905493853788507,
                -0.0,
                -0.0,
                -0.9998184381763108
            ]
        },
        {
            "goal_pos": [
                0.8487089391967594,
                0.9353171070360706,
                0.095
            ],
            "goal_quat": [
                0.4079652083407521,
                0.0,
                0.0,
                0.9129974746862594
            ],
            "shape": [
                0.11,
                0.13,
                0.09
            ],
            "start_pos": [
                0.23532546592211961,
                -0.21543181227890307,
                0.095
            ],
            "start_quat": [
                0.046414388594809314,
                0.0,
                0.0,
                0.9989222715163428
            ]
        },
        {
            "goal_pos": [
                -0.9965253184266334,
                -0.38027910894700667,
                0.09
            ],
            "goal_quat": [
                0.08126878020874637,
                0.0,
                0.0,
                0.9966922219839897
            ],
            "shape": [
                0.08,
                0.13,
                0.08
            ],
            "start_pos": [
                -0.22445560023210853,
                0.0318534909116478,
                0.09
            ],
            "start_quat": [
                0.8426779749531922,
                0.0,
                0.0,
                0.5384178958102963
            ]
        }
    ]
}