{
    "objects": [
        {
            "goal_pos": [
                -1.1597453542946243,
                0.659172202283597,
                0.1
            ],
            "goal_quat": [
                0.01591648238499878,
                -0.0,
                -0.0,
                -0.9998733247709372
            ],
            "shape": [
                0.07,
                0.17,
                0.1
            ],
            "start_pos": [
                -0.1898501580623766,
                0.9598907413345984,
                0.1
            ],
            "start_quat": [
                0.22559637347852424,
                0.0,
                0.0,
                0.9742208560040881
            ]
        },
        {
            "goal_pos": [
                0.9489579351002799,
                -0.6404311256943712,
                0.085
            ],
            "goal_quat": [
                0.6298680508920341,
                -0.0,
                -0.0,
                -0.7767021555689606
            ],
            "shape": [
                0.18,
                0.05,
                0.07
            ],
            "start_pos": [
                0.09769038376551642,
                0.9280957853995322,
                0.085
            ],
            "start_quat": [
                0.6625347897273757,
                0.0,
                0.0,
                0.7490311424773353
            ]
        },
        {
            "goal_pos": [
                -1.084508829311158,
                -0.06012344435568823,
                0.12000000000000001
            ],
            "goal_quat": [
                0.014229663472476737,
                0.0,
                0.0,
                0.9998987532132741
            ],
            "shape": [
                0.12,
                0.16,
                0.14
            ],
            "start_pos": [
                0.1937270810663369,
                0.06511958346796182,
                0.12000000000000001
            ],
            "start_quat": [
                0.012850114530393005,
                0.0,
                0.0,
                0.999917433869695
            ]
        }
    ]
}