{
    "objects": [
        {
            "goal_pos": [
                0.9701349007641595,
                -0.039154275191028654,
                0.115
            ],
            "goal_quat": [
                0.17116909414020182,
                -0.0,
                -0.0,
                -0.9852416664002912
            ],
            "shape": [
                0.14,
                0.07,
                0.13
            ],
            "start_pos": [
                0.20899809748671594,
                0.1991617758628848,
                0.115
            ],
            "start_quat": [
                0.9908426324473562,
                -0.0,
                -0.0,
                -0.13502176759616777
            ]
        },
        {
            "goal_pos": [
                0.9682545902520654,
                0.6444332755612177,
                0.125
            ],
            "goal_quat": [
                0.7930973368598162,
                0.0,
                0.0,
                0.6090949140042684
            ],
            "shape": [
                0.05,
                0.05,
                0.15
            ],
            "start_pos": [
                -0.4540985176328842,
                0.09557553865236434,
                0.125
            ],
            "start_quat": [
                0.10060548267696974,
                0.0,
                0.0,
                0.994926397707556
            ]
        },
        {
            "goal_pos": [
                -0.916047766894476,
                0.5033820044268112,
                0.07500000000000001
            ],
            "goal_quat": [
                0.131007917035727,
                0.0,
                0.0,
                0.9913813220320222
            ],
            "shape": [
                0.14,
                0.12,
                0.05
            ],
            "start_pos": [
                -0.007211523161194777,
                -0.22256438925202265,
                0.07500000000000001
            ],
            "start_quat": [
                0.17248359827267531,
                0.0,
                0.0,
                0.9850123899357359
            ]
        }
    ]
}