{
    "objects": [
        {
            "goal_pos": [
                0.6486942405834917,
                -0.6295368844041691,
                0.14
            ],
            "goal_quat": [
                0.4721767418826398,
                0.0,
                0.0,
                0.8815038992682307
            ],
            "shape": [
                0.33,
                0.14,
                0.18
            ],
            "start_pos": [
                -0.6133532533526415,
                -0.6070595583387877,
                0.14
            ],
            "start_quat": [
                0.29544131728639,
                0.0,
                0.0,
                0.9553608889001489
            ]
        },
        {
            "goal_pos": [
                -0.17953973564689024,
                -0.5817836070648239,
                0.135
            ],
            "goal_quat": [
                0.2782732305715475,
                0.0,
                0.0,
                0.9605019568680089
            ],
            "shape": [
                0.07,
                0.07,
                0.17
            ],
            "start_pos": [
                -0.2436528460713567,
                -0.41602236468898257,
                0.135
            ],
            "start_quat": [
                0.7266422771119397,
                -0.0,
                -0.0,
                -0.6870160122686916
            ]
        }
    ]
}