{
    "objects": [
        {
            "goal_pos": [
                0.13301252807769298,
                -0.4504541279695863,
                0.22500000000000003
            ],
            "goal_quat": [
                0.30448254527739715,
                0.0,
                0.0,
                0.952517915643269
            ],
            "shape": [
                0.17,
                0.22,
                0.35000000000000003
            ],
            "start_pos": [
                -0.2506259976379145,
                -0.41011035100439963,
                0.22500000000000003
            ],
            "start_quat": [
                0.43174506557796255,
                0.0,
                0.0,
                0.9019956753494336
            ]
        },
        {
            "goal_pos": [
                0.5021065339220356,
                -0.43031315526197345,
                0.18
            ],
            "goal_quat": [
                0.8578028619823463,
                -0.0,
                -0.0,
                -0.513978841952561
            ],
            "shape": [
                0.31,
                0.06,
                0.26
            ],
            "start_pos": [
                -0.719601429665879,
                -0.6165177192627556,
                0.18
            ],
            "start_quat": [
                0.8971835756439073,
                -0.0,
                -0.0,
                -0.44165782184267194
            ]
        },
        {
            "goal_pos": [
                -0.11009470814022448,
                -0.5769443067483906,
                0.12000000000000001
            ],
            "goal_quat": [
                0.9975461787796123,
                0.0,
                0.0,
                0.07001157905799399
            ],
            "shape": [
                0.12,
                0.09,
                0.14
            ],
            "start_pos": [
                -0.398176459405989,
                -0.5735959641552342,
                0.12000000000000001
            ],
            "start_quat": [
                0.39197289208153624,
                0.0,
                0.0,
                0.9199767670290573
            ]
        }
    ]
}