{
    "objects": [
        {
            "goal_pos": [
                1.0480906935676628,
                0.0408819548257231,
                0.1
            ],
            "goal_quat": [
                0.4411136510006072,
                -0.0,
                -0.0,
                -0.8974512504314174
            ],
            "shape": [
                0.05,
                0.16,
                0.1
            ],
            "start_pos": [
                0.25174333039052793,
                -0.8716606482127536,
                0.1
            ],
            "start_quat": [
                0.9459554590496738,
                -0.0,
                -0.0,
                -0.3242965764452668
            ]
        },
        {
            "goal_pos": [
                -1.2144990102805586,
                0.4068788811878635,
                0.08
            ],
            "goal_quat": [
                0.00862223465214185,
                0.0,
                0.0,
                0.9999628278439171
            ],
            "shape": [
                0.18,
                0.19,
                0.06
            ],
            "start_pos": [
                0.10950930483548771,
                0.6793147000063379,
                0.08
            ],
            "start_quat": [
                0.9278703306156447,
                0.0,
                0.0,
                0.3729030028884378
            ]
        },
        {
            "goal_pos": [
                1.0778416580124623,
                -0.5700365366548357,
                0.14
            ],
            "goal_quat": [
                0.615311399085071,
                -0.0,
                -0.0,
                -0.7882841379578638
            ],
            "shape": [
                0.08,
                0.07,
                0.18
            ],
            "start_pos": [
                -0.043632351738058794,
                -0.524430573572531,
                0.14
            ],
            "start_quat": [
                0.9972958027438638,
                -0.0,
                -0.0,
                -0.0734920528320749
            ]
        }
    ]
}