{
    "objects": [
        {
            "goal_pos": [
                0.5526582843573413,
                -0.6963861509154283,
                0.2
            ],
            "goal_quat": [
                0.40241084399005117,
                -0.0,
                -0.0,
                -0.9154591813069629
            ],
            "shape": [
                0.05,
                0.16,
                0.3
            ],
            "start_pos": [
                0.13265701147257603,
                -0.5607411254448986,
                0.2
            ],
            "start_quat": [
                0.871310725504852,
                -0.0,
                -0.0,
                -0.490731718579723
            ]
        },
        {
            "goal_pos": [
                -0.3337961011467012,
                -0.3195956916108762,
                0.125
            ],
            "goal_quat": [
                0.970433014148827,
                -0.0,
                -0.0,
                -0.24137059690447488
            ],
            "shape": [
                0.17,
                0.26,
                0.15
            ],
            "start_pos": [
                -0.6218465877803078,
                -0.6232980181911935,
                0.125
            ],
            "start_quat": [
                0.3720274385561552,
                -0.0,
                -0.0,
                -0.9282217326486953
            ]
        }
    ]
}