{
    "objects": [
        {
            "goal_pos": [
                -1.0062110842789802,
                -0.46466632245764294,
                0.07500000000000001
            ],
            "goal_quat": [
                0.10915821456285991,
                0.0,
                0.0,
                0.9940243881281026
            ],
            "shape": [
                0.03,
                0.3,
                0.05
            ],
            "start_pos": [
                0.42227891728820005,
                0.2617698552144722,
                0.15100000000000002
            ],
            "start_quat": [
                0.997329505553701,
                0.0,
                0.0,
                0.0730332619565244
            ]
        },
        {
            "goal_pos": [
                -0.8199312631990443,
                -0.7692234221649519,
                0.07500000000000001
            ],
            "goal_quat": [
                0.7668990133866593,
                -0.0,
                -0.0,
                -0.6417677954420653
            ],
            "shape": [
                0.03,
                0.3,
                0.05
            ],
            "start_pos": [
                -0.3908035384321642,
                0.2912317922966808,
                0.551
            ],
            "start_quat": [
                0.29354133078360534,
                -0.0,
                -0.0,
                -0.9559463829743747
            ]
        }
    ]
}