{
    "objects": [
        {
            "goal_pos": [
                -0.4744879172353772,
                -0.8713115239292912,
                0.07500000000000001
            ],
            "goal_quat": [
                0.927297987427769,
                0.0,
                0.0,
                0.3743239806803849
            ],
            "shape": [
                0.03,
                0.3,
                0.05
            ],
            "start_pos": [
                0.4033967381563999,
                0.2924448168805664,
                0.15100000000000002
            ],
            "start_quat": [
                0.5454831833046015,
                0.0,
                0.0,
                0.838121767246191
            ]
        },
        {
            "goal_pos": [
                0.5804341726935822,
                -0.8946416102275698,
                0.07500000000000001
            ],
            "goal_quat": [
                0.9643225263083398,
                -0.0,
                -0.0,
                -0.2647301744310634
            ],
            "shape": [
                0.03,
                0.3,
                0.05
            ],
            "start_pos": [
                -0.41574160922199704,
                0.2711628801613418,
                0.551
            ],
            "start_quat": [
                0.5551261354747561,
                0.0,
                0.0,
                0.8317661773075788
            ]
        }
    ]
}