{
    "objects": [
        {
            "goal_pos": [
                0.5462432808709119,
                -0.9221681264292492,
                0.07500000000000001
            ],
            "goal_quat": [
                0.8691601355960444,
                0.0,
                0.0,
                0.4945307459508111
            ],
            "shape": [
                0.03,
                0.3,
                0.05
            ],
            "start_pos": [
                0.3900671425361239,
                0.26948292103569643,
                0.15100000000000002
            ],
            "start_quat": [
                0.9962489072809818,
                0.0,
                0.0,
                0.08653389359926959
            ]
        },
        {
            "goal_pos": [
                -0.7789842160478087,
                -0.6972926140694093,
                0.07500000000000001
            ],
            "goal_quat": [
                0.6781033361221029,
                -0.0,
                -0.0,
                -0.734966574437283
            ],
            "shape": [
                0.03,
                0.3,
                0.05
            ],
            "start_pos": [
                -0.38444795242475205,
                0.3459814581691696,
                0.551
            ],
            "start_quat": [
                0.5873669075213933,
                0.0,
                0.0,
                0.8093207744453091
            ]
        }
    ]
}