{
    "objects": [
        {
            "goal_pos": [
                0.37495191813478956,
                -0.8505394667105517,
                0.07500000000000001
            ],
            "goal_quat": [
                0.9075785600411398,
                0.0,
                0.0,
                0.4198823136947437
            ],
            "shape": [
                0.03,
                0.3,
                0.05
            ],
            "start_pos": [
                0.378152026114261,
                0.34047880690806714,
                0.15100000000000002
            ],
            "start_quat": [
                0.9745202768302599,
                -0.0,
                -0.0,
                -0.22429942052237617
            ]
        },
        {
            "goal_pos": [
                0.9663085012085203,
                -0.325473536161684,
                0.07500000000000001
            ],
            "goal_quat": [
                0.9775737953535062,
                -0.0,
                -0.0,
                -0.21059314955178673
            ],
            "shape": [
                0.03,
                0.3,
                0.05
            ],
            "start_pos": [
                -0.3968343705966665,
                0.2961332769054208,
                0.551
            ],
            "start_quat": [
                0.8965833984861846,
                0.0,
                0.0,
                0.4428749367021839
            ]
        }
    ]
}