{
    "objects": [
        {
            "goal_pos": [
                0.6334511028847715,
                -0.5914219910604708,
                0.155
            ],
            "goal_quat": [
                0.20814690969991628,
                0.0,
                0.0,
                0.9780975738556839
            ],
            "shape": [
                0.26,
                0.14,
                0.21
            ],
            "start_pos": [
                -0.1254319462881967,
                -0.3517415086279876,
                0.155
            ],
            "start_quat": [
                0.6470861799015623,
                -0.0,
                -0.0,
                -0.7624168648320964
            ]
        }
    ]
}