{
    "objects": [
        {
            "goal_pos": [
                0.908210876660751,
                -0.5163605785486662,
                0.07500000000000001
            ],
            "goal_quat": [
                0.8094511057084024,
                0.0,
                0.0,
                0.5871872848312067
            ],
            "shape": [
                0.03,
                0.3,
                0.05
            ],
            "start_pos": [
                0.37607671295460326,
                0.30832726441201985,
                0.15100000000000002
            ],
            "start_quat": [
                0.2738709632390973,
                -0.0,
                -0.0,
                -0.961766445398512
            ]
        },
        {
            "goal_pos": [
                0.010238430895792294,
                -0.7947000484511413,
                0.07500000000000001
            ],
            "goal_quat": [
                0.38250818020367267,
                0.0,
                0.0,
                0.9239521048611095
            ],
            "shape": [
                0.03,
                0.3,
                0.05
            ],
            "start_pos": [
                -0.3767389607176337,
                0.3193108648542493,
                0.551
            ],
            "start_quat": [
                0.9980976706812614,
                0.0,
                0.0,
                0.06165257318750188
            ]
        }
    ]
}