{
    "objects": [
        {
            "goal_pos": [
                0.4215928690704293,
                -0.3495650424150579,
                0.155
            ],
            "goal_quat": [
                0.47968374242771783,
                -0.0,
                -0.0,
                -0.8774414551698243
            ],
            "shape": [
                0.15,
                0.06,
                0.21
            ],
            "start_pos": [
                -0.16313221035035358,
                -0.3375384351781797,
                0.155
            ],
            "start_quat": [
                0.3315235857404597,
                -0.0,
                -0.0,
                -0.9434469312567549
            ]
        },
        {
            "goal_pos": [
                0.6471599659427243,
                -0.569154671924073,
                0.24
            ],
            "goal_quat": [
                0.08815447513593712,
                0.0,
                0.0,
                0.9961068158152053
            ],
            "shape": [
                0.32,
                0.15,
                0.38
            ],
            "start_pos": [
                -0.5714559937807269,
                -0.5627917237717985,
                0.24
            ],
            "start_quat": [
                0.1663254956135947,
                -0.0,
                -0.0,
                -0.986070904909425
            ]
        },
        {
            "goal_pos": [
                -0.21450164200360472,
                -0.5339902471868971,
                0.07500000000000001
            ],
            "goal_quat": [
                0.9307017025918152,
                0.0,
                0.0,
                0.3657790874184804
            ],
            "shape": [
                0.16,
                0.13,
                0.05
            ],
            "start_pos": [
                0.14045654146306163,
                -0.5311458156762252,
                0.07500000000000001
            ],
            "start_quat": [
                0.15955343331926297,
                -0.0,
                -0.0,
                -0.9871892938621425
            ]
        }
    ]
}