{
    "objects": [
        {
            "goal_pos": [
                -0.4377283741105451,
                -0.5990175841824933,
                0.14500000000000002
            ],
            "goal_quat": [
                0.5242225043679163,
                -0.0,
                -0.0,
                -0.8515813325303873
            ],
            "shape": [
                0.23,
                0.05,
                0.19
            ],
            "start_pos": [
                -0.12241937800119045,
                -0.42402745332286396,
                0.14500000000000002
            ],
            "start_quat": [
                0.5092630338714416,
                -0.0,
                -0.0,
                -0.8606109238977012
            ]
        },
        {
            "goal_pos": [
                0.21609569849713928,
                -0.40457059131682094,
                0.095
            ],
            "goal_quat": [
                0.590615329978142,
                0.0,
                0.0,
                0.8069532402777811
            ],
            "shape": [
                0.26,
                0.21,
                0.09
            ],
            "start_pos": [
                0.64452745952059,
                -0.6102517871560447,
                0.095
            ],
            "start_quat": [
                0.955034989027924,
                -0.0,
                -0.0,
                -0.296493119199136
            ]
        }
    ]
}