{
    "objects": [
        {
            "goal_pos": [
                0.016833328194151342,
                -0.723980783493408,
                0.07500000000000001
            ],
            "goal_quat": [
                0.7783777273343752,
                -0.0,
                -0.0,
                -0.6277962357244372
            ],
            "shape": [
                0.03,
                0.3,
                0.05
            ],
            "start_pos": [
                0.40519149779313296,
                0.282972039560216,
                0.15100000000000002
            ],
            "start_quat": [
                0.980149669847003,
                0.0,
                0.0,
                0.19825898390441493
            ]
        },
        {
            "goal_pos": [
                0.9684073478784958,
                -0.44265967631880665,
                0.07500000000000001
            ],
            "goal_quat": [
                0.3662404283530801,
                -0.0,
                -0.0,
                -0.9305202569744263
            ],
            "shape": [
                0.03,
                0.3,
                0.05
            ],
            "start_pos": [
                -0.38056519504136055,
                0.2543768080798554,
                0.551
            ],
            "start_quat": [
                0.9749277275526775,
                0.0,
                0.0,
                0.2225217428679097
            ]
        }
    ]
}