{
    "objects": [
        {
            "goal_pos": [
                0.06824794147671265,
                -0.7138361370570481,
                0.07500000000000001
            ],
            "goal_quat": [
                0.6275670071012438,
                -0.0,
                -0.0,
                -0.7785625547109156
            ],
            "shape": [
                0.03,
                0.3,
                0.05
            ],
            "start_pos": [
                0.3875089069943114,
                0.2587347923132335,
                0.15100000000000002
            ],
            "start_quat": [
                0.9907192874781962,
                -0.0,
                -0.0,
                -0.13592385154451472
            ]
        },
        {
            "goal_pos": [
                -0.5561433540937524,
                -0.8274813157684711,
                0.07500000000000001
            ],
            "goal_quat": [
                0.995000966603654,
                -0.0,
                -0.0,
                -0.09986529155714788
            ],
            "shape": [
                0.03,
                0.3,
                0.05
            ],
            "start_pos": [
                -0.3857047993612229,
                0.3236601018241524,
                0.551
            ],
            "start_quat": [
                0.771914460749894,
                -0.0,
                -0.0,
                -0.6357264075726289
            ]
        },
        {
            "goal_pos": [
                -0.2503507680497001,
                -0.9123970569159827,
                0.07500000000000001
            ],
            "goal_quat": [
                0.7079992777801294,
                -0.0,
                -0.0,
                -0.7062131566763785
            ],
            "shape": [
                0.03,
                0.3,
                0.05
            ],
            "start_pos": [
                -0.02014204945443966,
                0.31008306603491737,
                0.15100000000000002
            ],
            "start_quat": [
                0.055411197076801866,
                0.0,
                0.0,
                0.9984636193865633
            ]
        }
    ]
}