{
    "objects": [
        {
            "goal_pos": [
                -0.48150777326823613,
                -0.9288674795146248,
                0.07500000000000001
            ],
            "goal_quat": [
                0.13317004444409714,
                0.0,
                0.0,
                0.9910932041249991
            ],
            "shape": [
                0.03,
                0.3,
                0.05
            ],
            "start_pos": [
                0.3810893314923233,
                0.3420041274879437,
                0.15100000000000002
            ],
            "start_quat": [
                0.9953667856867874,
                -0.0,
                -0.0,
                -0.09615072517434861
            ]
        },
        {
            "goal_pos": [
                1.006654268479882,
                -0.5226394947338409,
                0.07500000000000001
            ],
            "goal_quat": [
                0.004179738309096803,
                -0.0,
                -0.0,
                -0.9999912648556823
            ],
            "shape": [
                0.03,
                0.3,
                0.05
            ],
            "start_pos": [
                -0.42163271459946705,
                0.3032038207507263,
                0.551
            ],
            "start_quat": [
                0.8365260356950512,
                0.0,
                0.0,
                0.5479271772820928
            ]
        }
    ]
}