{
    "objects": [
        {
            "goal_pos": [
                -0.4187987957524852,
                -0.9201523644560647,
                0.07500000000000001
            ],
            "goal_quat": [
                0.7092977824271823,
                0.0,
                0.0,
                0.7049089698988668
            ],
            "shape": [
                0.03,
                0.3,
                0.05
            ],
            "start_pos": [
                0.4175194256363287,
                0.27924191102211166,
                0.15100000000000002
            ],
            "start_quat": [
                0.8290606850860989,
                0.0,
                0.0,
                0.5591586362067285
            ]
        },
        {
            "goal_pos": [
                0.09190228329429856,
                -0.728842106665694,
                0.07500000000000001
            ],
            "goal_quat": [
                0.9739074941178317,
                -0.0,
                -0.0,
                -0.2269453522351261
            ],
            "shape": [
                0.03,
                0.3,
                0.05
            ],
            "start_pos": [
                -0.40099445321714416,
                0.2542567521549025,
                0.551
            ],
            "start_quat": [
                0.5481650873578772,
                -0.0,
                -0.0,
                -0.836370155494522
            ]
        }
    ]
}