{
    "objects": [
        {
            "goal_pos": [
                0.9203589567422066,
                0.18359509150289985,
                0.12000000000000001
            ],
            "goal_quat": [
                0.8689605331283333,
                -0.0,
                -0.0,
                -0.49488139171454276
            ],
            "shape": [
                0.07,
                0.06,
                0.14
            ],
            "start_pos": [
                0.06407879172258935,
                0.15903683240774857,
                0.12000000000000001
            ],
            "start_quat": [
                0.04569329569952203,
                -0.0,
                -0.0,
                -0.9989555158905306
            ]
        },
        {
            "goal_pos": [
                -0.8768000902645626,
                -1.0369512172929762,
                0.08
            ],
            "goal_quat": [
                0.5650280331678649,
                -0.0,
                -0.0,
                -0.8250717070257919
            ],
            "shape": [
                0.15,
                0.1,
                0.06
            ],
            "start_pos": [
                -0.057937045770511064,
                -0.3057302776911457,
                0.08
            ],
            "start_quat": [
                0.20496326857848088,
                0.0,
                0.0,
                0.9787696657199924
            ]
        }
    ]
}