{
    "objects": [
        {
            "goal_pos": [
                -0.477693487030698,
                -0.427153842636667,
                0.195
            ],
            "goal_quat": [
                0.8249048212813705,
                0.0,
                0.0,
                0.5652716478178877
            ],
            "shape": [
                0.27,
                0.29,
                0.29
            ],
            "start_pos": [
                0.3234189629826387,
                -0.37321837060354535,
                0.195
            ],
            "start_quat": [
                0.681873529198593,
                0.0,
                0.0,
                0.7314700883687969
            ]
        },
        {
            "goal_pos": [
                -0.07726641835211479,
                -0.3349757553098083,
                0.22000000000000003
            ],
            "goal_quat": [
                0.5081699270503942,
                0.0,
                0.0,
                0.8612568288504869
            ],
            "shape": [
                0.07,
                0.37,
                0.34
            ],
            "start_pos": [
                0.6916690705474166,
                -0.6991205548840593,
                0.22000000000000003
            ],
            "start_quat": [
                0.41721775325587623,
                -0.0,
                -0.0,
                -0.9088065505750488
            ]
        }
    ]
}