{
    "objects": [
        {
            "goal_pos": [
                -0.09010877813812329,
                -0.4391454481903312,
                0.09
            ],
            "goal_quat": [
                0.7173038070638831,
                -0.0,
                -0.0,
                -0.6967605387589481
            ],
            "shape": [
                0.19,
                0.15,
                0.08
            ],
            "start_pos": [
                0.44812413825067604,
                -0.5670799008265051,
                0.09
            ],
            "start_quat": [
                0.4360786241897428,
                0.0,
                0.0,
                0.8999085695362508
            ]
        },
        {
            "goal_pos": [
                -0.6508609175151586,
                -0.4815457792652246,
                0.155
            ],
            "goal_quat": [
                0.860757026972855,
                -0.0,
                -0.0,
                -0.5090160513351731
            ],
            "shape": [
                0.2,
                0.12,
                0.21
            ],
            "start_pos": [
                0.258588171105951,
                -0.40293956132831465,
                0.155
            ],
            "start_quat": [
                0.06446586720473188,
                -0.0,
                -0.0,
                -0.9979199126009771
            ]
        }
    ]
}