{
    "objects": [
        {
            "goal_pos": [
                -0.9539099348073088,
                -0.565094993223906,
                0.07500000000000001
            ],
            "goal_quat": [
                0.6781654695731858,
                0.0,
                0.0,
                0.734909243293742
            ],
            "shape": [
                0.03,
                0.3,
                0.05
            ],
            "start_pos": [
                0.40136763579460033,
                0.2944395741413348,
                0.15100000000000002
            ],
            "start_quat": [
                0.7115002736106913,
                0.0,
                0.0,
                0.7026858193046955
            ]
        },
        {
            "goal_pos": [
                -0.2808283667733752,
                -0.9417364778383288,
                0.07500000000000001
            ],
            "goal_quat": [
                0.8487152412455605,
                -0.0,
                -0.0,
                -0.5288501104069943
            ],
            "shape": [
                0.03,
                0.3,
                0.05
            ],
            "start_pos": [
                -0.387484515241448,
                0.270605702306842,
                0.551
            ],
            "start_quat": [
                0.26951897197746943,
                -0.0,
                -0.0,
                -0.962995079813084
            ]
        },
        {
            "goal_pos": [
                0.5632348486416214,
                -0.8540608140488297,
                0.07500000000000001
            ],
            "goal_quat": [
                0.043249528007677354,
                -0.0,
                -0.0,
                -0.9990643013976194
            ],
            "shape": [
                0.03,
                0.3,
                0.05
            ],
            "start_pos": [
                0.009613461188496764,
                0.29000835322256086,
                0.15100000000000002
            ],
            "start_quat": [
                0.53411805627309,
                0.0,
                0.0,
                0.845409901741786
            ]
        },
        {
            "goal_pos": [
                0.9832589457968856,
                -0.3404475397364472,
                0.07500000000000001
            ],
            "goal_quat": [
                0.03386417955309914,
                0.0,
                0.0,
                0.9994264441884633
            ],
            "shape": [
                0.03,
                0.3,
                0.05
            ],
            "start_pos": [
                -0.008964139642049606,
                0.3408511149966256,
                0.551
            ],
            "start_quat": [
                0.9957751500106563,
                0.0,
                0.0,
                0.09182510888234681
            ]
        }
    ]
}