{
    "objects": [
        {
            "goal_pos": [
                -1.0544135703795925,
                -0.3077339934693755,
                0.11
            ],
            "goal_quat": [
                0.9597182905211014,
                0.0,
                0.0,
                0.2809640596931482
            ],
            "shape": [
                0.07,
                0.19,
                0.12
            ],
            "start_pos": [
                0.12333800777525494,
                -0.8204197737958333,
                0.11
            ],
            "start_quat": [
                0.2564752456080914,
                0.0,
                0.0,
                0.9665507996945992
            ]
        },
        {
            "goal_pos": [
                -1.0199576328042665,
                0.6920106167000197,
                0.08
            ],
            "goal_quat": [
                0.9951087000328063,
                0.0,
                0.0,
                0.09878600669638588
            ],
            "shape": [
                0.17,
                0.12,
                0.06
            ],
            "start_pos": [
                0.05453109332330264,
                0.013703000512339247,
                0.08
            ],
            "start_quat": [
                0.44238935847284755,
                0.0,
                0.0,
                0.8968230904197229
            ]
        }
    ]
}