{
    "objects": [
        {
            "goal_pos": [
                -0.21673956084407597,
                -0.33795950783576145,
                0.15000000000000002
            ],
            "goal_quat": [
                0.9740764214524432,
                -0.0,
                -0.0,
                -0.22621919717478067
            ],
            "shape": [
                0.16,
                0.38,
                0.2
            ],
            "start_pos": [
                0.3254397277924186,
                -0.359100317226,
                0.15000000000000002
            ],
            "start_quat": [
                0.8400735119195634,
                -0.0,
                -0.0,
                -0.5424725749483851
            ]
        },
        {
            "goal_pos": [
                0.7400322981607996,
                -0.6255948398912272,
                0.115
            ],
            "goal_quat": [
                0.5514658807877809,
                -0.0,
                -0.0,
                -0.8341974480462986
            ],
            "shape": [
                0.05,
                0.28,
                0.13
            ],
            "start_pos": [
                -0.5243620433907299,
                -0.5764548565798444,
                0.115
            ],
            "start_quat": [
                0.9797449241558643,
                -0.0,
                -0.0,
                -0.20024955328494382
            ]
        }
    ]
}