{
    "objects": [
        {
            "goal_pos": [
                1.0074905245156993,
                0.03294566914880159,
                0.07500000000000001
            ],
            "goal_quat": [
                0.08900416107473236,
                0.0,
                0.0,
                0.9960312541840156
            ],
            "shape": [
                0.09,
                0.11,
                0.05
            ],
            "start_pos": [
                -0.12822325474920693,
                0.27085976729020667,
                0.07500000000000001
            ],
            "start_quat": [
                0.981218372464016,
                -0.0,
                -0.0,
                -0.192900247638689
            ]
        },
        {
            "goal_pos": [
                1.1744577131803602,
                -0.8024312149824351,
                0.14
            ],
            "goal_quat": [
                0.6457069663784794,
                -0.0,
                -0.0,
                -0.7635853020915877
            ],
            "shape": [
                0.12,
                0.1,
                0.18
            ],
            "start_pos": [
                -0.05834302818285109,
                -0.14909150930033999,
                0.14
            ],
            "start_quat": [
                0.4606041972622035,
                -0.0,
                -0.0,
                -0.8876056407349162
            ]
        },
        {
            "goal_pos": [
                -1.1619939250884315,
                -0.3395164810716784,
                0.115
            ],
            "goal_quat": [
                0.3666537023589899,
                -0.0,
                -0.0,
                -0.9303574917989564
            ],
            "shape": [
                0.1,
                0.06,
                0.13
            ],
            "start_pos": [
                0.23488819131102895,
                -1.015565542829249,
                0.115
            ],
            "start_quat": [
                0.6520574244830566,
                -0.0,
                -0.0,
                -0.758169582070214
            ]
        }
    ]
}