{
    "objects": [
        {
            "goal_pos": [
                -0.947784958232883,
                -0.1215710269172881,
                0.14
            ],
            "goal_quat": [
                0.7284164726221245,
                0.0,
                0.0,
                0.6851346162709498
            ],
            "shape": [
                0.17,
                0.07,
                0.18
            ],
            "start_pos": [
                -0.5518538738942814,
                -1.0133647122476759,
                0.14
            ],
            "start_quat": [
                0.719684975716464,
                -0.0,
                -0.0,
                -0.6943007530803871
            ]
        },
        {
            "goal_pos": [
                -0.9191530432107196,
                0.14061128516186788,
                0.14
            ],
            "goal_quat": [
                0.960699458040076,
                -0.0,
                -0.0,
                -0.2775906182159337
            ],
            "shape": [
                0.17,
                0.07,
                0.18
            ],
            "start_pos": [
                -0.5792257534226066,
                1.1536669113404496,
                0.14
            ],
            "start_quat": [
                0.9520164637612453,
                0.0,
                0.0,
                0.30604681460118754
            ]
        },
        {
            "goal_pos": [
                1.2949879414986074,
                0.5369476965739098,
                0.10500000000000001
            ],
            "goal_quat": [
                0.9674689063698639,
                0.0,
                0.0,
                0.2529899508033857
            ],
            "shape": [
                0.2,
                0.18,
                0.11
            ],
            "start_pos": [
                0.2434082698147833,
                -0.9071402155259558,
                0.10500000000000001
            ],
            "start_quat": [
                0.9879182744641154,
                -0.0,
                -0.0,
                -0.15497574965085587
            ]
        }
    ]
}