{
    "objects": [
        {
            "goal_pos": [
                -0.8870740769511372,
                -0.5707770393337314,
                0.07500000000000001
            ],
            "goal_quat": [
                0.0555637071093538,
                -0.0,
                -0.0,
                -0.9984551439360038
            ],
            "shape": [
                0.03,
                0.3,
                0.05
            ],
            "start_pos": [
                0.40532945230017725,
                0.26628772143243695,
                0.15100000000000002
            ],
            "start_quat": [
                0.2307013612088124,
                0.0,
                0.0,
                0.9730246050005114
            ]
        },
        {
            "goal_pos": [
                -0.6018633826536812,
                -0.8243370677461097,
                0.07500000000000001
            ],
            "goal_quat": [
                0.2895296049723346,
                -0.0,
                -0.0,
                -0.957169059176363
            ],
            "shape": [
                0.03,
                0.3,
                0.05
            ],
            "start_pos": [
                -0.4123451413249547,
                0.3171928213925422,
                0.551
            ],
            "start_quat": [
                0.9977695273278008,
                0.0,
                0.0,
                0.06675305488183307
            ]
        },
        {
            "goal_pos": [
                -0.2420531827768654,
                -0.9027748398576905,
                0.07500000000000001
            ],
            "goal_quat": [
                0.9202748026472094,
                0.0,
                0.0,
                0.39127265124544525
            ],
            "shape": [
                0.03,
                0.3,
                0.05
            ],
            "start_pos": [
                0.01880674970675219,
                0.32519308764511534,
                0.15100000000000002
            ],
            "start_quat": [
                0.51203558599732,
                0.0,
                0.0,
                0.8589642359681694
            ]
        }
    ]
}