{
    "objects": [
        {
            "goal_pos": [
                0.24819330461838843,
                -1.0049150787794443,
                0.1
            ],
            "goal_quat": [
                0.5173860509728894,
                -0.0,
                -0.0,
                -0.855752110285846
            ],
            "shape": [
                0.32,
                0.1,
                0.1
            ],
            "start_pos": [
                0.18843847774255396,
                0.6311584451697331,
                0.1
            ],
            "start_quat": [
                0.8162359289059752,
                0.0,
                0.0,
                0.5777187104145061
            ]
        },
        {
            "goal_pos": [
                -0.5192510262762642,
                -0.2644378119523984,
                0.15000000000000002
            ],
            "goal_quat": [
                0.26986481037700283,
                0.0,
                0.0,
                0.9628982210598295
            ],
            "shape": [
                0.21,
                0.29,
                0.2
            ],
            "start_pos": [
                -0.8989297279328026,
                0.09794912507072859,
                0.15000000000000002
            ],
            "start_quat": [
                0.9318869032613011,
                -0.0,
                -0.0,
                -0.3627489483514219
            ]
        },
        {
            "goal_pos": [
                0.8349400509500493,
                -0.5917060012323954,
                0.245
            ],
            "goal_quat": [
                0.6330814586913556,
                0.0,
                0.0,
                0.7740851804945147
            ],
            "shape": [
                0.27,
                0.25,
                0.39
            ],
            "start_pos": [
                0.949933686895431,
                -0.2309717502163901,
                0.245
            ],
            "start_quat": [
                0.7670603492678829,
                -0.0,
                -0.0,
                -0.641574953205807
            ]
        }
    ]
}