{
    "objects": [
        {
            "goal_pos": [
                -0.21878307534693683,
                -0.7623530334542192,
                0.09
            ],
            "goal_quat": [
                0.9540429914038787,
                -0.0,
                -0.0,
                -0.2996697691678937
            ],
            "shape": [
                0.29,
                0.14,
                0.08
            ],
            "start_pos": [
                0.4479211491923137,
                0.7627142804417579,
                0.09
            ],
            "start_quat": [
                0.5923030141208495,
                -0.0,
                -0.0,
                -0.8057152967788043
            ]
        },
        {
            "goal_pos": [
                -0.3373563641804014,
                1.4041325427764877,
                0.165
            ],
            "goal_quat": [
                0.9976329910026666,
                0.0,
                0.0,
                0.06876347332031384
            ],
            "shape": [
                0.15,
                0.24,
                0.23
            ],
            "start_pos": [
                -0.5476045940558963,
                -0.7463731711347972,
                0.165
            ],
            "start_quat": [
                0.9648863710334065,
                -0.0,
                -0.0,
                -0.2626676435992517
            ]
        }
    ]
}