{
    "objects": [
        {
            "goal_pos": [
                -0.1843509423256483,
                -0.34339179250488017,
                0.11
            ],
            "goal_quat": [
                0.4819114488283781,
                -0.0,
                -0.0,
                -0.8762199241561068
            ],
            "shape": [
                0.31,
                0.22,
                0.12
            ],
            "start_pos": [
                -0.613718264180756,
                -0.5655259462559488,
                0.11
            ],
            "start_quat": [
                0.5018270326373427,
                0.0,
                0.0,
                0.8649679932311943
            ]
        }
    ]
}