{
    "objects": [
        {
            "goal_pos": [
                -0.11359691478862233,
                -0.7462237809092777,
                0.07500000000000001
            ],
            "goal_quat": [
                0.28998121733861343,
                0.0,
                0.0,
                0.9570323367529521
            ],
            "shape": [
                0.03,
                0.3,
                0.05
            ],
            "start_pos": [
                0.383032117184372,
                0.3303754048155102,
                0.15100000000000002
            ],
            "start_quat": [
                0.915828183702317,
                -0.0,
                -0.0,
                -0.40157033996115193
            ]
        },
        {
            "goal_pos": [
                -0.931353955282163,
                -0.7194585333967902,
                0.07500000000000001
            ],
            "goal_quat": [
                0.7556146864537108,
                -0.0,
                -0.0,
                -0.6550163704942499
            ],
            "shape": [
                0.03,
                0.3,
                0.05
            ],
            "start_pos": [
                -0.4130141041135812,
                0.3067647798343539,
                0.551
            ],
            "start_quat": [
                0.2378448416643876,
                -0.0,
                -0.0,
                -0.9713031613732359
            ]
        }
    ]
}