{
    "objects": [
        {
            "goal_pos": [
                -0.08016624057783296,
                -0.5383424150373268,
                0.19
            ],
            "goal_quat": [
                0.9166622269661485,
                -0.0,
                -0.0,
                -0.39966280994541037
            ],
            "shape": [
                0.05,
                0.07,
                0.28
            ],
            "start_pos": [
                -0.12128671723767201,
                -0.38823439193095266,
                0.19
            ],
            "start_quat": [
                0.21656297753885415,
                0.0,
                0.0,
                0.9762686498907489
            ]
        },
        {
            "goal_pos": [
                -0.3850739386147422,
                -0.6017499704616698,
                0.24
            ],
            "goal_quat": [
                0.30846771976740806,
                0.0,
                0.0,
                0.9512348111068559
            ],
            "shape": [
                0.07,
                0.09,
                0.38
            ],
            "start_pos": [
                -0.25211069121753826,
                -0.6522382389409453,
                0.24
            ],
            "start_quat": [
                0.286708988724262,
                0.0,
                0.0,
                0.9580177220619205
            ]
        }
    ]
}