{
    "objects": [
        {
            "goal_pos": [
                -0.811008928633905,
                0.07922154424060002,
                0.21000000000000002
            ],
            "goal_quat": [
                0.8562485475524199,
                0.0,
                0.0,
                0.516564056835521
            ],
            "shape": [
                0.11,
                0.4,
                0.32
            ],
            "start_pos": [
                0.23723648132572484,
                0.5983343791391302,
                0.21000000000000002
            ],
            "start_quat": [
                0.9598502669163845,
                0.0,
                0.0,
                0.2805128608469589
            ]
        },
        {
            "goal_pos": [
                0.5464378546368487,
                -1.1665917555416305,
                0.085
            ],
            "goal_quat": [
                0.32410761859363124,
                -0.0,
                -0.0,
                -0.9460202173154468
            ],
            "shape": [
                0.16,
                0.3,
                0.07
            ],
            "start_pos": [
                0.19317912220129185,
                1.0749162125304659,
                0.085
            ],
            "start_quat": [
                0.6378448082512445,
                0.0,
                0.0,
                0.7701649177851022
            ]
        },
        {
            "goal_pos": [
                0.4192087959951941,
                0.05733251413228879,
                0.22500000000000003
            ],
            "goal_quat": [
                0.9701080679456803,
                0.0,
                0.0,
                0.2426733123083365
            ],
            "shape": [
                0.31,
                0.16,
                0.35000000000000003
            ],
            "start_pos": [
                0.9670337839272486,
                -1.0307989617183093,
                0.22500000000000003
            ],
            "start_quat": [
                0.7921447855704004,
                -0.0,
                -0.0,
                -0.6103332193921812
            ]
        },
        {
            "goal_pos": [
                -1.0297136948833343,
                0.812624114053522,
                0.175
            ],
            "goal_quat": [
                0.9961822266857846,
                0.0,
                0.0,
                0.08729817429564068
            ],
            "shape": [
                0.06,
                0.17,
                0.25
            ],
            "start_pos": [
                -0.7401368502550538,
                -0.36879100375244384,
                0.175
            ],
            "start_quat": [
                0.9739820736226446,
                -0.0,
                -0.0,
                -0.22662506538715743
            ]
        }
    ]
}