{
    "objects": [
        {
            "goal_pos": [
                -0.049052334865270386,
                -0.756627506780223,
                0.07500000000000001
            ],
            "goal_quat": [
                0.890865593717384,
                -0.0,
                -0.0,
                -0.4542669852967226
            ],
            "shape": [
                0.03,
                0.3,
                0.05
            ],
            "start_pos": [
                0.3903866947644955,
                0.3009460991270947,
                0.15100000000000002
            ],
            "start_quat": [
                0.5697807884760819,
                0.0,
                0.0,
                0.8217967224828622
            ]
        },
        {
            "goal_pos": [
                -0.5389804255130726,
                -0.8382226673181155,
                0.07500000000000001
            ],
            "goal_quat": [
                0.5768782850306343,
                -0.0,
                -0.0,
                -0.8168301195843076
            ],
            "shape": [
                0.03,
                0.3,
                0.05
            ],
            "start_pos": [
                -0.3774260373609065,
                0.2564002178949439,
                0.551
            ],
            "start_quat": [
                0.8456979446240944,
                -0.0,
                -0.0,
                -0.5336618652841724
            ]
        }
    ]
}