{
    "objects": [
        {
            "goal_pos": [
                -0.01549047185038896,
                -0.3405274715515213,
                0.16
            ],
            "goal_quat": [
                0.23662029776355245,
                0.0,
                0.0,
                0.971602199815484
            ],
            "shape": [
                0.31,
                0.1,
                0.22
            ],
            "start_pos": [
                0.39156122647679614,
                -0.3788009567683992,
                0.16
            ],
            "start_quat": [
                0.33478079263509425,
                -0.0,
                -0.0,
                -0.9422960367541711
            ]
        },
        {
            "goal_pos": [
                -0.36854477034803623,
                -0.482098779456272,
                0.12000000000000001
            ],
            "goal_quat": [
                0.8523710722264367,
                -0.0,
                -0.0,
                -0.5229374295568779
            ],
            "shape": [
                0.14,
                0.27,
                0.14
            ],
            "start_pos": [
                -0.6976085247251556,
                -0.5555410208311999,
                0.12000000000000001
            ],
            "start_quat": [
                0.7500327599239595,
                0.0,
                0.0,
                0.661400679649521
            ]
        }
    ]
}