{
    "objects": [
        {
            "goal_pos": [
                -1.0599002222309892,
                -0.3837229550697627,
                0.07500000000000001
            ],
            "goal_quat": [
                0.5608135755414324,
                0.0,
                0.0,
                0.8279421075705922
            ],
            "shape": [
                0.03,
                0.3,
                0.05
            ],
            "start_pos": [
                0.4226766934440311,
                0.32609703839648846,
                0.15100000000000002
            ],
            "start_quat": [
                0.1878108485173661,
                -0.0,
                -0.0,
                -0.9822052154102965
            ]
        },
        {
            "goal_pos": [
                0.9950794791179741,
                -0.49467942045268704,
                0.07500000000000001
            ],
            "goal_quat": [
                0.2346602175761662,
                -0.0,
                -0.0,
                -0.9720774569380294
            ],
            "shape": [
                0.03,
                0.3,
                0.05
            ],
            "start_pos": [
                -0.3873650175451361,
                0.31361838186936764,
                0.551
            ],
            "start_quat": [
                0.19345434323804053,
                -0.0,
                -0.0,
                -0.9811092788687397
            ]
        },
        {
            "goal_pos": [
                -0.1907670880582604,
                -0.8654451633958269,
                0.07500000000000001
            ],
            "goal_quat": [
                0.5466192562283876,
                0.0,
                0.0,
                0.8373812684317248
            ],
            "shape": [
                0.03,
                0.3,
                0.05
            ],
            "start_pos": [
                0.018940396493962716,
                0.3425461960091115,
                0.15100000000000002
            ],
            "start_quat": [
                0.9856378788976431,
                0.0,
                0.0,
                0.1688726493016408
            ]
        }
    ]
}