{
    "objects": [
        {
            "goal_pos": [
                -0.801081093542616,
                -0.6858642958041492,
                0.07500000000000001
            ],
            "goal_quat": [
                0.7446243950297532,
                0.0,
                0.0,
                0.6674837154017872
            ],
            "shape": [
                0.03,
                0.3,
                0.05
            ],
            "start_pos": [
                0.4170171100675645,
                0.26697514577783815,
                0.15100000000000002
            ],
            "start_quat": [
                0.07119393121969567,
                -0.0,
                -0.0,
                -0.9974624926068575
            ]
        },
        {
            "goal_pos": [
                0.9212827657408899,
                -0.44207910737970424,
                0.07500000000000001
            ],
            "goal_quat": [
                0.9963007847128731,
                -0.0,
                -0.0,
                -0.08593454707225327
            ],
            "shape": [
                0.03,
                0.3,
                0.05
            ],
            "start_pos": [
                -0.42351011222753365,
                0.3334917402007047,
                0.551
            ],
            "start_quat": [
                0.04437541800547486,
                0.0,
                0.0,
                0.9990149259529806
            ]
        },
        {
            "goal_pos": [
                -0.37089959043133597,
                -0.8723447481289806,
                0.07500000000000001
            ],
            "goal_quat": [
                0.9276437588759665,
                0.0,
                0.0,
                0.3734662723974787
            ],
            "shape": [
                0.03,
                0.3,
                0.05
            ],
            "start_pos": [
                -0.007745863169668556,
                0.2538709938995798,
                0.15100000000000002
            ],
            "start_quat": [
                0.837357899177057,
                0.0,
                0.0,
                0.5466550545689535
            ]
        }
    ]
}