{
    "objects": [
        {
            "goal_pos": [
                -0.9526327411546395,
                -0.512756342493988,
                0.07500000000000001
            ],
            "goal_quat": [
                0.6605844964545078,
                0.0,
                0.0,
                0.7507517053220355
            ],
            "shape": [
                0.03,
                0.3,
                0.05
            ],
            "start_pos": [
                0.38426188471434936,
                0.34712700756283266,
                0.15100000000000002
            ],
            "start_quat": [
                0.4798926834141979,
                -0.0,
                -0.0,
                -0.8773271980313391
            ]
        },
        {
            "goal_pos": [
                -0.38364856997782254,
                -0.8873985659564492,
                0.07500000000000001
            ],
            "goal_quat": [
                0.9777775967305636,
                -0.0,
                -0.0,
                -0.20964486955755285
            ],
            "shape": [
                0.03,
                0.3,
                0.05
            ],
            "start_pos": [
                -0.4114376048986074,
                0.28739475640098483,
                0.551
            ],
            "start_quat": [
                0.5079572635969458,
                0.0,
                0.0,
                0.8613822719089956
            ]
        }
    ]
}