{
    "objects": [
        {
            "goal_pos": [
                0.002669020706190267,
                -0.25355237547528753,
                0.16999999999999998
            ],
            "goal_quat": [
                0.1390204430694652,
                -0.0,
                -0.0,
                -0.990289511410057
            ],
            "shape": [
                0.08,
                0.17,
                0.24
            ],
            "start_pos": [
                -0.6666039302998603,
                -0.702130604694047,
                0.16999999999999998
            ],
            "start_quat": [
                0.8424206312588156,
                0.0,
                0.0,
                0.538820452497396
            ]
        }
    ]
}