{
    "objects": [
        {
            "goal_pos": [
                -0.6434259361572561,
                -0.7842154829801209,
                0.07500000000000001
            ],
            "goal_quat": [
                0.9993256405678397,
                0.0,
                0.0,
                0.036718715986223505
            ],
            "shape": [
                0.03,
                0.3,
                0.05
            ],
            "start_pos": [
                0.40246721326775947,
                0.26694778492355564,
                0.15100000000000002
            ],
            "start_quat": [
                0.7651044180806841,
                0.0,
                0.0,
                0.6439062272050317
            ]
        },
        {
            "goal_pos": [
                -1.001067893250454,
                -0.35117831137480043,
                0.07500000000000001
            ],
            "goal_quat": [
                0.9324709936121135,
                -0.0,
                -0.0,
                -0.36124485611844753
            ],
            "shape": [
                0.03,
                0.3,
                0.05
            ],
            "start_pos": [
                -0.37923905175039363,
                0.31786029323794385,
                0.551
            ],
            "start_quat": [
                0.18708418838669372,
                0.0,
                0.0,
                0.9823438840119544
            ]
        }
    ]
}