{
    "objects": [
        {
            "goal_pos": [
                -1.0997857112811216,
                0.0100408014167081,
                0.1
            ],
            "goal_quat": [
                0.46835368216536416,
                -0.0,
                -0.0,
                -0.8835410734098019
            ],
            "shape": [
                0.07,
                0.13,
                0.1
            ],
            "start_pos": [
                0.11583698428312328,
                -0.14665064360913327,
                0.1
            ],
            "start_quat": [
                0.9963530215976216,
                0.0,
                0.0,
                0.08532676223371691
            ]
        },
        {
            "goal_pos": [
                1.0990310624243076,
                -0.6596026847061172,
                0.10500000000000001
            ],
            "goal_quat": [
                0.6937175384040772,
                -0.0,
                -0.0,
                -0.720247163764348
            ],
            "shape": [
                0.07,
                0.07,
                0.11
            ],
            "start_pos": [
                -0.1672483143800801,
                0.6930704061458277,
                0.10500000000000001
            ],
            "start_quat": [
                0.07492923031895767,
                -0.0,
                -0.0,
                -0.9971888539508494
            ]
        },
        {
            "goal_pos": [
                1.1190613766223627,
                -0.47286603785697284,
                0.125
            ],
            "goal_quat": [
                0.29326951033347676,
                -0.0,
                -0.0,
                -0.9560298082741786
            ],
            "shape": [
                0.09,
                0.13,
                0.15
            ],
            "start_pos": [
                0.1968382834908653,
                0.25395221053800665,
                0.125
            ],
            "start_quat": [
                0.9392112672495565,
                0.0,
                0.0,
                0.3433397668075782
            ]
        }
    ]
}