{
    "objects": [
        {
            "goal_pos": [
                -1.0675916469826192,
                -0.34761637750488444,
                0.07500000000000001
            ],
            "goal_quat": [
                0.22998256798038058,
                0.0,
                0.0,
                0.973194748457445
            ],
            "shape": [
                0.03,
                0.3,
                0.05
            ],
            "start_pos": [
                0.4150585263254557,
                0.3353160747815625,
                0.15100000000000002
            ],
            "start_quat": [
                0.31004139495074134,
                0.0,
                0.0,
                0.9507230582125367
            ]
        },
        {
            "goal_pos": [
                0.7864527276140892,
                -0.6858796593416976,
                0.07500000000000001
            ],
            "goal_quat": [
                0.8429539238665872,
                -0.0,
                -0.0,
                -0.5379857639732895
            ],
            "shape": [
                0.03,
                0.3,
                0.05
            ],
            "start_pos": [
                -0.40838257735161576,
                0.30809552026838394,
                0.551
            ],
            "start_quat": [
                0.6631030105370839,
                -0.0,
                -0.0,
                -0.7485281540574515
            ]
        }
    ]
}