{
    "objects": [
        {
            "goal_pos": [
                -0.6109788341637308,
                -0.6256925740621087,
                0.1
            ],
            "goal_quat": [
                0.6001643357263426,
                -0.0,
                -0.0,
                -0.7998767218279064
            ],
            "shape": [
                0.09,
                0.21,
                0.1
            ],
            "start_pos": [
                0.10134377137107294,
                -0.36391259184897806,
                0.1
            ],
            "start_quat": [
                0.16339677973600586,
                -0.0,
                -0.0,
                -0.9865604352354209
            ]
        },
        {
            "goal_pos": [
                0.649622627025316,
                -0.5527042076771849,
                0.22999999999999998
            ],
            "goal_quat": [
                0.05082550260154693,
                0.0,
                0.0,
                0.998707548927763
            ],
            "shape": [
                0.31,
                0.06,
                0.36
            ],
            "start_pos": [
                -0.36620957430296486,
                -0.46707130584062995,
                0.22999999999999998
            ],
            "start_quat": [
                0.7335433981620677,
                -0.0,
                -0.0,
                -0.6796426141825174
            ]
        }
    ]
}