{
    "objects": [
        {
            "goal_pos": [
                -0.760992624058699,
                -0.5848925101917812,
                0.135
            ],
            "goal_quat": [
                0.1877381135402156,
                -0.0,
                -0.0,
                -0.9822191205247234
            ],
            "shape": [
                0.2,
                0.07,
                0.17
            ],
            "start_pos": [
                0.45305283404976954,
                -0.5218776844975109,
                0.135
            ],
            "start_quat": [
                0.937185050812187,
                -0.0,
                -0.0,
                -0.34883259671962785
            ]
        },
        {
            "goal_pos": [
                0.07777040064119065,
                -0.363979079097449,
                0.1
            ],
            "goal_quat": [
                0.9769461250305367,
                -0.0,
                -0.0,
                -0.21348599201778795
            ],
            "shape": [
                0.16,
                0.23,
                0.1
            ],
            "start_pos": [
                -0.322858708172049,
                -0.3135038893905755,
                0.1
            ],
            "start_quat": [
                0.17299464920515545,
                -0.0,
                -0.0,
                -0.9849227641527966
            ]
        }
    ]
}