{
    "objects": [
        {
            "goal_pos": [
                -0.7085020948116894,
                -0.8105676939052282,
                0.07500000000000001
            ],
            "goal_quat": [
                0.9797167783841152,
                -0.0,
                -0.0,
                -0.20038721055159808
            ],
            "shape": [
                0.03,
                0.3,
                0.05
            ],
            "start_pos": [
                0.41378374270352075,
                0.26213214758101655,
                0.15100000000000002
            ],
            "start_quat": [
                0.9890253355752304,
                0.0,
                0.0,
                0.14774601717238578
            ]
        },
        {
            "goal_pos": [
                -0.14578690186104498,
                -0.8250956835255321,
                0.07500000000000001
            ],
            "goal_quat": [
                0.9976366179775703,
                -0.0,
                -0.0,
                -0.06871083226300981
            ],
            "shape": [
                0.03,
                0.3,
                0.05
            ],
            "start_pos": [
                -0.3868958148553772,
                0.31232170084341787,
                0.551
            ],
            "start_quat": [
                0.24232749799568296,
                0.0,
                0.0,
                0.9701945081864524
            ]
        }
    ]
}