{
    "objects": [
        {
            "goal_pos": [
                -0.9438769727824498,
                -0.6942177743868063,
                0.07500000000000001
            ],
            "goal_quat": [
                0.12550926532198525,
                -0.0,
                -0.0,
                -0.9920924474656259
            ],
            "shape": [
                0.03,
                0.3,
                0.05
            ],
            "start_pos": [
                0.38938962655821885,
                0.31823311599691495,
                0.15100000000000002
            ],
            "start_quat": [
                0.8804500104986145,
                0.0,
                0.0,
                0.47413898702067275
            ]
        },
        {
            "goal_pos": [
                0.9928648487984841,
                -0.6660783841343094,
                0.07500000000000001
            ],
            "goal_quat": [
                0.0353769572076259,
                -0.0,
                -0.0,
                -0.9993740395361137
            ],
            "shape": [
                0.03,
                0.3,
                0.05
            ],
            "start_pos": [
                -0.3917652656942716,
                0.2860449182520144,
                0.551
            ],
            "start_quat": [
                0.8530992423046986,
                0.0,
                0.0,
                0.5217486777933885
            ]
        },
        {
            "goal_pos": [
                -0.10271537614860193,
                -0.9129955852823088,
                0.07500000000000001
            ],
            "goal_quat": [
                0.8548492843696375,
                0.0,
                0.0,
                0.5188763831710967
            ],
            "shape": [
                0.03,
                0.3,
                0.05
            ],
            "start_pos": [
                0.014406835668502586,
                0.33612300091747915,
                0.15100000000000002
            ],
            "start_quat": [
                0.9844226167040618,
                -0.0,
                -0.0,
                -0.1758184055254961
            ]
        }
    ]
}