{
    "objects": [
        {
            "goal_pos": [
                1.1743727781331297,
                -0.005535249705971856,
                0.175
            ],
            "goal_quat": [
                0.9173507506429308,
                0.0,
                0.0,
                0.3980798918494269
            ],
            "shape": [
                0.35000000000000003,
                0.06,
                0.25
            ],
            "start_pos": [
                1.3586628797322122,
                -0.33914663327638983,
                0.175
            ],
            "start_quat": [
                0.5001081058624387,
                0.0,
                0.0,
                0.8659629798384477
            ]
        },
        {
            "goal_pos": [
                0.47543198016141885,
                0.7026910632573447,
                0.115
            ],
            "goal_quat": [
                0.9387192197457498,
                -0.0,
                -0.0,
                -0.3446827910991942
            ],
            "shape": [
                0.27,
                0.25,
                0.13
            ],
            "start_pos": [
                -1.385767189001549,
                0.005974882122777525,
                0.115
            ],
            "start_quat": [
                0.9731413118230064,
                -0.0,
                -0.0,
                -0.23020857330559616
            ]
        }
    ]
}