{
    "objects": [
        {
            "goal_pos": [
                0.49485795766750373,
                -0.9072821302976479,
                0.07500000000000001
            ],
            "goal_quat": [
                0.6912430451427897,
                -0.0,
                -0.0,
                -0.7226223443415815
            ],
            "shape": [
                0.03,
                0.3,
                0.05
            ],
            "start_pos": [
                0.4026901427507437,
                0.27742531034420365,
                0.15100000000000002
            ],
            "start_quat": [
                0.1642620796836748,
                0.0,
                0.0,
                0.9864167320042752
            ]
        },
        {
            "goal_pos": [
                -0.390944878407507,
                -0.9108063481173518,
                0.07500000000000001
            ],
            "goal_quat": [
                0.2187571331980478,
                0.0,
                0.0,
                0.9757793381061989
            ],
            "shape": [
                0.03,
                0.3,
                0.05
            ],
            "start_pos": [
                -0.3760516927480821,
                0.310438746575725,
                0.551
            ],
            "start_quat": [
                0.7559487128649278,
                0.0,
                0.0,
                0.6546308452233662
            ]
        },
        {
            "goal_pos": [
                -0.9334679449182006,
                -0.43235872431029165,
                0.07500000000000001
            ],
            "goal_quat": [
                0.9864659683430262,
                -0.0,
                -0.0,
                -0.16396613461643686
            ],
            "shape": [
                0.03,
                0.3,
                0.05
            ],
            "start_pos": [
                -0.022693927545788486,
                0.29587668611389173,
                0.15100000000000002
            ],
            "start_quat": [
                0.800075691741812,
                0.0,
                0.0,
                0.5998990644132236
            ]
        },
        {
            "goal_pos": [
                1.0647377075125999,
                -0.332760478314119,
                0.07500000000000001
            ],
            "goal_quat": [
                0.7803930902409665,
                0.0,
                0.0,
                0.6252892328388158
            ],
            "shape": [
                0.03,
                0.3,
                0.05
            ],
            "start_pos": [
                0.004248311941010979,
                0.2850054871213098,
                0.551
            ],
            "start_quat": [
                0.049366419744732284,
                0.0,
                0.0,
                0.99878073499722
            ]
        }
    ]
}