{
    "objects": [
        {
            "goal_pos": [
                -0.9521472734854309,
                -0.6465253953698744,
                0.07500000000000001
            ],
            "goal_quat": [
                0.9203387834764567,
                -0.0,
                -0.0,
                -0.3911221339033061
            ],
            "shape": [
                0.03,
                0.3,
                0.05
            ],
            "start_pos": [
                0.4226638843599968,
                0.26417305481675324,
                0.15100000000000002
            ],
            "start_quat": [
                0.8048739506240299,
                0.0,
                0.0,
                0.5934458051135476
            ]
        },
        {
            "goal_pos": [
                0.02847395744082465,
                -0.762483899564952,
                0.07500000000000001
            ],
            "goal_quat": [
                0.9999224936015851,
                0.0,
                0.0,
                0.012450172271415547
            ],
            "shape": [
                0.03,
                0.3,
                0.05
            ],
            "start_pos": [
                -0.41467017022091596,
                0.26295495571891114,
                0.551
            ],
            "start_quat": [
                0.13989750314148136,
                0.0,
                0.0,
                0.9901659904353306
            ]
        },
        {
            "goal_pos": [
                0.592359849883242,
                -0.9386727438020119,
                0.07500000000000001
            ],
            "goal_quat": [
                0.7762239733547442,
                0.0,
                0.0,
                0.6304572492955992
            ],
            "shape": [
                0.03,
                0.3,
                0.05
            ],
            "start_pos": [
                0.014085547838179904,
                0.33250260079399796,
                0.15100000000000002
            ],
            "start_quat": [
                0.39056028608264426,
                0.0,
                0.0,
                0.920577353042667
            ]
        }
    ]
}