{
    "objects": [
        {
            "goal_pos": [
                -1.0287711593951894,
                0.609730815096184,
                0.135
            ],
            "goal_quat": [
                0.9500211242156438,
                0.0,
                0.0,
                0.3121856235383757
            ],
            "shape": [
                0.19,
                0.12,
                0.17
            ],
            "start_pos": [
                0.5604540394761016,
                0.9808232139419797,
                0.135
            ],
            "start_quat": [
                0.3044491126406158,
                0.0,
                0.0,
                0.9525286020967253
            ]
        },
        {
            "goal_pos": [
                1.0589277311459089,
                0.15302474706774782,
                0.11
            ],
            "goal_quat": [
                0.9746671187811629,
                0.0,
                0.0,
                0.2236604738589869
            ],
            "shape": [
                0.09,
                0.13,
                0.12
            ],
            "start_pos": [
                -0.07972590804583823,
                0.4410008228752262,
                0.11
            ],
            "start_quat": [
                0.4812382237442126,
                0.0,
                0.0,
                0.8765898539268608
            ]
        }
    ]
}