{
    "objects": [
        {
            "goal_pos": [
                -0.8403646637612243,
                0.08813384857343598,
                0.115
            ],
            "goal_quat": [
                0.9803230824423256,
                -0.0,
                -0.0,
                -0.19739973158739926
            ],
            "shape": [
                0.15,
                0.14,
                0.13
            ],
            "start_pos": [
                0.6438575231679936,
                1.1078970649393343,
                0.115
            ],
            "start_quat": [
                0.06254174911644933,
                -0.0,
                -0.0,
                -0.9980423486092437
            ]
        },
        {
            "goal_pos": [
                0.8570698237887351,
                -1.0925350046568916,
                0.1
            ],
            "goal_quat": [
                0.9930699432985726,
                -0.0,
                -0.0,
                -0.1175248387234371
            ],
            "shape": [
                0.14,
                0.14,
                0.1
            ],
            "start_pos": [
                -0.016734957265693462,
                -0.1657689524166328,
                0.1
            ],
            "start_quat": [
                0.5407572791168588,
                -0.0,
                -0.0,
                -0.8411786760743116
            ]
        }
    ]
}