{
    "objects": [
        {
            "goal_pos": [
                -0.3659443626049805,
                -0.8613646712150123,
                0.07500000000000001
            ],
            "goal_quat": [
                0.9288204461487847,
                -0.0,
                -0.0,
                -0.37053013212959157
            ],
            "shape": [
                0.03,
                0.3,
                0.05
            ],
            "start_pos": [
                0.40060049755957866,
                0.29267964684231085,
                0.15100000000000002
            ],
            "start_quat": [
                0.8599940515916911,
                -0.0,
                -0.0,
                -0.5103040576234014
            ]
        },
        {
            "goal_pos": [
                -0.8112037194713708,
                -0.7071760804806392,
                0.07500000000000001
            ],
            "goal_quat": [
                0.21808394992392122,
                0.0,
                0.0,
                0.9759300132620067
            ],
            "shape": [
                0.03,
                0.3,
                0.05
            ],
            "start_pos": [
                -0.3860260617234331,
                0.3407808682701067,
                0.551
            ],
            "start_quat": [
                0.9017616944694582,
                -0.0,
                -0.0,
                -0.4322335553697463
            ]
        }
    ]
}