{
    "objects": [
        {
            "goal_pos": [
                -0.07845717801369476,
                -0.39193271113498196,
                0.07500000000000001
            ],
            "goal_quat": [
                0.8720268148109744,
                -0.0,
                -0.0,
                -0.4894581026509077
            ],
            "shape": [
                0.24,
                0.18,
                0.05
            ],
            "start_pos": [
                -0.7121189037620015,
                -0.5970849108754435,
                0.07500000000000001
            ],
            "start_quat": [
                0.15497642160745095,
                -0.0,
                -0.0,
                -0.9879181690533633
            ]
        },
        {
            "goal_pos": [
                0.574649904641833,
                -0.6748971721117367,
                0.175
            ],
            "goal_quat": [
                0.9860710009157545,
                -0.0,
                -0.0,
                -0.16632492643317792
            ],
            "shape": [
                0.15,
                0.08,
                0.25
            ],
            "start_pos": [
                -0.3855643952489881,
                -0.5486950060274447,
                0.175
            ],
            "start_quat": [
                0.3298029487001875,
                -0.0,
                -0.0,
                -0.944049794782384
            ]
        },
        {
            "goal_pos": [
                0.15031537649892435,
                -0.49474987967282014,
                0.125
            ],
            "goal_quat": [
                0.11361161971956747,
                0.0,
                0.0,
                0.9935252386651767
            ],
            "shape": [
                0.08,
                0.06,
                0.15
            ],
            "start_pos": [
                -0.2429581336835196,
                -0.6019745111834685,
                0.125
            ],
            "start_quat": [
                0.931777001938511,
                0.0,
                0.0,
                0.3630311538401078
            ]
        }
    ]
}