{
    "objects": [
        {
            "goal_pos": [
                0.8176006902501529,
                -0.6611022594194967,
                0.07500000000000001
            ],
            "goal_quat": [
                0.3292352548354562,
                -0.0,
                -0.0,
                -0.944247926645027
            ],
            "shape": [
                0.03,
                0.3,
                0.05
            ],
            "start_pos": [
                0.4013386900903492,
                0.34080093798598404,
                0.15100000000000002
            ],
            "start_quat": [
                0.4400778748715617,
                -0.0,
                -0.0,
                -0.897959611590928
            ]
        },
        {
            "goal_pos": [
                0.9356501420658732,
                -0.36247649720319525,
                0.07500000000000001
            ],
            "goal_quat": [
                0.7375134553233442,
                -0.0,
                -0.0,
                -0.6753324390380057
            ],
            "shape": [
                0.03,
                0.3,
                0.05
            ],
            "start_pos": [
                -0.38690517756472864,
                0.31311040190680633,
                0.551
            ],
            "start_quat": [
                0.9606147669897376,
                0.0,
                0.0,
                0.277883553743744
            ]
        },
        {
            "goal_pos": [
                -0.8221934288191831,
                -0.6267368051952461,
                0.07500000000000001
            ],
            "goal_quat": [
                0.8657581222910925,
                -0.0,
                -0.0,
                -0.5004626596330657
            ],
            "shape": [
                0.03,
                0.3,
                0.05
            ],
            "start_pos": [
                0.016702844978451967,
                0.31753871398884864,
                0.15100000000000002
            ],
            "start_quat": [
                0.9957757511076851,
                0.0,
                0.0,
                0.09181859019787562
            ]
        },
        {
            "goal_pos": [
                0.32040034158179725,
                -0.8969596315791935,
                0.07500000000000001
            ],
            "goal_quat": [
                0.17046902215429918,
                0.0,
                0.0,
                0.9853630358836062
            ],
            "shape": [
                0.03,
                0.3,
                0.05
            ],
            "start_pos": [
                0.00961532096174135,
                0.3019306686126131,
                0.551
            ],
            "start_quat": [
                0.047098077602987024,
                0.0,
                0.0,
                0.9988902697924847
            ]
        }
    ]
}