{
    "objects": [
        {
            "goal_pos": [
                0.13911903122993619,
                0.9490474382897586,
                0.10500000000000001
            ],
            "goal_quat": [
                0.586128857922606,
                0.0,
                0.0,
                0.8102178484274101
            ],
            "shape": [
                0.06,
                0.24,
                0.11
            ],
            "start_pos": [
                -0.34676090767921075,
                -0.6740591339150146,
                0.10500000000000001
            ],
            "start_quat": [
                0.6189821728706606,
                -0.0,
                -0.0,
                -0.7854050354233257
            ]
        },
        {
            "goal_pos": [
                0.9341419801703058,
                -0.15373522080291113,
                0.25
            ],
            "goal_quat": [
                0.9707023504052292,
                -0.0,
                -0.0,
                -0.24028513669755688
            ],
            "shape": [
                0.12,
                0.07,
                0.4
            ],
            "start_pos": [
                -1.0789469125728706,
                0.2689623204242088,
                0.25
            ],
            "start_quat": [
                0.940410834647124,
                0.0,
                0.0,
                0.3400403830110471
            ]
        },
        {
            "goal_pos": [
                0.01360113569578969,
                0.5062616242475289,
                0.11
            ],
            "goal_quat": [
                0.4457190176988448,
                -0.0,
                -0.0,
                -0.8951729203129286
            ],
            "shape": [
                0.06,
                0.12,
                0.12
            ],
            "start_pos": [
                1.0890311662847196,
                0.7166472908320694,
                0.11
            ],
            "start_quat": [
                0.9590916618295294,
                0.0,
                0.0,
                0.2830957156317834
            ]
        }
    ]
}