{
    "objects": [
        {
            "goal_pos": [
                0.5160540884493802,
                -0.43907392733133266,
                0.085
            ],
            "goal_quat": [
                0.9939652898426207,
                -0.0,
                -0.0,
                -0.10969504358937637
            ],
            "shape": [
                0.36,
                0.05,
                0.07
            ],
            "start_pos": [
                -0.1174755819337695,
                -0.38829762313004257,
                0.085
            ],
            "start_quat": [
                0.10734815021792161,
                -0.0,
                -0.0,
                -0.9942214917435604
            ]
        },
        {
            "goal_pos": [
                0.16194768220675865,
                -0.49018185495226574,
                0.135
            ],
            "goal_quat": [
                0.6121741138909288,
                -0.0,
                -0.0,
                -0.7907229946585949
            ],
            "shape": [
                0.07,
                0.16,
                0.17
            ],
            "start_pos": [
                -0.5975844941841367,
                -0.47541172367430673,
                0.135
            ],
            "start_quat": [
                0.138463107076131,
                -0.0,
                -0.0,
                -0.9903675923508523
            ]
        }
    ]
}