{
    "objects": [
        {
            "goal_pos": [
                -0.2395162923143458,
                -0.39486552701630795,
                0.1
            ],
            "goal_quat": [
                0.1925136223006976,
                0.0,
                0.0,
                0.9812943010273036
            ],
            "shape": [
                0.11,
                0.24,
                0.1
            ],
            "start_pos": [
                0.5848837328218713,
                -0.6238853193993508,
                0.1
            ],
            "start_quat": [
                0.588008794056148,
                0.0,
                0.0,
                0.80885453458124
            ]
        },
        {
            "goal_pos": [
                -0.5294061676234981,
                -0.5747527290550678,
                0.16
            ],
            "goal_quat": [
                0.9993834546740262,
                0.0,
                0.0,
                0.035109977553517566
            ],
            "shape": [
                0.08,
                0.05,
                0.22
            ],
            "start_pos": [
                -0.41012325931137433,
                -0.7131652838807465,
                0.16
            ],
            "start_quat": [
                0.08158528087777041,
                -0.0,
                -0.0,
                -0.9966663644089206
            ]
        }
    ]
}