{
    "objects": [
        {
            "goal_pos": [
                -0.5631251055213905,
                -0.48738135615449024,
                0.2
            ],
            "goal_quat": [
                0.998311836605322,
                0.0,
                0.0,
                0.05808163990202831
            ],
            "shape": [
                0.38,
                0.14,
                0.3
            ],
            "start_pos": [
                0.6517169756192491,
                -0.5939905504777543,
                0.2
            ],
            "start_quat": [
                0.796929921220084,
                -0.0,
                -0.0,
                -0.6040717678092155
            ]
        }
    ]
}