{
    "objects": [
        {
            "goal_pos": [
                0.6655424049942688,
                -0.9310410160340865,
                0.07500000000000001
            ],
            "goal_quat": [
                0.9675716054763577,
                0.0,
                0.0,
                0.2525968888880139
            ],
            "shape": [
                0.03,
                0.3,
                0.05
            ],
            "start_pos": [
                0.3947567167631393,
                0.3254802904769367,
                0.15100000000000002
            ],
            "start_quat": [
                0.7985657816993733,
                -0.0,
                -0.0,
                -0.6019075446435846
            ]
        },
        {
            "goal_pos": [
                -0.6153735221957122,
                -0.9636950414519143,
                0.07500000000000001
            ],
            "goal_quat": [
                0.9409149433586304,
                0.0,
                0.0,
                0.33864298215735317
            ],
            "shape": [
                0.03,
                0.3,
                0.05
            ],
            "start_pos": [
                -0.40596061256431876,
                0.25585842101814665,
                0.551
            ],
            "start_quat": [
                0.8171563937538436,
                -0.0,
                -0.0,
                -0.5764160200299896
            ]
        },
        {
            "goal_pos": [
                -0.96640993946907,
                -0.33851258253502464,
                0.07500000000000001
            ],
            "goal_quat": [
                0.8827543236064201,
                -0.0,
                -0.0,
                -0.46983486902758886
            ],
            "shape": [
                0.03,
                0.3,
                0.05
            ],
            "start_pos": [
                0.0025805736000311906,
                0.26809811036283465,
                0.15100000000000002
            ],
            "start_quat": [
                0.15803752175663927,
                0.0,
                0.0,
                0.9874331074645106
            ]
        }
    ]
}