{
    "objects": [
        {
            "goal_pos": [
                -0.9567917333501483,
                0.4924911502777428,
                0.07500000000000001
            ],
            "goal_quat": [
                0.10731659373328,
                0.0,
                0.0,
                0.9942248984558203
            ],
            "shape": [
                0.17,
                0.07,
                0.05
            ],
            "start_pos": [
                -0.6632558568580439,
                -0.9625694635499619,
                0.07500000000000001
            ],
            "start_quat": [
                0.8681421573592221,
                -0.0,
                -0.0,
                -0.4963156199593921
            ]
        },
        {
            "goal_pos": [
                -1.0416180200018506,
                0.14638691592506614,
                0.085
            ],
            "goal_quat": [
                0.5080711539981116,
                -0.0,
                -0.0,
                -0.861315100572971
            ],
            "shape": [
                0.14,
                0.2,
                0.07
            ],
            "start_pos": [
                0.1411120811553231,
                0.6760590429843104,
                0.085
            ],
            "start_quat": [
                0.8109297496153365,
                0.0,
                0.0,
                0.5851435218720342
            ]
        }
    ]
}