{
    "objects": [
        {
            "goal_pos": [
                -0.8072836179521539,
                -0.715535539312316,
                0.07500000000000001
            ],
            "goal_quat": [
                0.31452883709697177,
                0.0,
                0.0,
                0.9492479184251218
            ],
            "shape": [
                0.03,
                0.3,
                0.05
            ],
            "start_pos": [
                0.3986568933988618,
                0.31264656642250754,
                0.15100000000000002
            ],
            "start_quat": [
                0.8635592152945425,
                0.0,
                0.0,
                0.5042474409254587
            ]
        },
        {
            "goal_pos": [
                0.9052957229882546,
                -0.7248272620631573,
                0.07500000000000001
            ],
            "goal_quat": [
                0.06676643742971211,
                0.0,
                0.0,
                0.9977686319147061
            ],
            "shape": [
                0.03,
                0.3,
                0.05
            ],
            "start_pos": [
                -0.3928312942288234,
                0.2869118140001937,
                0.551
            ],
            "start_quat": [
                0.9943948500316423,
                -0.0,
                -0.0,
                -0.10573023328522292
            ]
        },
        {
            "goal_pos": [
                -0.08308810429183294,
                -0.8066567151019237,
                0.07500000000000001
            ],
            "goal_quat": [
                0.7355672045233346,
                0.0,
                0.0,
                0.6774517603709705
            ],
            "shape": [
                0.03,
                0.3,
                0.05
            ],
            "start_pos": [
                0.015570316127189468,
                0.3422456222675057,
                0.15100000000000002
            ],
            "start_quat": [
                0.9804602763946917,
                -0.0,
                -0.0,
                -0.19671717365813504
            ]
        }
    ]
}