{
    "objects": [
        {
            "goal_pos": [
                0.00858427650967375,
                -0.4402781660289016,
                0.195
            ],
            "goal_quat": [
                0.6674150942316405,
                0.0,
                0.0,
                0.7446859015664057
            ],
            "shape": [
                0.26,
                0.07,
                0.29
            ],
            "start_pos": [
                0.32222009977197574,
                -0.3503776911211103,
                0.195
            ],
            "start_quat": [
                0.9023872170451421,
                -0.0,
                -0.0,
                -0.4309261079506828
            ]
        },
        {
            "goal_pos": [
                0.4463549337912462,
                -0.5812048312771161,
                0.125
            ],
            "goal_quat": [
                0.9979879485523755,
                -0.0,
                -0.0,
                -0.06340390007106105
            ],
            "shape": [
                0.07,
                0.18,
                0.15
            ],
            "start_pos": [
                -0.2935587321825579,
                -0.5367709363696663,
                0.125
            ],
            "start_quat": [
                0.8065649821371178,
                -0.0,
                -0.0,
                -0.5911454386106273
            ]
        },
        {
            "goal_pos": [
                0.7661808861795735,
                -0.7186817712998594,
                0.20500000000000002
            ],
            "goal_quat": [
                0.4798020700660274,
                0.0,
                0.0,
                0.8773767569068347
            ],
            "shape": [
                0.21,
                0.22,
                0.31
            ],
            "start_pos": [
                -0.597321555175262,
                -0.6854543175979548,
                0.20500000000000002
            ],
            "start_quat": [
                0.07453723081370212,
                -0.0,
                -0.0,
                -0.9972182314933
            ]
        },
        {
            "goal_pos": [
                0.5663251197018069,
                -0.3894737535651257,
                0.135
            ],
            "goal_quat": [
                0.9998320145640067,
                -0.0,
                -0.0,
                -0.018328738442126125
            ],
            "shape": [
                0.12,
                0.18,
                0.17
            ],
            "start_pos": [
                -0.25190930117122357,
                -0.3233465214941762,
                0.135
            ],
            "start_quat": [
                0.6641062828913343,
                0.0,
                0.0,
                0.7476381778803535
            ]
        }
    ]
}