{
    "objects": [
        {
            "goal_pos": [
                0.9783767427310817,
                -0.12916788759340425,
                0.1
            ],
            "goal_quat": [
                0.5708781592472518,
                0.0,
                0.0,
                0.8210347905506011
            ],
            "shape": [
                0.19,
                0.11,
                0.1
            ],
            "start_pos": [
                -0.3399546808281474,
                -1.0832260946790608,
                0.1
            ],
            "start_quat": [
                0.9000509474279512,
                -0.0,
                -0.0,
                -0.4357846854055881
            ]
        },
        {
            "goal_pos": [
                -1.124438699926553,
                -0.6849596990086828,
                0.07500000000000001
            ],
            "goal_quat": [
                0.9999990966343096,
                -0.0,
                -0.0,
                -0.0013441467794606554
            ],
            "shape": [
                0.1,
                0.07,
                0.05
            ],
            "start_pos": [
                -0.3172320264578298,
                -0.8878450990286126,
                0.07500000000000001
            ],
            "start_quat": [
                0.7994233832878026,
                -0.0,
                -0.0,
                -0.6007680536219308
            ]
        }
    ]
}