{
    "objects": [
        {
            "goal_pos": [
                0.578516639293694,
                -0.9444772018269949,
                0.07500000000000001
            ],
            "goal_quat": [
                0.06063207097755382,
                -0.0,
                -0.0,
                -0.9981601835221503
            ],
            "shape": [
                0.03,
                0.3,
                0.05
            ],
            "start_pos": [
                0.4201907482668947,
                0.28020385636050255,
                0.15100000000000002
            ],
            "start_quat": [
                0.39457290155757463,
                -0.0,
                -0.0,
                -0.9188646393002815
            ]
        },
        {
            "goal_pos": [
                0.21502561709257423,
                -0.8566426575210528,
                0.07500000000000001
            ],
            "goal_quat": [
                0.39785494625970536,
                0.0,
                0.0,
                0.9174483319166736
            ],
            "shape": [
                0.03,
                0.3,
                0.05
            ],
            "start_pos": [
                -0.3939721367633776,
                0.30143209936493853,
                0.551
            ],
            "start_quat": [
                0.8146135900986746,
                -0.0,
                -0.0,
                -0.5800040506983968
            ]
        }
    ]
}