{
    "objects": [
        {
            "goal_pos": [
                -0.09626680929412162,
                -0.7898154384027851,
                0.07500000000000001
            ],
            "goal_quat": [
                0.2368127636078144,
                -0.0,
                -0.0,
                -0.9715553072226147
            ],
            "shape": [
                0.03,
                0.3,
                0.05
            ],
            "start_pos": [
                0.40086831249436067,
                0.30728130527770525,
                0.15100000000000002
            ],
            "start_quat": [
                0.4429542316404806,
                0.0,
                0.0,
                0.8965442257199538
            ]
        },
        {
            "goal_pos": [
                0.9887686503624643,
                -0.6224095037939132,
                0.07500000000000001
            ],
            "goal_quat": [
                0.7356759365943629,
                -0.0,
                -0.0,
                -0.6773336816636295
            ],
            "shape": [
                0.03,
                0.3,
                0.05
            ],
            "start_pos": [
                -0.4111544171054752,
                0.2979965176488458,
                0.551
            ],
            "start_quat": [
                0.3674113443817661,
                0.0,
                0.0,
                0.9300585487051787
            ]
        }
    ]
}