{
    "objects": [
        {
            "goal_pos": [
                -0.7210761311978924,
                -0.779310965003635,
                0.07500000000000001
            ],
            "goal_quat": [
                0.6933357035521491,
                0.0,
                0.0,
                0.7206147390803538
            ],
            "shape": [
                0.03,
                0.3,
                0.05
            ],
            "start_pos": [
                0.38257749934721424,
                0.27558606762287624,
                0.15100000000000002
            ],
            "start_quat": [
                0.9554131893942406,
                -0.0,
                -0.0,
                -0.29527214147549535
            ]
        },
        {
            "goal_pos": [
                -0.9946367336577382,
                -0.40639192801085744,
                0.07500000000000001
            ],
            "goal_quat": [
                0.36940125475636443,
                0.0,
                0.0,
                0.9292699892842895
            ],
            "shape": [
                0.03,
                0.3,
                0.05
            ],
            "start_pos": [
                -0.4041587436476995,
                0.276567738965327,
                0.551
            ],
            "start_quat": [
                0.9628537800945203,
                -0.0,
                -0.0,
                -0.2700233289138056
            ]
        },
        {
            "goal_pos": [
                1.003044441497995,
                -0.5508513550250745,
                0.07500000000000001
            ],
            "goal_quat": [
                0.5557338654975379,
                -0.0,
                -0.0,
                -0.8313602532832348
            ],
            "shape": [
                0.03,
                0.3,
                0.05
            ],
            "start_pos": [
                0.01949955422676638,
                0.2999571975394063,
                0.15100000000000002
            ],
            "start_quat": [
                0.17874460428648078,
                0.0,
                0.0,
                0.9838955058533754
            ]
        },
        {
            "goal_pos": [
                -0.1352377224203296,
                -0.7988314571143841,
                0.07500000000000001
            ],
            "goal_quat": [
                0.8049949813608491,
                -0.0,
                -0.0,
                -0.5932816194555889
            ],
            "shape": [
                0.03,
                0.3,
                0.05
            ],
            "start_pos": [
                -0.016065681628640485,
                0.3030907380265772,
                0.551
            ],
            "start_quat": [
                0.44631669278160335,
                0.0,
                0.0,
                0.8948750805249255
            ]
        }
    ]
}