{
    "objects": [
        {
            "goal_pos": [
                -0.06765713536128624,
                -0.4252070718023431,
                0.22999999999999998
            ],
            "goal_quat": [
                0.4376751909388306,
                0.0,
                0.0,
                0.8991331532296305
            ],
            "shape": [
                0.22,
                0.24,
                0.36
            ],
            "start_pos": [
                0.38958907797701536,
                -0.44576266854289115,
                0.22999999999999998
            ],
            "start_quat": [
                0.9732494985075105,
                0.0,
                0.0,
                0.22975076420956508
            ]
        }
    ]
}