{
    "objects": [
        {
            "goal_pos": [
                -0.04572026554644981,
                -0.7890326266135209,
                0.07500000000000001
            ],
            "goal_quat": [
                0.90391932806537,
                0.0,
                0.0,
                0.4277029908123743
            ],
            "shape": [
                0.03,
                0.3,
                0.05
            ],
            "start_pos": [
                0.39727298352887636,
                0.29812193698895717,
                0.15100000000000002
            ],
            "start_quat": [
                0.0478057869830853,
                0.0,
                0.0,
                0.9988566497405561
            ]
        },
        {
            "goal_pos": [
                -0.7237602810788075,
                -0.7684839505503431,
                0.07500000000000001
            ],
            "goal_quat": [
                0.9303337162358836,
                -0.0,
                -0.0,
                -0.36671402541316905
            ],
            "shape": [
                0.03,
                0.3,
                0.05
            ],
            "start_pos": [
                -0.41875399985133094,
                0.3226740841716913,
                0.551
            ],
            "start_quat": [
                0.8652536527332422,
                -0.0,
                -0.0,
                -0.5013343359792763
            ]
        }
    ]
}