{
    "objects": [
        {
            "goal_pos": [
                -0.4168610550041774,
                -0.8823921374217807,
                0.07500000000000001
            ],
            "goal_quat": [
                0.7982739854831294,
                -0.0,
                -0.0,
                -0.6022944828743498
            ],
            "shape": [
                0.03,
                0.3,
                0.05
            ],
            "start_pos": [
                0.42394694858239995,
                0.2931348501953725,
                0.15100000000000002
            ],
            "start_quat": [
                0.5175090208841642,
                -0.0,
                -0.0,
                -0.8556777508522199
            ]
        },
        {
            "goal_pos": [
                -1.066666086354322,
                -0.48204697295851384,
                0.07500000000000001
            ],
            "goal_quat": [
                0.5757308464170944,
                0.0,
                0.0,
                0.8176392801742441
            ],
            "shape": [
                0.03,
                0.3,
                0.05
            ],
            "start_pos": [
                -0.39877454836622167,
                0.34247454983394593,
                0.551
            ],
            "start_quat": [
                0.6560082890753122,
                0.0,
                0.0,
                0.7547536847637656
            ]
        },
        {
            "goal_pos": [
                0.5211289816683506,
                -0.8700526363532273,
                0.07500000000000001
            ],
            "goal_quat": [
                0.09593317871280775,
                -0.0,
                -0.0,
                -0.9953877763073327
            ],
            "shape": [
                0.03,
                0.3,
                0.05
            ],
            "start_pos": [
                -0.022563316802087542,
                0.3489149436448753,
                0.15100000000000002
            ],
            "start_quat": [
                0.1864331805841415,
                -0.0,
                -0.0,
                -0.9824676428143987
            ]
        },
        {
            "goal_pos": [
                -0.09476703487869681,
                -0.8617922321920364,
                0.07500000000000001
            ],
            "goal_quat": [
                0.917064384052737,
                -0.0,
                -0.0,
                -0.3987391572218285
            ],
            "shape": [
                0.03,
                0.3,
                0.05
            ],
            "start_pos": [
                0.0030662610945411846,
                0.3369677904812671,
                0.551
            ],
            "start_quat": [
                0.6018828970771094,
                -0.0,
                -0.0,
                -0.798584358853882
            ]
        }
    ]
}