{
    "objects": [
        {
            "goal_pos": [
                0.0331851821854961,
                -0.8190427148593864,
                0.07500000000000001
            ],
            "goal_quat": [
                0.8446753311556001,
                0.0,
                0.0,
                0.5352789786057147
            ],
            "shape": [
                0.03,
                0.3,
                0.05
            ],
            "start_pos": [
                0.41582398007946986,
                0.2993882379742942,
                0.15100000000000002
            ],
            "start_quat": [
                0.5017046561784274,
                -0.0,
                -0.0,
                -0.8650389806065886
            ]
        },
        {
            "goal_pos": [
                -0.9301475849143289,
                -0.595689940223008,
                0.07500000000000001
            ],
            "goal_quat": [
                0.9422928214923451,
                -0.0,
                -0.0,
                -0.33478984238473464
            ],
            "shape": [
                0.03,
                0.3,
                0.05
            ],
            "start_pos": [
                -0.3841216670895503,
                0.3208462688981315,
                0.551
            ],
            "start_quat": [
                0.9999933175534232,
                0.0,
                0.0,
                0.0036557965614184744
            ]
        },
        {
            "goal_pos": [
                1.039419396538299,
                -0.5513017509446976,
                0.07500000000000001
            ],
            "goal_quat": [
                0.9999261576026536,
                0.0,
                0.0,
                0.012152338951540961
            ],
            "shape": [
                0.03,
                0.3,
                0.05
            ],
            "start_pos": [
                -0.007595088398635357,
                0.25252437277473777,
                0.15100000000000002
            ],
            "start_quat": [
                0.610586855844684,
                0.0,
                0.0,
                0.79194929854739
            ]
        },
        {
            "goal_pos": [
                -0.6424312935246781,
                -0.8689397207714253,
                0.07500000000000001
            ],
            "goal_quat": [
                0.5297522202819348,
                0.0,
                0.0,
                0.8481524539293396
            ],
            "shape": [
                0.03,
                0.3,
                0.05
            ],
            "start_pos": [
                -0.01657989429855319,
                0.31441104446131285,
                0.551
            ],
            "start_quat": [
                0.9653029007592784,
                0.0,
                0.0,
                0.2611327436108363
            ]
        }
    ]
}