{
    "objects": [
        {
            "goal_pos": [
                0.6534296884469062,
                -0.8529011781498572,
                0.07500000000000001
            ],
            "goal_quat": [
                0.8900713489298644,
                -0.0,
                -0.0,
                -0.4558212301047107
            ],
            "shape": [
                0.03,
                0.3,
                0.05
            ],
            "start_pos": [
                0.3770433730182408,
                0.3197748699870192,
                0.15100000000000002
            ],
            "start_quat": [
                0.5865222095452262,
                0.0,
                0.0,
                0.8099331439755912
            ]
        },
        {
            "goal_pos": [
                -1.0690139808361068,
                -0.3480466233069349,
                0.07500000000000001
            ],
            "goal_quat": [
                0.8431713965017982,
                -0.0,
                -0.0,
                -0.5376448605922012
            ],
            "shape": [
                0.03,
                0.3,
                0.05
            ],
            "start_pos": [
                -0.378285906906261,
                0.33034124367469625,
                0.551
            ],
            "start_quat": [
                0.6763966507873455,
                -0.0,
                -0.0,
                -0.7365375555962247
            ]
        },
        {
            "goal_pos": [
                0.1610673031081376,
                -0.9492330312683195,
                0.07500000000000001
            ],
            "goal_quat": [
                0.8928856675687206,
                0.0,
                0.0,
                0.45028344922988256
            ],
            "shape": [
                0.03,
                0.3,
                0.05
            ],
            "start_pos": [
                -0.0032508991792666274,
                0.33610533507257906,
                0.15100000000000002
            ],
            "start_quat": [
                0.03804669222145002,
                -0.0,
                -0.0,
                -0.9992759624903454
            ]
        }
    ]
}