{
    "objects": [
        {
            "goal_pos": [
                0.7120472425254422,
                -0.6936563887213734,
                0.15000000000000002
            ],
            "goal_quat": [
                0.9592871928759623,
                -0.0,
                -0.0,
                -0.2824324372025215
            ],
            "shape": [
                0.18,
                0.08,
                0.2
            ],
            "start_pos": [
                -0.6203694006512763,
                -0.7180851469289793,
                0.15000000000000002
            ],
            "start_quat": [
                0.4410782360269589,
                0.0,
                0.0,
                0.8974686566690484
            ]
        },
        {
            "goal_pos": [
                -0.3896161025633501,
                -0.5682637295317521,
                0.22500000000000003
            ],
            "goal_quat": [
                0.6561096459043103,
                0.0,
                0.0,
                0.7546655766306826
            ],
            "shape": [
                0.2,
                0.1,
                0.35000000000000003
            ],
            "start_pos": [
                0.19766842073811028,
                -0.4824077989653173,
                0.22500000000000003
            ],
            "start_quat": [
                0.9901076449175112,
                0.0,
                0.0,
                0.14030984098023752
            ]
        },
        {
            "goal_pos": [
                -0.6426431481184418,
                -0.4925470990176272,
                0.24
            ],
            "goal_quat": [
                0.9643361765312871,
                -0.0,
                -0.0,
                -0.26468044626118176
            ],
            "shape": [
                0.1,
                0.19,
                0.38
            ],
            "start_pos": [
                -0.13677093812018704,
                -0.3893228944611946,
                0.24
            ],
            "start_quat": [
                0.4176353308538894,
                0.0,
                0.0,
                0.9086147315680956
            ]
        }
    ]
}