{
    "objects": [
        {
            "goal_pos": [
                -0.1378052484847862,
                -0.3425606831193512,
                0.155
            ],
            "goal_quat": [
                0.3520290117570765,
                0.0,
                0.0,
                0.9359890890824187
            ],
            "shape": [
                0.12,
                0.1,
                0.21
            ],
            "start_pos": [
                0.16712416899532567,
                -0.48020020970629573,
                0.155
            ],
            "start_quat": [
                0.6970989206526533,
                0.0,
                0.0,
                0.7169749610864425
            ]
        },
        {
            "goal_pos": [
                0.3994457641352204,
                -0.40143803168473846,
                0.10500000000000001
            ],
            "goal_quat": [
                0.7286878773899544,
                -0.0,
                -0.0,
                -0.6848459515430625
            ],
            "shape": [
                0.12,
                0.29,
                0.11
            ],
            "start_pos": [
                -0.6341545966688806,
                -0.5752127983040143,
                0.10500000000000001
            ],
            "start_quat": [
                0.9768366905070579,
                0.0,
                0.0,
                0.21398616796236725
            ]
        },
        {
            "goal_pos": [
                -0.34077861811049587,
                -0.46477938818238074,
                0.22500000000000003
            ],
            "goal_quat": [
                0.021959177458810455,
                0.0,
                0.0,
                0.9997588681903914
            ],
            "shape": [
                0.19,
                0.16,
                0.35000000000000003
            ],
            "start_pos": [
                0.6094329244714158,
                -0.7118415113734022,
                0.22500000000000003
            ],
            "start_quat": [
                0.8979324491411736,
                0.0,
                0.0,
                0.4401332943317667
            ]
        }
    ]
}