{
    "objects": [
        {
            "goal_pos": [
                0.07945271225551809,
                -0.776840761501062,
                0.07500000000000001
            ],
            "goal_quat": [
                0.9927826058173598,
                -0.0,
                -0.0,
                -0.11992788494129615
            ],
            "shape": [
                0.03,
                0.3,
                0.05
            ],
            "start_pos": [
                0.4128232748765114,
                0.27015694105140337,
                0.15100000000000002
            ],
            "start_quat": [
                0.9795001230961822,
                0.0,
                0.0,
                0.20144356245500628
            ]
        },
        {
            "goal_pos": [
                -0.8759232781495285,
                -0.7238287409273555,
                0.07500000000000001
            ],
            "goal_quat": [
                0.1785613568506565,
                0.0,
                0.0,
                0.9839287788451218
            ],
            "shape": [
                0.03,
                0.3,
                0.05
            ],
            "start_pos": [
                -0.4094990963964826,
                0.3436764412986293,
                0.551
            ],
            "start_quat": [
                0.00831249857056475,
                0.0,
                0.0,
                0.9999654505869262
            ]
        },
        {
            "goal_pos": [
                1.0283226360197144,
                -0.5225762782162439,
                0.07500000000000001
            ],
            "goal_quat": [
                0.9868882602110569,
                -0.0,
                -0.0,
                -0.1614049623078336
            ],
            "shape": [
                0.03,
                0.3,
                0.05
            ],
            "start_pos": [
                -0.010706882472192852,
                0.2648677362017801,
                0.15100000000000002
            ],
            "start_quat": [
                0.9420726819918913,
                -0.0,
                -0.0,
                -0.33540879810256147
            ]
        }
    ]
}