{
    "objects": [
        {
            "goal_pos": [
                -0.14659999763187337,
                -0.8315905581635505,
                0.07500000000000001
            ],
            "goal_quat": [
                0.4625436913574768,
                0.0,
                0.0,
                0.8865964885929783
            ],
            "shape": [
                0.03,
                0.3,
                0.05
            ],
            "start_pos": [
                0.4202758432577672,
                0.28640823789284925,
                0.15100000000000002
            ],
            "start_quat": [
                0.31597408631010776,
                0.0,
                0.0,
                0.9487678202703191
            ]
        },
        {
            "goal_pos": [
                -1.0017750034687574,
                -0.4196660234863355,
                0.07500000000000001
            ],
            "goal_quat": [
                0.4322888955174963,
                0.0,
                0.0,
                0.9017351666716027
            ],
            "shape": [
                0.03,
                0.3,
                0.05
            ],
            "start_pos": [
                -0.38347653618841016,
                0.31937868674342834,
                0.551
            ],
            "start_quat": [
                0.06243292563640311,
                -0.0,
                -0.0,
                -0.9980491620138155
            ]
        },
        {
            "goal_pos": [
                0.26804151283533617,
                -0.8683397737718628,
                0.07500000000000001
            ],
            "goal_quat": [
                0.26812485275392745,
                0.0,
                0.0,
                0.9633841722468169
            ],
            "shape": [
                0.03,
                0.3,
                0.05
            ],
            "start_pos": [
                -0.002512566431478073,
                0.3014088044090671,
                0.15100000000000002
            ],
            "start_quat": [
                0.7437673013646894,
                0.0,
                0.0,
                0.6684386295096112
            ]
        }
    ]
}