{
    "objects": [
        {
            "goal_pos": [
                -0.4700043497884865,
                -1.1111758326433245,
                0.15000000000000002
            ],
            "goal_quat": [
                0.9998053783447653,
                -0.0,
                -0.0,
                -0.019728290166171985
            ],
            "shape": [
                0.39,
                0.07,
                0.2
            ],
            "start_pos": [
                -0.5997881740066034,
                0.23287264243706746,
                0.15000000000000002
            ],
            "start_quat": [
                0.8978583578645686,
                -0.0,
                -0.0,
                -0.4402844185441274
            ]
        },
        {
            "goal_pos": [
                -0.865276409308854,
                0.7927604191776995,
                0.24
            ],
            "goal_quat": [
                0.9998797914737384,
                -0.0,
                -0.0,
                -0.015504921877692786
            ],
            "shape": [
                0.36,
                0.2,
                0.38
            ],
            "start_pos": [
                1.588703749962948,
                0.6145567555191325,
                0.24
            ],
            "start_quat": [
                0.9891243246054343,
                0.0,
                0.0,
                0.14708184957309772
            ]
        },
        {
            "goal_pos": [
                0.2932939612815892,
                -1.34428992926336,
                0.235
            ],
            "goal_quat": [
                0.7549231670452421,
                0.0,
                0.0,
                0.6558132446500158
            ],
            "shape": [
                0.26,
                0.2,
                0.37
            ],
            "start_pos": [
                -0.4942268825741704,
                1.3451806484018825,
                0.235
            ],
            "start_quat": [
                0.9972406061727984,
                0.0,
                0.0,
                0.07423727769867038
            ]
        }
    ]
}