{
    "objects": [
        {
            "goal_pos": [
                0.22686659754506255,
                -0.5691371146901666,
                0.14
            ],
            "goal_quat": [
                0.17676129181845465,
                -0.0,
                -0.0,
                -0.9842537506734079
            ],
            "shape": [
                0.16,
                0.07,
                0.18
            ],
            "start_pos": [
                0.2812489173333718,
                -0.23873410980456056,
                0.14
            ],
            "start_quat": [
                0.19260586665200435,
                0.0,
                0.0,
                0.9812761997170981
            ]
        },
        {
            "goal_pos": [
                -0.5590154448721543,
                -0.4535660406862556,
                0.2
            ],
            "goal_quat": [
                0.9692569786675265,
                0.0,
                0.0,
                0.2460506234584627
            ],
            "shape": [
                0.05,
                0.25,
                0.3
            ],
            "start_pos": [
                -0.33574862213833045,
                -0.28691309712222457,
                0.2
            ],
            "start_quat": [
                0.43197294294281985,
                -0.0,
                -0.0,
                -0.9018865652427246
            ]
        }
    ]
}