{
    "objects": [
        {
            "goal_pos": [
                0.936608881905068,
                0.5970568749130525,
                0.21500000000000002
            ],
            "goal_quat": [
                0.48334369237764824,
                -0.0,
                -0.0,
                -0.8754306797449707
            ],
            "shape": [
                0.31,
                0.18,
                0.33
            ],
            "start_pos": [
                -0.9093340362278166,
                -0.6899234770256227,
                0.21500000000000002
            ],
            "start_quat": [
                0.02062682358597769,
                0.0,
                0.0,
                0.9997872444419127
            ]
        },
        {
            "goal_pos": [
                -0.7301554746529959,
                -0.8907151534503311,
                0.1
            ],
            "goal_quat": [
                0.9926103667346879,
                0.0,
                0.0,
                0.12134520942677643
            ],
            "shape": [
                0.16,
                0.05,
                0.1
            ],
            "start_pos": [
                -0.5225756735814763,
                0.38884194155675966,
                0.1
            ],
            "start_quat": [
                0.7960816114364536,
                0.0,
                0.0,
                0.6051892827312289
            ]
        }
    ]
}