{
    "objects": [
        {
            "goal_pos": [
                1.0687185901356622,
                -0.4922927281720248,
                0.21500000000000002
            ],
            "goal_quat": [
                0.7114821750056304,
                0.0,
                0.0,
                0.7027041444656901
            ],
            "shape": [
                0.36,
                0.08,
                0.33
            ],
            "start_pos": [
                -0.8074085610444901,
                0.3527616831915736,
                0.21500000000000002
            ],
            "start_quat": [
                0.03667896090479411,
                0.0,
                0.0,
                0.9993271005166149
            ]
        },
        {
            "goal_pos": [
                -0.34680487276352034,
                -0.7894125523250415,
                0.08
            ],
            "goal_quat": [
                0.20508092988642593,
                -0.0,
                -0.0,
                -0.9787450189895829
            ],
            "shape": [
                0.27,
                0.1,
                0.06
            ],
            "start_pos": [
                -1.286677668542308,
                -0.6960102553742551,
                0.08
            ],
            "start_quat": [
                0.8014345419610261,
                0.0,
                0.0,
                0.5980824984496037
            ]
        }
    ]
}