{
    "objects": [
        {
            "goal_pos": [
                1.7087211512918035,
                -1.0542248228974442,
                0.16999999999999998
            ],
            "goal_quat": [
                0.1775701799110347,
                0.0,
                0.0,
                0.9841081399959878
            ],
            "shape": [
                0.14,
                0.32,
                0.24
            ],
            "start_pos": [
                0.03654490243142877,
                -1.0056944350792032,
                0.16999999999999998
            ],
            "start_quat": [
                0.9849195124076396,
                -0.0,
                -0.0,
                -0.17301316157650384
            ]
        },
        {
            "goal_pos": [
                0.46278587611460875,
                1.2551165001668525,
                0.165
            ],
            "goal_quat": [
                0.7987918436310439,
                0.0,
                0.0,
                0.601607505395767
            ],
            "shape": [
                0.07,
                0.25,
                0.23
            ],
            "start_pos": [
                -0.5697836494235694,
                0.38834762456668825,
                0.165
            ],
            "start_quat": [
                0.9625668582216115,
                -0.0,
                -0.0,
                -0.2710443569849338
            ]
        },
        {
            "goal_pos": [
                -1.079418165999823,
                -0.18206378918736815,
                0.16999999999999998
            ],
            "goal_quat": [
                0.9942100839425432,
                0.0,
                0.0,
                0.10745375278212103
            ],
            "shape": [
                0.2,
                0.29,
                0.24
            ],
            "start_pos": [
                0.3211890526980749,
                0.1261518551173172,
                0.16999999999999998
            ],
            "start_quat": [
                0.22287325315333653,
                -0.0,
                -0.0,
                -0.9748474306417639
            ]
        }
    ]
}