{
    "objects": [
        {
            "goal_pos": [
                0.21644244693748002,
                -0.8045981493851242,
                0.07500000000000001
            ],
            "goal_quat": [
                0.5904241767398355,
                0.0,
                0.0,
                0.8070931120515696
            ],
            "shape": [
                0.03,
                0.3,
                0.05
            ],
            "start_pos": [
                0.4216930408399417,
                0.27972175622568984,
                0.15100000000000002
            ],
            "start_quat": [
                0.3580227836933885,
                -0.0,
                -0.0,
                -0.9337128500542536
            ]
        },
        {
            "goal_pos": [
                -0.9259712876572165,
                -0.5556729465511897,
                0.07500000000000001
            ],
            "goal_quat": [
                0.47414501204285603,
                -0.0,
                -0.0,
                -0.8804467658835938
            ],
            "shape": [
                0.03,
                0.3,
                0.05
            ],
            "start_pos": [
                -0.42172246875032326,
                0.3387916806858847,
                0.551
            ],
            "start_quat": [
                0.6956844959485927,
                -0.0,
                -0.0,
                -0.7183474661309472
            ]
        },
        {
            "goal_pos": [
                -0.1483966103022022,
                -0.83490529432459,
                0.07500000000000001
            ],
            "goal_quat": [
                0.7948040738373581,
                0.0,
                0.0,
                0.6068661172050549
            ],
            "shape": [
                0.03,
                0.3,
                0.05
            ],
            "start_pos": [
                -0.022934804328215437,
                0.28678400737998155,
                0.15100000000000002
            ],
            "start_quat": [
                0.9979626698577984,
                -0.0,
                -0.0,
                -0.06380054521941829
            ]
        }
    ]
}