{
    "objects": [
        {
            "goal_pos": [
                -0.008553127275934491,
                -0.7572639613837995,
                0.07500000000000001
            ],
            "goal_quat": [
                0.3386122027278796,
                0.0,
                0.0,
                0.9409260205583505
            ],
            "shape": [
                0.03,
                0.3,
                0.05
            ],
            "start_pos": [
                0.4171973462557983,
                0.3228770961096322,
                0.15100000000000002
            ],
            "start_quat": [
                0.29807657218998374,
                -0.0,
                -0.0,
                -0.954541961943774
            ]
        },
        {
            "goal_pos": [
                -0.9983247091816253,
                -0.43215290229714776,
                0.07500000000000001
            ],
            "goal_quat": [
                0.24742958933263726,
                -0.0,
                -0.0,
                -0.9689058769161649
            ],
            "shape": [
                0.03,
                0.3,
                0.05
            ],
            "start_pos": [
                -0.3991835496281817,
                0.30016071484357376,
                0.551
            ],
            "start_quat": [
                0.9998293850264504,
                -0.0,
                -0.0,
                -0.018471622495871757
            ]
        },
        {
            "goal_pos": [
                0.9607216522313137,
                -0.5656944095244455,
                0.07500000000000001
            ],
            "goal_quat": [
                0.37098791914130463,
                -0.0,
                -0.0,
                -0.9286376924566463
            ],
            "shape": [
                0.03,
                0.3,
                0.05
            ],
            "start_pos": [
                0.013997976580805725,
                0.3113333023796617,
                0.15100000000000002
            ],
            "start_quat": [
                0.19358542127548814,
                0.0,
                0.0,
                0.9810834239092983
            ]
        }
    ]
}