{
    "objects": [
        {
            "goal_pos": [
                -1.2132293682087152,
                0.12314608207394218,
                0.22500000000000003
            ],
            "goal_quat": [
                0.9297542552771265,
                -0.0,
                -0.0,
                -0.3681806958465855
            ],
            "shape": [
                0.25,
                0.31,
                0.35000000000000003
            ],
            "start_pos": [
                1.1045415572216795,
                0.11247623663098577,
                0.22500000000000003
            ],
            "start_quat": [
                0.9734750869306644,
                -0.0,
                -0.0,
                -0.22879303994076236
            ]
        },
        {
            "goal_pos": [
                0.6428732601825495,
                -0.07522826610071404,
                0.2
            ],
            "goal_quat": [
                0.990067375331885,
                0.0,
                0.0,
                0.14059371359855405
            ],
            "shape": [
                0.11,
                0.18,
                0.3
            ],
            "start_pos": [
                0.5008122310372167,
                -0.8305620654658934,
                0.2
            ],
            "start_quat": [
                0.39839582965690173,
                -0.0,
                -0.0,
                -0.9172135863101838
            ]
        },
        {
            "goal_pos": [
                0.6385156922496934,
                -0.6007270551375798,
                0.13
            ],
            "goal_quat": [
                0.9992521785498848,
                -0.0,
                -0.0,
                -0.03866631173656355
            ],
            "shape": [
                0.23,
                0.22,
                0.16
            ],
            "start_pos": [
                1.2042659352782172,
                0.950891735207397,
                0.13
            ],
            "start_quat": [
                0.7479615091986339,
                -0.0,
                -0.0,
                -0.6637421041016622
            ]
        }
    ]
}