{
    "objects": [
        {
            "goal_pos": [
                0.4251760191596538,
                -0.8432937954513176,
                0.07500000000000001
            ],
            "goal_quat": [
                0.39416979100645316,
                0.0,
                0.0,
                0.9190376357135376
            ],
            "shape": [
                0.03,
                0.3,
                0.05
            ],
            "start_pos": [
                0.42357080232321687,
                0.30998364969413955,
                0.15100000000000002
            ],
            "start_quat": [
                0.8922007140686824,
                -0.0,
                -0.0,
                -0.45163911014806185
            ]
        },
        {
            "goal_pos": [
                0.893851931930727,
                -0.5709083768055421,
                0.07500000000000001
            ],
            "goal_quat": [
                0.8648705843842779,
                0.0,
                0.0,
                0.5019948926700328
            ],
            "shape": [
                0.03,
                0.3,
                0.05
            ],
            "start_pos": [
                -0.416404863319284,
                0.3357795684901501,
                0.551
            ],
            "start_quat": [
                0.9878988556220871,
                -0.0,
                -0.0,
                -0.15509948762188308
            ]
        },
        {
            "goal_pos": [
                -0.20740174157222063,
                -0.9009909613252993,
                0.07500000000000001
            ],
            "goal_quat": [
                0.9933770878082748,
                -0.0,
                -0.0,
                -0.11489978858792983
            ],
            "shape": [
                0.03,
                0.3,
                0.05
            ],
            "start_pos": [
                -0.017840873450811465,
                0.3076385488356238,
                0.15100000000000002
            ],
            "start_quat": [
                0.10580298944475448,
                0.0,
                0.0,
                0.9943871114533581
            ]
        }
    ]
}