{
    "objects": [
        {
            "goal_pos": [
                0.45420943876116604,
                -0.4410273400365431,
                0.1
            ],
            "goal_quat": [
                0.9994797996886698,
                0.0,
                0.0,
                0.032251046716292746
            ],
            "shape": [
                0.24,
                0.06,
                0.1
            ],
            "start_pos": [
                0.0633109297482582,
                -0.3398386763919997,
                0.1
            ],
            "start_quat": [
                0.4816172604457627,
                -0.0,
                -0.0,
                -0.8763816602603676
            ]
        }
    ]
}