{
    "objects": [
        {
            "goal_pos": [
                -1.0111090072719318,
                -0.3401691933952121,
                0.07500000000000001
            ],
            "goal_quat": [
                0.9928233515725143,
                -0.0,
                -0.0,
                -0.11959010231753957
            ],
            "shape": [
                0.03,
                0.3,
                0.05
            ],
            "start_pos": [
                0.3823750634673446,
                0.28444785232042186,
                0.15100000000000002
            ],
            "start_quat": [
                0.31254642074198996,
                0.0,
                0.0,
                0.949902487038207
            ]
        },
        {
            "goal_pos": [
                -0.1454301968813499,
                -0.9343979946483401,
                0.07500000000000001
            ],
            "goal_quat": [
                0.9520330752415012,
                -0.0,
                -0.0,
                -0.3059951366381665
            ],
            "shape": [
                0.03,
                0.3,
                0.05
            ],
            "start_pos": [
                -0.4059137648346729,
                0.3408626024683818,
                0.551
            ],
            "start_quat": [
                0.10943339369586683,
                -0.0,
                -0.0,
                -0.9939941309405229
            ]
        }
    ]
}