{
    "objects": [
        {
            "goal_pos": [
                -0.9041078885936269,
                0.07899370125344912,
                0.08
            ],
            "goal_quat": [
                0.9375249105961782,
                0.0,
                0.0,
                0.34791815418518773
            ],
            "shape": [
                0.08,
                0.09,
                0.06
            ],
            "start_pos": [
                0.5298362685535408,
                -0.9411126515964409,
                0.08
            ],
            "start_quat": [
                0.6127907477262748,
                0.0,
                0.0,
                0.7902452147916322
            ]
        },
        {
            "goal_pos": [
                -0.8371748444193807,
                0.7176227308172265,
                0.07500000000000001
            ],
            "goal_quat": [
                0.6442799982226162,
                -0.0,
                -0.0,
                -0.7647896991266722
            ],
            "shape": [
                0.2,
                0.07,
                0.05
            ],
            "start_pos": [
                -0.018679891309768604,
                0.27510908297130615,
                0.07500000000000001
            ],
            "start_quat": [
                0.4991403877061702,
                0.0,
                0.0,
                0.8665211326681733
            ]
        }
    ]
}