{
    "objects": [
        {
            "goal_pos": [
                1.2435578748943121,
                0.862076875352713,
                0.09
            ],
            "goal_quat": [
                0.8969546127714482,
                -0.0,
                -0.0,
                -0.4421226330194164
            ],
            "shape": [
                0.07,
                0.05,
                0.08
            ],
            "start_pos": [
                0.08333577214575605,
                0.660786701804948,
                0.09
            ],
            "start_quat": [
                0.34036042156527785,
                -0.0,
                -0.0,
                -0.9402950512641797
            ]
        },
        {
            "goal_pos": [
                1.0410976047813814,
                -0.7647990973061689,
                0.135
            ],
            "goal_quat": [
                0.08576616468146067,
                0.0,
                0.0,
                0.9963152939686475
            ],
            "shape": [
                0.15,
                0.09,
                0.17
            ],
            "start_pos": [
                0.10196166199643142,
                0.5105782475151202,
                0.135
            ],
            "start_quat": [
                0.16963458563555178,
                0.0,
                0.0,
                0.9855070305970702
            ]
        }
    ]
}