{
    "objects": [
        {
            "goal_pos": [
                0.5593255390800842,
                -0.8158388999284856,
                0.135
            ],
            "goal_quat": [
                0.835933462272177,
                -0.0,
                -0.0,
                -0.5488307996583744
            ],
            "shape": [
                0.19,
                0.19,
                0.17
            ],
            "start_pos": [
                -0.5845605042386537,
                0.821028330318654,
                0.135
            ],
            "start_quat": [
                0.4516749968239968,
                0.0,
                0.0,
                0.8921825470407065
            ]
        },
        {
            "goal_pos": [
                0.9064561323927037,
                -0.1363172540512988,
                0.15000000000000002
            ],
            "goal_quat": [
                0.623420575569379,
                -0.0,
                -0.0,
                -0.78188668357809
            ],
            "shape": [
                0.28,
                0.26,
                0.2
            ],
            "start_pos": [
                0.3187413016882883,
                0.33212548694635463,
                0.15000000000000002
            ],
            "start_quat": [
                0.9996606931818078,
                -0.0,
                -0.0,
                -0.026048003901784238
            ]
        }
    ]
}