{
    "objects": [
        {
            "goal_pos": [
                1.155344073135288,
                0.5699507813743097,
                0.10500000000000001
            ],
            "goal_quat": [
                0.4524888930305465,
                -0.0,
                -0.0,
                -0.8917700385659919
            ],
            "shape": [
                0.1,
                0.17,
                0.11
            ],
            "start_pos": [
                -0.25967855148151026,
                -1.044378446481801,
                0.10500000000000001
            ],
            "start_quat": [
                0.9554222146362434,
                -0.0,
                -0.0,
                -0.2952429368834687
            ]
        },
        {
            "goal_pos": [
                1.1875862329609048,
                -0.20646182115766806,
                0.08
            ],
            "goal_quat": [
                0.9300736395816062,
                -0.0,
                -0.0,
                -0.3673731413092479
            ],
            "shape": [
                0.13,
                0.13,
                0.06
            ],
            "start_pos": [
                0.1342043844408678,
                -0.14044466428024233,
                0.08
            ],
            "start_quat": [
                0.038635550237537446,
                0.0,
                0.0,
                0.9992533683995479
            ]
        }
    ]
}