{
    "objects": [
        {
            "goal_pos": [
                0.00894714318621484,
                -0.3441344501102295,
                0.07500000000000001
            ],
            "goal_quat": [
                0.41829949541609424,
                0.0,
                0.0,
                0.9083091610980487
            ],
            "shape": [
                0.15,
                0.34,
                0.05
            ],
            "start_pos": [
                0.6079440773234852,
                -0.5226775341829216,
                0.07500000000000001
            ],
            "start_quat": [
                0.9927271607875728,
                0.0,
                0.0,
                0.12038598022462793
            ]
        }
    ]
}