{
    "objects": [
        {
            "goal_pos": [
                1.0519689542347448,
                1.0000884064581603,
                0.12000000000000001
            ],
            "goal_quat": [
                0.9077502238250226,
                0.0,
                0.0,
                0.41951106200626165
            ],
            "shape": [
                0.18,
                0.06,
                0.14
            ],
            "start_pos": [
                0.16960878296363685,
                0.7897902560313563,
                0.12000000000000001
            ],
            "start_quat": [
                0.9294894698988512,
                -0.0,
                -0.0,
                -0.36884864829242975
            ]
        },
        {
            "goal_pos": [
                1.0341045845641674,
                -0.9656283429141469,
                0.1
            ],
            "goal_quat": [
                0.9485379773628262,
                0.0,
                0.0,
                0.3166633946329109
            ],
            "shape": [
                0.06,
                0.14,
                0.1
            ],
            "start_pos": [
                -0.09138628932124476,
                0.5360568295085791,
                0.1
            ],
            "start_quat": [
                0.3535376017395951,
                0.0,
                0.0,
                0.9354203141669607
            ]
        }
    ]
}