{
    "objects": [
        {
            "goal_pos": [
                -0.16958569996751102,
                -0.35346574471618997,
                0.185
            ],
            "goal_quat": [
                0.10624556848285897,
                -0.0,
                -0.0,
                -0.9943399213436792
            ],
            "shape": [
                0.31,
                0.22,
                0.27
            ],
            "start_pos": [
                0.3643537210552883,
                -0.3585520165044681,
                0.185
            ],
            "start_quat": [
                0.9288251927536008,
                0.0,
                0.0,
                0.37051823343289914
            ]
        },
        {
            "goal_pos": [
                0.6398094650883046,
                -0.6258825458527899,
                0.18
            ],
            "goal_quat": [
                0.7841010863758449,
                0.0,
                0.0,
                0.6206331334566499
            ],
            "shape": [
                0.34,
                0.13,
                0.26
            ],
            "start_pos": [
                -0.5649459079082322,
                -0.5297702980553542,
                0.18
            ],
            "start_quat": [
                0.9981630880561151,
                0.0,
                0.0,
                0.0605842359222289
            ]
        }
    ]
}