{
    "objects": [
        {
            "goal_pos": [
                -0.4310767526285292,
                -0.8493823854963052,
                0.07500000000000001
            ],
            "goal_quat": [
                0.39397091618710967,
                -0.0,
                -0.0,
                -0.919122906470451
            ],
            "shape": [
                0.03,
                0.3,
                0.05
            ],
            "start_pos": [
                0.40636040629442666,
                0.34791012236706015,
                0.15100000000000002
            ],
            "start_quat": [
                0.8816927303983091,
                0.0,
                0.0,
                0.47182404470604783
            ]
        },
        {
            "goal_pos": [
                -1.0778060235663438,
                -0.3404155942707647,
                0.07500000000000001
            ],
            "goal_quat": [
                0.9570417502068442,
                -0.0,
                -0.0,
                -0.2899501480617319
            ],
            "shape": [
                0.03,
                0.3,
                0.05
            ],
            "start_pos": [
                -0.4210586878945715,
                0.26022634313684684,
                0.551
            ],
            "start_quat": [
                0.9630644509071672,
                -0.0,
                -0.0,
                -0.2692709850668588
            ]
        },
        {
            "goal_pos": [
                0.9761618179067755,
                -0.41288051204562853,
                0.07500000000000001
            ],
            "goal_quat": [
                0.10629868401425464,
                -0.0,
                -0.0,
                -0.9943342444957016
            ],
            "shape": [
                0.03,
                0.3,
                0.05
            ],
            "start_pos": [
                -0.009888988882952397,
                0.28918687540609067,
                0.15100000000000002
            ],
            "start_quat": [
                0.6089800392485243,
                0.0,
                0.0,
                0.7931855468910574
            ]
        }
    ]
}