{
    "objects": [
        {
            "goal_pos": [
                0.7944312334363168,
                -0.739536749396039,
                0.07500000000000001
            ],
            "goal_quat": [
                0.05685084325604698,
                0.0,
                0.0,
                0.9983826829533234
            ],
            "shape": [
                0.03,
                0.3,
                0.05
            ],
            "start_pos": [
                0.40183972191477785,
                0.32830643668421294,
                0.15100000000000002
            ],
            "start_quat": [
                0.9516671913793927,
                -0.0,
                -0.0,
                -0.3071311720618054
            ]
        },
        {
            "goal_pos": [
                0.17552017377360876,
                -0.7783641858742121,
                0.07500000000000001
            ],
            "goal_quat": [
                0.8387818241468696,
                0.0,
                0.0,
                0.5444676771681215
            ],
            "shape": [
                0.03,
                0.3,
                0.05
            ],
            "start_pos": [
                -0.3848093604274968,
                0.2514328113462752,
                0.551
            ],
            "start_quat": [
                0.7042618265834346,
                -0.0,
                -0.0,
                -0.709940335251748
            ]
        },
        {
            "goal_pos": [
                -0.861602042067265,
                -0.7483818942758819,
                0.07500000000000001
            ],
            "goal_quat": [
                0.060403397242985234,
                0.0,
                0.0,
                0.9981740477499433
            ],
            "shape": [
                0.03,
                0.3,
                0.05
            ],
            "start_pos": [
                -0.008831558849571165,
                0.28726586802844134,
                0.15100000000000002
            ],
            "start_quat": [
                0.41018068893012827,
                -0.0,
                -0.0,
                -0.9120042776373395
            ]
        }
    ]
}