{
    "objects": [
        {
            "goal_pos": [
                0.6972155628322563,
                -0.8054438976629623,
                0.16999999999999998
            ],
            "goal_quat": [
                0.9921592445226087,
                -0.0,
                -0.0,
                -0.1249801324544278
            ],
            "shape": [
                0.23,
                0.24,
                0.24
            ],
            "start_pos": [
                0.11296348373048495,
                -0.9139536728856871,
                0.16999999999999998
            ],
            "start_quat": [
                0.8226056912191728,
                -0.0,
                -0.0,
                -0.5686122376222894
            ]
        }
    ]
}