{
    "objects": [
        {
            "goal_pos": [
                1.1255386812062824,
                -0.010711855647092983,
                0.095
            ],
            "goal_quat": [
                0.9995525358328265,
                0.0,
                0.0,
                0.02991200612072165
            ],
            "shape": [
                0.15,
                0.13,
                0.09
            ],
            "start_pos": [
                0.13486405163099302,
                0.6329334833283076,
                0.095
            ],
            "start_quat": [
                0.9649436878060905,
                0.0,
                0.0,
                0.262457004789703
            ]
        },
        {
            "goal_pos": [
                0.8414807392317298,
                0.010895433986203518,
                0.115
            ],
            "goal_quat": [
                0.9287408626063915,
                -0.0,
                -0.0,
                -0.37072956467637674
            ],
            "shape": [
                0.07,
                0.05,
                0.13
            ],
            "start_pos": [
                -0.6132941461840248,
                -0.8202338535817311,
                0.115
            ],
            "start_quat": [
                0.9342625182192614,
                0.0,
                0.0,
                0.3565859602544724
            ]
        },
        {
            "goal_pos": [
                1.0835127431044471,
                -0.49669387351556415,
                0.1
            ],
            "goal_quat": [
                0.7795159374128234,
                -0.0,
                -0.0,
                -0.6263823938453308
            ],
            "shape": [
                0.18,
                0.07,
                0.1
            ],
            "start_pos": [
                0.15288538839830695,
                -0.05077373639455124,
                0.1
            ],
            "start_quat": [
                0.8970012465767141,
                0.0,
                0.0,
                0.4420280122795623
            ]
        }
    ]
}