{
    "objects": [
        {
            "goal_pos": [
                -1.0897607795890385,
                -0.36249806321102684,
                0.07500000000000001
            ],
            "goal_quat": [
                0.992163751026988,
                0.0,
                0.0,
                0.1249443522055198
            ],
            "shape": [
                0.03,
                0.3,
                0.05
            ],
            "start_pos": [
                0.3802367882554467,
                0.3214756298903604,
                0.15100000000000002
            ],
            "start_quat": [
                0.2608764035438219,
                0.0,
                0.0,
                0.9653722090852009
            ]
        },
        {
            "goal_pos": [
                0.868437715224736,
                -0.5777470999771046,
                0.07500000000000001
            ],
            "goal_quat": [
                0.999999330510999,
                0.0,
                0.0,
                0.001157141976468748
            ],
            "shape": [
                0.03,
                0.3,
                0.05
            ],
            "start_pos": [
                -0.41767576856795086,
                0.34468199078909767,
                0.551
            ],
            "start_quat": [
                0.7341826667995003,
                -0.0,
                -0.0,
                -0.6789519951890369
            ]
        },
        {
            "goal_pos": [
                -0.8062971898728435,
                -0.7370324704351772,
                0.07500000000000001
            ],
            "goal_quat": [
                0.25431450914167775,
                -0.0,
                -0.0,
                -0.9671215696281557
            ],
            "shape": [
                0.03,
                0.3,
                0.05
            ],
            "start_pos": [
                0.005384275896298255,
                0.3179484216752952,
                0.15100000000000002
            ],
            "start_quat": [
                0.07295460423747938,
                0.0,
                0.0,
                0.9973352624471636
            ]
        },
        {
            "goal_pos": [
                -0.14248664062024385,
                -0.9130468357187249,
                0.07500000000000001
            ],
            "goal_quat": [
                0.6408229340848303,
                -0.0,
                -0.0,
                -0.7676887176134017
            ],
            "shape": [
                0.03,
                0.3,
                0.05
            ],
            "start_pos": [
                -0.008597965980799663,
                0.3209160312493172,
                0.551
            ],
            "start_quat": [
                0.7176990397568059,
                -0.0,
                -0.0,
                -0.6963534220007529
            ]
        }
    ]
}