{
    "objects": [
        {
            "goal_pos": [
                1.150428442832172,
                0.14686680651191014,
                0.125
            ],
            "goal_quat": [
                0.20936472978488258,
                0.0,
                0.0,
                0.9778376194042153
            ],
            "shape": [
                0.12,
                0.2,
                0.15
            ],
            "start_pos": [
                0.004114762630222146,
                0.5275435861348693,
                0.125
            ],
            "start_quat": [
                0.9901930157421482,
                -0.0,
                -0.0,
                -0.13970608997273437
            ]
        },
        {
            "goal_pos": [
                1.074007557775811,
                -0.31851450818515475,
                0.115
            ],
            "goal_quat": [
                0.9357537210736766,
                0.0,
                0.0,
                0.3526541840057591
            ],
            "shape": [
                0.15,
                0.16,
                0.13
            ],
            "start_pos": [
                0.34854608261201414,
                -0.003881003633120106,
                0.115
            ],
            "start_quat": [
                0.25188855069738053,
                0.0,
                0.0,
                0.9677562492836578
            ]
        }
    ]
}