{
    "objects": [
        {
            "goal_pos": [
                -0.8495181763416404,
                0.8830623380594973,
                0.095
            ],
            "goal_quat": [
                0.053329700683921406,
                0.0,
                0.0,
                0.9985769589896231
            ],
            "shape": [
                0.07,
                0.1,
                0.09
            ],
            "start_pos": [
                0.3925803924953899,
                0.9181240121097491,
                0.095
            ],
            "start_quat": [
                0.4154923602629612,
                0.0,
                0.0,
                0.9095966680694876
            ]
        }
    ]
}