{
    "objects": [
        {
            "goal_pos": [
                -0.9005479407175458,
                -0.31130115759888966,
                0.13
            ],
            "goal_quat": [
                0.5049083247610309,
                -0.0,
                -0.0,
                -0.8631729743145399
            ],
            "shape": [
                0.12,
                0.14,
                0.16
            ],
            "start_pos": [
                0.03994986275468082,
                -0.5382280731675528,
                0.13
            ],
            "start_quat": [
                0.21242276038715602,
                0.0,
                0.0,
                0.9771778604069481
            ]
        },
        {
            "goal_pos": [
                1.0460658709135389,
                -0.15658125948877455,
                0.10500000000000001
            ],
            "goal_quat": [
                0.9932313061131482,
                -0.0,
                -0.0,
                -0.11615322878323121
            ],
            "shape": [
                0.1,
                0.14,
                0.11
            ],
            "start_pos": [
                -0.026706743481331174,
                0.18108314238771045,
                0.10500000000000001
            ],
            "start_quat": [
                0.27793380456957234,
                -0.0,
                -0.0,
                -0.9606002291679316
            ]
        }
    ]
}