{
    "objects": [
        {
            "goal_pos": [
                1.013750339467505,
                -0.3667378396544338,
                0.07500000000000001
            ],
            "goal_quat": [
                0.688891891396816,
                -0.0,
                -0.0,
                -0.7248640989645697
            ],
            "shape": [
                0.03,
                0.3,
                0.05
            ],
            "start_pos": [
                0.39928657201161954,
                0.3242203239657663,
                0.15100000000000002
            ],
            "start_quat": [
                0.9791256519017153,
                0.0,
                0.0,
                0.20325589238209296
            ]
        },
        {
            "goal_pos": [
                -0.12161914014954489,
                -0.7499101475164247,
                0.07500000000000001
            ],
            "goal_quat": [
                0.38611135631891963,
                0.0,
                0.0,
                0.9224521779049385
            ],
            "shape": [
                0.03,
                0.3,
                0.05
            ],
            "start_pos": [
                -0.39457040603758947,
                0.3015661382885716,
                0.551
            ],
            "start_quat": [
                0.2579246247929631,
                0.0,
                0.0,
                0.9661650417632638
            ]
        },
        {
            "goal_pos": [
                -0.7682019610865998,
                -0.6854458291638822,
                0.07500000000000001
            ],
            "goal_quat": [
                0.7579798661604188,
                0.0,
                0.0,
                0.6522779488036013
            ],
            "shape": [
                0.03,
                0.3,
                0.05
            ],
            "start_pos": [
                0.012235619199019346,
                0.25783709745604566,
                0.15100000000000002
            ],
            "start_quat": [
                0.9728872118226322,
                -0.0,
                -0.0,
                -0.23128007495671768
            ]
        },
        {
            "goal_pos": [
                0.7432851125818511,
                -0.7004762430087408,
                0.07500000000000001
            ],
            "goal_quat": [
                0.5579099224751821,
                -0.0,
                -0.0,
                -0.8299015112672927
            ],
            "shape": [
                0.03,
                0.3,
                0.05
            ],
            "start_pos": [
                0.019756857722469025,
                0.32042649433761455,
                0.551
            ],
            "start_quat": [
                0.9692886174111742,
                0.0,
                0.0,
                0.24592595665592973
            ]
        }
    ]
}