{
    "objects": [
        {
            "goal_pos": [
                -0.265000000669276,
                -0.5802093964002707,
                0.07500000000000001
            ],
            "goal_quat": [
                0.9870709742893584,
                0.0,
                0.0,
                0.16028378494238515
            ],
            "shape": [
                0.07,
                0.07,
                0.05
            ],
            "start_pos": [
                0.37108928559933685,
                -0.3061875073674002,
                0.07500000000000001
            ],
            "start_quat": [
                0.2697306864351663,
                0.0,
                0.0,
                0.9629358009728447
            ]
        },
        {
            "goal_pos": [
                -0.5889850362832991,
                -0.6559799919359248,
                0.13
            ],
            "goal_quat": [
                0.7623627272475214,
                0.0,
                0.0,
                0.6471499610629063
            ],
            "shape": [
                0.21,
                0.21,
                0.16
            ],
            "start_pos": [
                -0.09927378747397311,
                -0.41127337923146823,
                0.13
            ],
            "start_quat": [
                0.6179688272184963,
                0.0,
                0.0,
                0.7862026002158707
            ]
        },
        {
            "goal_pos": [
                0.27802666382427826,
                -0.5121805240013702,
                0.2
            ],
            "goal_quat": [
                0.7859005320179487,
                -0.0,
                -0.0,
                -0.6183529362539691
            ],
            "shape": [
                0.13,
                0.2,
                0.3
            ],
            "start_pos": [
                0.6571675928562021,
                -0.5861256792333409,
                0.2
            ],
            "start_quat": [
                0.7006582130529543,
                -0.0,
                -0.0,
                -0.7134970697076765
            ]
        }
    ]
}