{
    "objects": [
        {
            "goal_pos": [
                -0.6803516299690734,
                -0.635259528372677,
                0.16999999999999998
            ],
            "goal_quat": [
                0.46084170389332185,
                -0.0,
                -0.0,
                -0.8874823513471689
            ],
            "shape": [
                0.25,
                0.32,
                0.24
            ],
            "start_pos": [
                -0.0046714107773209446,
                -0.3526799295380104,
                0.16999999999999998
            ],
            "start_quat": [
                0.01206550246712504,
                0.0,
                0.0,
                0.9999272091758559
            ]
        },
        {
            "goal_pos": [
                -0.3260683127434033,
                -0.586984599552637,
                0.245
            ],
            "goal_quat": [
                0.09270186483590906,
                0.0,
                0.0,
                0.9956939109264176
            ],
            "shape": [
                0.05,
                0.16,
                0.39
            ],
            "start_pos": [
                -0.5469281664551957,
                -0.3758711582639791,
                0.245
            ],
            "start_quat": [
                0.5638752927870071,
                -0.0,
                -0.0,
                -0.825859948286855
            ]
        },
        {
            "goal_pos": [
                0.6674206765762927,
                -0.5627711632525363,
                0.21000000000000002
            ],
            "goal_quat": [
                0.9994972844954122,
                0.0,
                0.0,
                0.0317045467764033
            ],
            "shape": [
                0.12,
                0.22,
                0.32
            ],
            "start_pos": [
                0.2955397379124315,
                -0.4989730988992382,
                0.21000000000000002
            ],
            "start_quat": [
                0.8780332066802881,
                -0.0,
                -0.0,
                -0.478599715803019
            ]
        }
    ]
}