{
    "objects": [
        {
            "goal_pos": [
                0.46259496979711645,
                -0.5015713415868539,
                0.16
            ],
            "goal_quat": [
                0.2462201733281772,
                -0.0,
                -0.0,
                -0.9692139218182136
            ],
            "shape": [
                0.05,
                0.24,
                0.22
            ],
            "start_pos": [
                0.12356428214974832,
                -0.43512944176918666,
                0.16
            ],
            "start_quat": [
                0.312370845069491,
                -0.0,
                -0.0,
                -0.9499602387208488
            ]
        },
        {
            "goal_pos": [
                -0.25193655539536175,
                -0.4159246178782856,
                0.20500000000000002
            ],
            "goal_quat": [
                0.7566672628656389,
                -0.0,
                -0.0,
                -0.6538001631289351
            ],
            "shape": [
                0.3,
                0.06,
                0.31
            ],
            "start_pos": [
                0.6842937474544567,
                -0.7055545654695663,
                0.20500000000000002
            ],
            "start_quat": [
                0.9068781599456582,
                0.0,
                0.0,
                0.42139293185052024
            ]
        }
    ]
}