{
    "objects": [
        {
            "goal_pos": [
                1.0427241305319555,
                -0.37013320618453543,
                0.07500000000000001
            ],
            "goal_quat": [
                0.854524122537887,
                0.0,
                0.0,
                0.5194117095338285
            ],
            "shape": [
                0.03,
                0.3,
                0.05
            ],
            "start_pos": [
                0.3942536871537381,
                0.2725374798240985,
                0.15100000000000002
            ],
            "start_quat": [
                0.6318107628301266,
                0.0,
                0.0,
                0.7751226741439148
            ]
        },
        {
            "goal_pos": [
                -0.9641610510091337,
                -0.6970941590638076,
                0.07500000000000001
            ],
            "goal_quat": [
                0.7766871369392804,
                0.0,
                0.0,
                0.6298865701958278
            ],
            "shape": [
                0.03,
                0.3,
                0.05
            ],
            "start_pos": [
                -0.39488718228862324,
                0.31170177179773934,
                0.551
            ],
            "start_quat": [
                0.878273270465748,
                0.0,
                0.0,
                0.4781590346165165
            ]
        },
        {
            "goal_pos": [
                -0.08708066195452546,
                -0.7420945370284484,
                0.07500000000000001
            ],
            "goal_quat": [
                0.9945580970210841,
                -0.0,
                -0.0,
                -0.10418345190000151
            ],
            "shape": [
                0.03,
                0.3,
                0.05
            ],
            "start_pos": [
                -0.013592283474289913,
                0.302028285671701,
                0.15100000000000002
            ],
            "start_quat": [
                0.4669057417834629,
                0.0,
                0.0,
                0.8843070893584617
            ]
        }
    ]
}