{
    "objects": [
        {
            "goal_pos": [
                0.29538736391603515,
                -0.35771285466771985,
                0.08
            ],
            "goal_quat": [
                0.48206458017192366,
                -0.0,
                -0.0,
                -0.8761356861489361
            ],
            "shape": [
                0.32,
                0.19,
                0.06
            ],
            "start_pos": [
                -0.6980319374743953,
                -0.6405826859738637,
                0.08
            ],
            "start_quat": [
                0.6056755985215588,
                0.0,
                0.0,
                0.795711674763888
            ]
        },
        {
            "goal_pos": [
                0.5477614587989004,
                -0.6261328391331229,
                0.12000000000000001
            ],
            "goal_quat": [
                0.9705056891189228,
                0.0,
                0.0,
                0.24107821840183932
            ],
            "shape": [
                0.18,
                0.24,
                0.14
            ],
            "start_pos": [
                -0.08433044552275959,
                -0.3480557413224894,
                0.12000000000000001
            ],
            "start_quat": [
                0.49153867040754606,
                -0.0,
                -0.0,
                -0.8708557489584494
            ]
        }
    ]
}