{
    "objects": [
        {
            "goal_pos": [
                1.1548055497272498,
                0.26343131770410644,
                0.14
            ],
            "goal_quat": [
                0.941505209287557,
                -0.0,
                -0.0,
                -0.3369984286081961
            ],
            "shape": [
                0.18,
                0.1,
                0.18
            ],
            "start_pos": [
                -0.04137819465121567,
                0.00325218940485128,
                0.14
            ],
            "start_quat": [
                0.7761426612681727,
                0.0,
                0.0,
                0.6305573481925008
            ]
        },
        {
            "goal_pos": [
                1.1246641666907602,
                -0.15727620562045327,
                0.12000000000000001
            ],
            "goal_quat": [
                0.8467863020817755,
                -0.0,
                -0.0,
                -0.531933227582816
            ],
            "shape": [
                0.13,
                0.11,
                0.14
            ],
            "start_pos": [
                0.25407518806659857,
                -0.6006833413199024,
                0.12000000000000001
            ],
            "start_quat": [
                0.08182560963849575,
                0.0,
                0.0,
                0.9966466623670038
            ]
        },
        {
            "goal_pos": [
                -1.0486274737597312,
                -0.09659762257442994,
                0.12000000000000001
            ],
            "goal_quat": [
                0.17377939789168173,
                0.0,
                0.0,
                0.9847846063319656
            ],
            "shape": [
                0.16,
                0.09,
                0.14
            ],
            "start_pos": [
                -0.02933389998495617,
                -0.3497418715622255,
                0.12000000000000001
            ],
            "start_quat": [
                0.9838206156901075,
                0.0,
                0.0,
                0.1791563455285292
            ]
        }
    ]
}