{
    "objects": [
        {
            "goal_pos": [
                -1.0488413929586908,
                -0.11085099198913673,
                0.12000000000000001
            ],
            "goal_quat": [
                0.9342802178287083,
                0.0,
                0.0,
                0.3565395834601557
            ],
            "shape": [
                0.1,
                0.05,
                0.14
            ],
            "start_pos": [
                -0.3334952412540576,
                -0.7689145975502542,
                0.12000000000000001
            ],
            "start_quat": [
                0.6156462592348867,
                0.0,
                0.0,
                0.788022641483156
            ]
        },
        {
            "goal_pos": [
                -0.9154064115233201,
                -0.8762345777836338,
                0.135
            ],
            "goal_quat": [
                0.49629596156030653,
                0.0,
                0.0,
                0.8681533957423254
            ],
            "shape": [
                0.15,
                0.14,
                0.17
            ],
            "start_pos": [
                0.4068838329024877,
                0.7852168210151271,
                0.135
            ],
            "start_quat": [
                0.9752770295867647,
                0.0,
                0.0,
                0.22098578135350014
            ]
        }
    ]
}