{
    "objects": [
        {
            "goal_pos": [
                0.8814386121139679,
                -0.6208632427831393,
                0.07500000000000001
            ],
            "goal_quat": [
                0.6226967151403263,
                -0.0,
                -0.0,
                -0.7824632904829768
            ],
            "shape": [
                0.03,
                0.3,
                0.05
            ],
            "start_pos": [
                0.3945278152636571,
                0.3119891488491495,
                0.15100000000000002
            ],
            "start_quat": [
                0.8451134346777937,
                -0.0,
                -0.0,
                -0.5345870205374449
            ]
        },
        {
            "goal_pos": [
                -0.975270335835783,
                -0.41041156045554866,
                0.07500000000000001
            ],
            "goal_quat": [
                0.9669621265910056,
                0.0,
                0.0,
                0.2549200771587049
            ],
            "shape": [
                0.03,
                0.3,
                0.05
            ],
            "start_pos": [
                -0.4168671020110552,
                0.28470177887716813,
                0.551
            ],
            "start_quat": [
                0.5340213540815877,
                -0.0,
                -0.0,
                -0.8454709890852954
            ]
        },
        {
            "goal_pos": [
                0.0778494012974511,
                -0.7735011542918302,
                0.07500000000000001
            ],
            "goal_quat": [
                0.8046271597104628,
                -0.0,
                -0.0,
                -0.5937803751020012
            ],
            "shape": [
                0.03,
                0.3,
                0.05
            ],
            "start_pos": [
                -0.023127522872220377,
                0.293019543831313,
                0.15100000000000002
            ],
            "start_quat": [
                0.8626774382212594,
                -0.0,
                -0.0,
                -0.5057545230484894
            ]
        }
    ]
}