{
    "objects": [
        {
            "goal_pos": [
                -0.49386466048159083,
                -0.599676470511921,
                0.235
            ],
            "goal_quat": [
                0.9753193307321889,
                -0.0,
                -0.0,
                -0.22079901064116025
            ],
            "shape": [
                0.11,
                0.19,
                0.37
            ],
            "start_pos": [
                0.08823568582117314,
                -0.3293074184235756,
                0.235
            ],
            "start_quat": [
                0.15410439508059895,
                -0.0,
                -0.0,
                -0.9880545710722878
            ]
        },
        {
            "goal_pos": [
                -0.29164886153114106,
                -0.31987369633298124,
                0.22999999999999998
            ],
            "goal_quat": [
                0.047394338779406596,
                0.0,
                0.0,
                0.9988762569265839
            ],
            "shape": [
                0.22,
                0.27,
                0.36
            ],
            "start_pos": [
                0.5587683911142367,
                -0.49201505418058444,
                0.22999999999999998
            ],
            "start_quat": [
                0.7342169399599153,
                0.0,
                0.0,
                0.6789149321350195
            ]
        },
        {
            "goal_pos": [
                -0.8118198235116597,
                -0.6482391918395289,
                0.1
            ],
            "goal_quat": [
                0.7033797209946169,
                -0.0,
                -0.0,
                -0.7108142993029438
            ],
            "shape": [
                0.07,
                0.17,
                0.1
            ],
            "start_pos": [
                0.21046618187284544,
                -0.529194509171415,
                0.1
            ],
            "start_quat": [
                0.8755828228957812,
                -0.0,
                -0.0,
                -0.48306802859416714
            ]
        }
    ]
}