{
    "objects": [
        {
            "goal_pos": [
                0.8826876013422645,
                -0.5780061077010563,
                0.07500000000000001
            ],
            "goal_quat": [
                0.9988749311308741,
                0.0,
                0.0,
                0.04742227280815983
            ],
            "shape": [
                0.03,
                0.3,
                0.05
            ],
            "start_pos": [
                0.4138943553974407,
                0.335773406090948,
                0.15100000000000002
            ],
            "start_quat": [
                0.835028796583156,
                0.0,
                0.0,
                0.5502062421282461
            ]
        },
        {
            "goal_pos": [
                -0.9972034838026668,
                -0.5330069208517995,
                0.07500000000000001
            ],
            "goal_quat": [
                0.6439949847523778,
                0.0,
                0.0,
                0.7650297115888929
            ],
            "shape": [
                0.03,
                0.3,
                0.05
            ],
            "start_pos": [
                -0.3871051769740525,
                0.30138824410344933,
                0.551
            ],
            "start_quat": [
                0.6715882175521485,
                0.0,
                0.0,
                0.7409246021324492
            ]
        },
        {
            "goal_pos": [
                0.01984237138899314,
                -0.8213937058462983,
                0.07500000000000001
            ],
            "goal_quat": [
                0.3005208222937983,
                -0.0,
                -0.0,
                -0.953775254118002
            ],
            "shape": [
                0.03,
                0.3,
                0.05
            ],
            "start_pos": [
                0.02420728971842557,
                0.3079392489300004,
                0.15100000000000002
            ],
            "start_quat": [
                0.9042210070662807,
                -0.0,
                -0.0,
                -0.4270648315888831
            ]
        }
    ]
}