{
    "objects": [
        {
            "goal_pos": [
                0.757026557760963,
                -0.8048030223229057,
                0.07500000000000001
            ],
            "goal_quat": [
                0.9203920697425446,
                0.0,
                0.0,
                0.3909967237139397
            ],
            "shape": [
                0.03,
                0.3,
                0.05
            ],
            "start_pos": [
                0.3914928669651375,
                0.33934158311845214,
                0.15100000000000002
            ],
            "start_quat": [
                0.9098878141249456,
                0.0,
                0.0,
                0.41485439096980575
            ]
        },
        {
            "goal_pos": [
                -0.43955028221969383,
                -0.8529698787075592,
                0.07500000000000001
            ],
            "goal_quat": [
                0.30576700037429716,
                0.0,
                0.0,
                0.9521063708862075
            ],
            "shape": [
                0.03,
                0.3,
                0.05
            ],
            "start_pos": [
                -0.40719334146028413,
                0.26851778978129826,
                0.551
            ],
            "start_quat": [
                0.9983853747230961,
                -0.0,
                -0.0,
                -0.05680355216905926
            ]
        },
        {
            "goal_pos": [
                -0.08656526531659714,
                -0.7806139178380624,
                0.07500000000000001
            ],
            "goal_quat": [
                0.922655430553976,
                0.0,
                0.0,
                0.38562540952232
            ],
            "shape": [
                0.03,
                0.3,
                0.05
            ],
            "start_pos": [
                0.009692071477559239,
                0.26794021401304646,
                0.15100000000000002
            ],
            "start_quat": [
                0.01695223404841559,
                -0.0,
                -0.0,
                -0.9998563005556187
            ]
        },
        {
            "goal_pos": [
                -0.7473926784007603,
                -0.8347060982090588,
                0.07500000000000001
            ],
            "goal_quat": [
                0.701944233264399,
                -0.0,
                -0.0,
                -0.7122319098347497
            ],
            "shape": [
                0.03,
                0.3,
                0.05
            ],
            "start_pos": [
                -0.020804428844188757,
                0.2860665102814859,
                0.551
            ],
            "start_quat": [
                0.6754626409444988,
                0.0,
                0.0,
                0.7373942098282866
            ]
        }
    ]
}