{
    "objects": [
        {
            "goal_pos": [
                1.1057846243897789,
                -0.6310107518824204,
                0.07500000000000001
            ],
            "goal_quat": [
                0.9993645836149108,
                0.0,
                0.0,
                0.03564307809653889
            ],
            "shape": [
                0.18,
                0.18,
                0.05
            ],
            "start_pos": [
                0.0798881014615872,
                0.11064590125099732,
                0.07500000000000001
            ],
            "start_quat": [
                0.589503753558414,
                0.0,
                0.0,
                0.807765637137741
            ]
        },
        {
            "goal_pos": [
                -0.9780684313175643,
                -0.4762941993282619,
                0.095
            ],
            "goal_quat": [
                0.9530471487136715,
                0.0,
                0.0,
                0.30282194822823016
            ],
            "shape": [
                0.17,
                0.07,
                0.09
            ],
            "start_pos": [
                0.2719398032432366,
                -0.9828159641802504,
                0.095
            ],
            "start_quat": [
                0.8276395069906388,
                -0.0,
                -0.0,
                -0.5612600524429762
            ]
        },
        {
            "goal_pos": [
                -0.954880026611036,
                -0.07054486913492503,
                0.095
            ],
            "goal_quat": [
                0.041578318255446646,
                0.0,
                0.0,
                0.9991352478273644
            ],
            "shape": [
                0.08,
                0.16,
                0.09
            ],
            "start_pos": [
                0.21055960200017898,
                -0.1772113635234291,
                0.095
            ],
            "start_quat": [
                0.2860813081242397,
                0.0,
                0.0,
                0.9582053460203214
            ]
        },
        {
            "goal_pos": [
                -1.1535545770583182,
                0.32742974061907787,
                0.135
            ],
            "goal_quat": [
                0.8497491529428576,
                0.0,
                0.0,
                0.5271872315154228
            ],
            "shape": [
                0.05,
                0.06,
                0.17
            ],
            "start_pos": [
                0.48908428271791565,
                -0.07259115206228867,
                0.135
            ],
            "start_quat": [
                0.7490974999194698,
                -0.0,
                -0.0,
                -0.6624597615058593
            ]
        }
    ]
}