{
    "objects": [
        {
            "goal_pos": [
                0.06473644810872692,
                -0.8535044340070101,
                0.07500000000000001
            ],
            "goal_quat": [
                0.16824133254491133,
                -0.0,
                -0.0,
                -0.9857458364221036
            ],
            "shape": [
                0.03,
                0.3,
                0.05
            ],
            "start_pos": [
                0.4182847576979052,
                0.3373819000765489,
                0.15100000000000002
            ],
            "start_quat": [
                0.9855278318547519,
                -0.0,
                -0.0,
                -0.16951369454905946
            ]
        },
        {
            "goal_pos": [
                -0.6595699398573167,
                -0.8170229194124814,
                0.07500000000000001
            ],
            "goal_quat": [
                0.9700847583033881,
                -0.0,
                -0.0,
                -0.2427664756663428
            ],
            "shape": [
                0.03,
                0.3,
                0.05
            ],
            "start_pos": [
                -0.3804163229896383,
                0.25385703866823106,
                0.551
            ],
            "start_quat": [
                0.8496222900014937,
                -0.0,
                -0.0,
                -0.5273916612277992
            ]
        },
        {
            "goal_pos": [
                -0.9885518688975128,
                -0.49135448213878874,
                0.07500000000000001
            ],
            "goal_quat": [
                0.9576679393811041,
                -0.0,
                -0.0,
                -0.28787517760576375
            ],
            "shape": [
                0.03,
                0.3,
                0.05
            ],
            "start_pos": [
                -0.016221230807148487,
                0.28606045419763293,
                0.15100000000000002
            ],
            "start_quat": [
                0.6081553026157085,
                0.0,
                0.0,
                0.7938180697744264
            ]
        },
        {
            "goal_pos": [
                0.9926799309123611,
                -0.33258435673890807,
                0.07500000000000001
            ],
            "goal_quat": [
                0.7418007735145896,
                -0.0,
                -0.0,
                -0.6706203191174247
            ],
            "shape": [
                0.03,
                0.3,
                0.05
            ],
            "start_pos": [
                0.007323316123031061,
                0.3481505124797457,
                0.551
            ],
            "start_quat": [
                0.846837872462304,
                -0.0,
                -0.0,
                -0.5318511236836099
            ]
        }
    ]
}