{
    "objects": [
        {
            "goal_pos": [
                0.4869091409427997,
                -0.6016161030393674,
                0.165
            ],
            "goal_quat": [
                0.6996688569762822,
                -0.0,
                -0.0,
                -0.7144672774714758
            ],
            "shape": [
                0.16,
                0.18,
                0.23
            ],
            "start_pos": [
                -0.3864887024516902,
                -0.3865257532199362,
                0.165
            ],
            "start_quat": [
                0.7774210522782726,
                0.0,
                0.0,
                0.6289805302825703
            ]
        },
        {
            "goal_pos": [
                0.3158831851196709,
                -0.305082791517699,
                0.21500000000000002
            ],
            "goal_quat": [
                0.2570840687293184,
                0.0,
                0.0,
                0.966389042573217
            ],
            "shape": [
                0.07,
                0.21,
                0.33
            ],
            "start_pos": [
                -0.13893816192860708,
                -0.4556648637314935,
                0.21500000000000002
            ],
            "start_quat": [
                0.5483367758875412,
                -0.0,
                -0.0,
                -0.8362576039769424
            ]
        }
    ]
}