{
    "objects": [
        {
            "goal_pos": [
                0.8893910637330925,
                -0.49607290446969604,
                0.07500000000000001
            ],
            "goal_quat": [
                0.9447398688387882,
                -0.0,
                -0.0,
                -0.32782095757664603
            ],
            "shape": [
                0.03,
                0.3,
                0.05
            ],
            "start_pos": [
                0.4206487643028767,
                0.30776837183976913,
                0.15100000000000002
            ],
            "start_quat": [
                0.2275599140187156,
                -0.0,
                -0.0,
                -0.9737640810441689
            ]
        },
        {
            "goal_pos": [
                -0.36018852115967814,
                -0.9201510614290513,
                0.07500000000000001
            ],
            "goal_quat": [
                0.40431187672006974,
                0.0,
                0.0,
                0.9146211818797415
            ],
            "shape": [
                0.03,
                0.3,
                0.05
            ],
            "start_pos": [
                -0.4184289395958774,
                0.32836081436230524,
                0.551
            ],
            "start_quat": [
                0.5414107821814289,
                -0.0,
                -0.0,
                -0.840758208367717
            ]
        },
        {
            "goal_pos": [
                -0.7707852626805725,
                -0.8206911784775506,
                0.07500000000000001
            ],
            "goal_quat": [
                0.9953879121000918,
                -0.0,
                -0.0,
                -0.09593176973776696
            ],
            "shape": [
                0.03,
                0.3,
                0.05
            ],
            "start_pos": [
                -0.01773358712598886,
                0.2987079862232149,
                0.15100000000000002
            ],
            "start_quat": [
                0.26311656079258683,
                -0.0,
                -0.0,
                -0.9647640516917496
            ]
        },
        {
            "goal_pos": [
                -0.011190386701525001,
                -0.7214505823666812,
                0.07500000000000001
            ],
            "goal_quat": [
                0.21450934398978003,
                -0.0,
                -0.0,
                -0.9767219365515828
            ],
            "shape": [
                0.03,
                0.3,
                0.05
            ],
            "start_pos": [
                0.008119532450664692,
                0.2957966933361229,
                0.551
            ],
            "start_quat": [
                0.6735312291624385,
                -0.0,
                -0.0,
                -0.7391587673449695
            ]
        }
    ]
}