{
    "objects": [
        {
            "goal_pos": [
                -0.28488144613596267,
                -0.3728362946265792,
                0.20500000000000002
            ],
            "goal_quat": [
                0.6328471336383406,
                -0.0,
                -0.0,
                -0.7742767628217551
            ],
            "shape": [
                0.26,
                0.16,
                0.31
            ],
            "start_pos": [
                0.7058211214092411,
                -0.6459992067288036,
                0.20500000000000002
            ],
            "start_quat": [
                0.3960567374712631,
                -0.0,
                -0.0,
                -0.9182260400923179
            ]
        },
        {
            "goal_pos": [
                -0.5996049600177518,
                -0.5462996975467179,
                0.175
            ],
            "goal_quat": [
                0.9936755233501177,
                0.0,
                0.0,
                0.11228960011893221
            ],
            "shape": [
                0.3,
                0.25,
                0.25
            ],
            "start_pos": [
                0.2000771803808847,
                -0.3356612485072178,
                0.175
            ],
            "start_quat": [
                0.9917978409849716,
                -0.0,
                -0.0,
                -0.1278164411081337
            ]
        }
    ]
}