{
    "objects": [
        {
            "goal_pos": [
                -0.3871639384374449,
                -0.4572106348618583,
                0.125
            ],
            "goal_quat": [
                0.3828738737127619,
                0.0,
                0.0,
                0.9238006261245898
            ],
            "shape": [
                0.26,
                0.17,
                0.15
            ],
            "start_pos": [
                0.41539673837831936,
                -0.49322542071199943,
                0.125
            ],
            "start_quat": [
                0.8656993816945155,
                0.0,
                0.0,
                0.5005642621419687
            ]
        },
        {
            "goal_pos": [
                -0.7335482890761672,
                -0.6807038865553722,
                0.25
            ],
            "goal_quat": [
                0.27838465547438995,
                0.0,
                0.0,
                0.9604696682334144
            ],
            "shape": [
                0.25,
                0.28,
                0.4
            ],
            "start_pos": [
                0.057425196189666225,
                -0.3500607058240517,
                0.25
            ],
            "start_quat": [
                0.9995597990349661,
                0.0,
                0.0,
                0.029668302162041964
            ]
        }
    ]
}