{
    "objects": [
        {
            "goal_pos": [
                0.841705785732775,
                -0.07191618468169547,
                0.20500000000000002
            ],
            "goal_quat": [
                0.9476811964585424,
                0.0,
                0.0,
                0.31921834201515653
            ],
            "shape": [
                0.25,
                0.19,
                0.31
            ],
            "start_pos": [
                -0.4300399336490389,
                0.12276793420483406,
                0.20500000000000002
            ],
            "start_quat": [
                0.7801031419930375,
                -0.0,
                -0.0,
                -0.6256509313128134
            ]
        },
        {
            "goal_pos": [
                0.6544753869677985,
                -0.5477096547268792,
                0.15000000000000002
            ],
            "goal_quat": [
                0.07799177744006305,
                0.0,
                0.0,
                0.9969540022747989
            ],
            "shape": [
                0.25,
                0.27,
                0.2
            ],
            "start_pos": [
                0.6808025062341297,
                1.215745913438048,
                0.15000000000000002
            ],
            "start_quat": [
                0.37981694666965327,
                -0.0,
                -0.0,
                -0.9250616666052819
            ]
        },
        {
            "goal_pos": [
                -0.7682654313053023,
                0.08181945946246977,
                0.22500000000000003
            ],
            "goal_quat": [
                0.9704234318976457,
                -0.0,
                -0.0,
                -0.2414091191815162
            ],
            "shape": [
                0.11,
                0.16,
                0.35000000000000003
            ],
            "start_pos": [
                0.05643127507991208,
                0.515579109264315,
                0.22500000000000003
            ],
            "start_quat": [
                0.6969333885143133,
                0.0,
                0.0,
                0.7171358671646241
            ]
        }
    ]
}