{
    "robots": [
        {
            "base_pos": [
                -0.7773557743589959,
                -0.4120580143373324,
                0.0
            ],
            "base_quat": [
                1.0,
                0.0,
                0.0,
                0.0
            ],
            "home_pose": [
                0.0,
                0.5,
                -1.2,
                0.0,
                1.57,
                1.57
            ],
            "start_pose": [
                0.0,
                0.5,
                -1.2,
                0.0,
                1.57,
                1.57
            ],
            "type": "ur5_vacuum"
        },
        {
            "base_pos": [
                0.6110408042208159,
                0.5563081005873192,
                0.0
            ],
            "base_quat": [
                6.123233995736766e-17,
                0.0,
                0.0,
                1.0
            ],
            "home_pose": [
                0.0,
                0.5,
                -1.2,
                0.0,
                1.57,
                1.57
            ],
            "start_pose": [
                0.0,
                0.5,
                -1.2,
                0.0,
                1.57,
                1.57
            ],
            "type": "ur5_vacuum"
        },
        {
            "base_pos": [
                0.16631497013818,
                -0.1442500862499868,
                0.0
            ],
            "base_quat": [
                6.123233995736766e-17,
                0.0,
                0.0,
                1.0
            ],
            "home_pose": [
                0.0,
                0.5,
                -1.2,
                0.0,
                1.57,
                1.57
            ],
            "start_pose": [
                0.0,
                0.5,
                -1.2,
                0.0,
                1.57,
                1.57
            ],
            "type": "ur5_vacuum"
        }
    ]
}