{
    "objects": [
        {
            "goal_pos": [
                1.203512787659366,
                -0.3135235506014604,
                0.11
            ],
            "goal_quat": [
                0.05512235125669538,
                0.0,
                0.0,
                0.9984796073991363
            ],
            "shape": [
                0.19,
                0.18,
                0.12
            ],
            "start_pos": [
                0.1480340432604494,
                0.6318736189346483,
                0.11
            ],
            "start_quat": [
                0.5251458593560926,
                -0.0,
                -0.0,
                -0.8510122363404365
            ]
        },
        {
            "goal_pos": [
                -0.8895287511612551,
                -0.9387160468483398,
                0.09
            ],
            "goal_quat": [
                0.9884271349487214,
                -0.0,
                -0.0,
                -0.15169640370510468
            ],
            "shape": [
                0.19,
                0.2,
                0.08
            ],
            "start_pos": [
                -0.03207293520548549,
                0.1791923316497325,
                0.09
            ],
            "start_quat": [
                0.8864744716787727,
                0.0,
                0.0,
                0.46277749627854725
            ]
        },
        {
            "goal_pos": [
                0.8959824695608101,
                -0.6536050462458388,
                0.10500000000000001
            ],
            "goal_quat": [
                0.8302172992049103,
                0.0,
                0.0,
                0.5574398946082928
            ],
            "shape": [
                0.05,
                0.11,
                0.11
            ],
            "start_pos": [
                0.33902035048743284,
                0.03646676153753031,
                0.10500000000000001
            ],
            "start_quat": [
                0.9928800655738025,
                0.0,
                0.0,
                0.11911832514840753
            ]
        },
        {
            "goal_pos": [
                1.023125778730141,
                -0.8032093371604299,
                0.135
            ],
            "goal_quat": [
                0.5466441794731138,
                0.0,
                0.0,
                0.8373649987001882
            ],
            "shape": [
                0.16,
                0.19,
                0.17
            ],
            "start_pos": [
                0.21993614576761406,
                -0.7767704864396836,
                0.135
            ],
            "start_quat": [
                0.9790253436106626,
                -0.0,
                -0.0,
                -0.20373850045591294
            ]
        }
    ]
}