{
    "objects": [
        {
            "goal_pos": [
                0.3034346946698753,
                -0.29494263713047897,
                0.14
            ],
            "goal_quat": [
                0.05320331187195314,
                0.0,
                0.0,
                0.9985837008512886
            ],
            "shape": [
                0.3,
                0.25,
                0.18
            ],
            "start_pos": [
                0.37814583597864315,
                0.9987781738159001,
                0.14
            ],
            "start_quat": [
                0.10698954694544674,
                -0.0,
                -0.0,
                -0.9942601454571173
            ]
        },
        {
            "goal_pos": [
                -0.2814656437871992,
                0.45757485760257044,
                0.09
            ],
            "goal_quat": [
                0.05138929066883286,
                -0.0,
                -0.0,
                -0.9986786974821052
            ],
            "shape": [
                0.33,
                0.21,
                0.08
            ],
            "start_pos": [
                0.23226116947512954,
                -0.6913138472445384,
                0.09
            ],
            "start_quat": [
                0.9950372985280692,
                -0.0,
                -0.0,
                -0.09950263583424301
            ]
        }
    ]
}