{
    "objects": [
        {
            "goal_pos": [
                0.3661101439860717,
                0.5050994388145433,
                0.235
            ],
            "goal_quat": [
                0.02939568442967364,
                0.0,
                0.0,
                0.9995678534931538
            ],
            "shape": [
                0.11,
                0.4,
                0.37
            ],
            "start_pos": [
                0.795987876833024,
                -0.6560670354090505,
                0.235
            ],
            "start_quat": [
                0.930499128721013,
                -0.0,
                -0.0,
                -0.3662941051251517
            ]
        }
    ]
}