{
    "objects": [
        {
            "goal_pos": [
                -0.562033967230726,
                -0.9427216775800553,
                0.07500000000000001
            ],
            "goal_quat": [
                0.49625880743259176,
                -0.0,
                -0.0,
                -0.8681746345324665
            ],
            "shape": [
                0.03,
                0.3,
                0.05
            ],
            "start_pos": [
                0.39790723353594126,
                0.2568012400434574,
                0.15100000000000002
            ],
            "start_quat": [
                0.8718945971497282,
                0.0,
                0.0,
                0.4896935893608505
            ]
        },
        {
            "goal_pos": [
                0.41279616624199944,
                -0.9958972543585352,
                0.07500000000000001
            ],
            "goal_quat": [
                0.5702932170987501,
                0.0,
                0.0,
                0.8214412008970319
            ],
            "shape": [
                0.03,
                0.3,
                0.05
            ],
            "start_pos": [
                -0.4181756690018348,
                0.265634864853411,
                0.551
            ],
            "start_quat": [
                0.9089225764538837,
                0.0,
                0.0,
                0.41696492659747025
            ]
        },
        {
            "goal_pos": [
                -0.17746533429887265,
                -0.9469506900840938,
                0.07500000000000001
            ],
            "goal_quat": [
                0.8407646558528729,
                0.0,
                0.0,
                0.5414007697340301
            ],
            "shape": [
                0.03,
                0.3,
                0.05
            ],
            "start_pos": [
                0.004503581638380116,
                0.2580047821414313,
                0.15100000000000002
            ],
            "start_quat": [
                0.48352214063725557,
                -0.0,
                -0.0,
                -0.8753321309729045
            ]
        }
    ]
}