{
    "objects": [
        {
            "goal_pos": [
                -0.7882634331785903,
                -0.05238892090907349,
                0.155
            ],
            "goal_quat": [
                0.8297508685999355,
                0.0,
                0.0,
                0.5581339409654752
            ],
            "shape": [
                0.34,
                0.14,
                0.21
            ],
            "start_pos": [
                0.7140368797219077,
                -0.7865039706310575,
                0.155
            ],
            "start_quat": [
                0.10548826122116997,
                -0.0,
                -0.0,
                -0.9944205482312471
            ]
        },
        {
            "goal_pos": [
                -0.6206728425519006,
                0.7949253864042622,
                0.16
            ],
            "goal_quat": [
                0.5859032554063821,
                0.0,
                0.0,
                0.8103810062582931
            ],
            "shape": [
                0.12,
                0.06,
                0.22
            ],
            "start_pos": [
                -0.6529548812414409,
                0.3629084768143644,
                0.16
            ],
            "start_quat": [
                0.723100046773546,
                -0.0,
                -0.0,
                -0.690743311481259
            ]
        }
    ]
}