{
    "objects": [
        {
            "goal_pos": [
                -0.8582340502355513,
                -0.15379505868014598,
                0.085
            ],
            "goal_quat": [
                0.8236881782596402,
                0.0,
                0.0,
                0.5670430186461298
            ],
            "shape": [
                0.05,
                0.08,
                0.07
            ],
            "start_pos": [
                0.5577628116073002,
                -1.1252888458795214,
                0.085
            ],
            "start_quat": [
                0.8207225510003865,
                -0.0,
                -0.0,
                -0.5713269591743575
            ]
        },
        {
            "goal_pos": [
                -1.1213884190081294,
                -0.5725379818679506,
                0.1
            ],
            "goal_quat": [
                0.9560350123446593,
                0.0,
                0.0,
                0.2932525450378006
            ],
            "shape": [
                0.14,
                0.13,
                0.1
            ],
            "start_pos": [
                -0.21287575603136338,
                -1.0086035512076426,
                0.1
            ],
            "start_quat": [
                0.8894465538567735,
                0.0,
                0.0,
                0.4570391972602674
            ]
        },
        {
            "goal_pos": [
                0.9373501349873439,
                0.9945728610328227,
                0.09
            ],
            "goal_quat": [
                0.9461651976942957,
                0.0,
                0.0,
                0.3236841341062523
            ],
            "shape": [
                0.13,
                0.16,
                0.08
            ],
            "start_pos": [
                0.21445205186675914,
                1.0210209132487214,
                0.09
            ],
            "start_quat": [
                0.6151207385439292,
                -0.0,
                -0.0,
                -0.7884329248662635
            ]
        }
    ]
}