{
    "objects": [
        {
            "goal_pos": [
                -0.4509736132399678,
                -0.4535136890978332,
                0.245
            ],
            "goal_quat": [
                0.5939137517598625,
                -0.0,
                -0.0,
                -0.8045287163740797
            ],
            "shape": [
                0.15,
                0.33,
                0.39
            ],
            "start_pos": [
                0.6017103785460547,
                -0.5433954702462724,
                0.245
            ],
            "start_quat": [
                0.2902318948439058,
                0.0,
                0.0,
                0.9569563455118086
            ]
        }
    ]
}