{
    "objects": [
        {
            "goal_pos": [
                -0.34843401336463786,
                -0.32191148267276914,
                0.185
            ],
            "goal_quat": [
                0.481284562087406,
                0.0,
                0.0,
                0.8765644130902953
            ],
            "shape": [
                0.17,
                0.22,
                0.27
            ],
            "start_pos": [
                0.015341666233038315,
                -0.3583414970262754,
                0.185
            ],
            "start_quat": [
                0.18140716499201448,
                0.0,
                0.0,
                0.9834080742446444
            ]
        }
    ]
}