{
    "objects": [
        {
            "goal_pos": [
                0.2067756026305998,
                -0.9164413749596743,
                0.07500000000000001
            ],
            "goal_quat": [
                0.016527659955582443,
                -0.0,
                -0.0,
                -0.999863408899632
            ],
            "shape": [
                0.03,
                0.3,
                0.05
            ],
            "start_pos": [
                0.4232065845631882,
                0.27027770897370657,
                0.15100000000000002
            ],
            "start_quat": [
                0.30994134266920625,
                -0.0,
                -0.0,
                -0.9507556805533216
            ]
        },
        {
            "goal_pos": [
                -0.9923167207661159,
                -0.4174506632336814,
                0.07500000000000001
            ],
            "goal_quat": [
                0.9981767830105784,
                0.0,
                0.0,
                0.06035817971619607
            ],
            "shape": [
                0.03,
                0.3,
                0.05
            ],
            "start_pos": [
                -0.41106191984763285,
                0.2884127284343163,
                0.551
            ],
            "start_quat": [
                0.9879823873939334,
                0.0,
                0.0,
                0.15456649766163322
            ]
        }
    ]
}