{
    "objects": [
        {
            "goal_pos": [
                0.6992126728961979,
                -0.675418954056272,
                0.08
            ],
            "goal_quat": [
                0.30052436493343554,
                -0.0,
                -0.0,
                -0.9537741378761301
            ],
            "shape": [
                0.35000000000000003,
                0.16,
                0.06
            ],
            "start_pos": [
                0.2666140214170032,
                -0.3683142635995347,
                0.08
            ],
            "start_quat": [
                0.8173076898005217,
                -0.0,
                -0.0,
                -0.576201475347759
            ]
        }
    ]
}