{
    "objects": [
        {
            "goal_pos": [
                -0.9437736326053768,
                0.44471623543895533,
                0.07500000000000001
            ],
            "goal_quat": [
                0.8676183064902345,
                0.0,
                0.0,
                0.4972308058065363
            ],
            "shape": [
                0.15,
                0.07,
                0.05
            ],
            "start_pos": [
                0.6424598081014945,
                0.01105841602101576,
                0.07500000000000001
            ],
            "start_quat": [
                0.9233836707991018,
                -0.0,
                -0.0,
                -0.3838783615959307
            ]
        },
        {
            "goal_pos": [
                -1.0233084707438302,
                -0.8357425110670496,
                0.11
            ],
            "goal_quat": [
                0.9898295722546001,
                -0.0,
                -0.0,
                -0.14225827881102512
            ],
            "shape": [
                0.06,
                0.19,
                0.12
            ],
            "start_pos": [
                -0.6694499606765169,
                -0.9236576360774154,
                0.11
            ],
            "start_quat": [
                0.9252783196347227,
                -0.0,
                -0.0,
                -0.37928884931400736
            ]
        },
        {
            "goal_pos": [
                0.9941021900294944,
                -0.3764664307097537,
                0.15000000000000002
            ],
            "goal_quat": [
                0.47879446763296635,
                0.0,
                0.0,
                0.8779270230287164
            ],
            "shape": [
                0.05,
                0.16,
                0.2
            ],
            "start_pos": [
                -0.43026851347945616,
                -0.8145007514742231,
                0.15000000000000002
            ],
            "start_quat": [
                0.05727927883012981,
                0.0,
                0.0,
                0.9983581943454465
            ]
        },
        {
            "goal_pos": [
                -0.9663655934474555,
                -0.08583986328004028,
                0.14500000000000002
            ],
            "goal_quat": [
                0.4847821474418286,
                0.0,
                0.0,
                0.8746349349995626
            ],
            "shape": [
                0.16,
                0.06,
                0.19
            ],
            "start_pos": [
                0.6458168239424906,
                -0.8473399147397187,
                0.14500000000000002
            ],
            "start_quat": [
                0.9057853858115411,
                0.0,
                0.0,
                0.4237367518285823
            ]
        }
    ]
}