{
    "objects": [
        {
            "goal_pos": [
                0.6064961527548197,
                -0.5654656781550442,
                0.07500000000000001
            ],
            "goal_quat": [
                0.002924422666888652,
                -0.0,
                -0.0,
                -0.9999957238668901
            ],
            "shape": [
                0.06,
                0.23,
                0.05
            ],
            "start_pos": [
                0.3736415077665375,
                -0.5021860920255391,
                0.07500000000000001
            ],
            "start_quat": [
                0.8076282714865914,
                -0.0,
                -0.0,
                -0.5896919323643325
            ]
        },
        {
            "goal_pos": [
                0.05879263757594429,
                -0.26517717366404137,
                0.22000000000000003
            ],
            "goal_quat": [
                0.9434998338261162,
                -0.0,
                -0.0,
                -0.3313729976478032
            ],
            "shape": [
                0.07,
                0.06,
                0.34
            ],
            "start_pos": [
                -0.5480371700525686,
                -0.5801561999827947,
                0.22000000000000003
            ],
            "start_quat": [
                0.011023320883521195,
                0.0,
                0.0,
                0.9999392413525429
            ]
        }
    ]
}