{
    "objects": [
        {
            "goal_pos": [
                0.5984024643540735,
                -0.9522026160775532,
                0.07500000000000001
            ],
            "goal_quat": [
                0.59770374736299,
                0.0,
                0.0,
                0.8017170513268624
            ],
            "shape": [
                0.03,
                0.3,
                0.05
            ],
            "start_pos": [
                0.3910717938623313,
                0.32565518184500625,
                0.15100000000000002
            ],
            "start_quat": [
                0.965900330604241,
                -0.0,
                -0.0,
                -0.2589141775542968
            ]
        },
        {
            "goal_pos": [
                -0.8415784950001814,
                -0.717265583217387,
                0.07500000000000001
            ],
            "goal_quat": [
                0.9910422587073697,
                -0.0,
                -0.0,
                -0.1335486482754313
            ],
            "shape": [
                0.03,
                0.3,
                0.05
            ],
            "start_pos": [
                -0.38057515732236297,
                0.31311463929972744,
                0.551
            ],
            "start_quat": [
                0.12903926805298166,
                -0.0,
                -0.0,
                -0.9916394845408036
            ]
        }
    ]
}