{
    "objects": [
        {
            "goal_pos": [
                0.43097817762112356,
                -0.5416865659210992,
                0.2
            ],
            "goal_quat": [
                0.9920144885198409,
                -0.0,
                -0.0,
                -0.12612396507689752
            ],
            "shape": [
                0.22,
                0.14,
                0.3
            ],
            "start_pos": [
                -0.1948669288297448,
                -0.4660364083173183,
                0.2
            ],
            "start_quat": [
                0.7779790537980796,
                -0.0,
                -0.0,
                -0.6282902130794691
            ]
        },
        {
            "goal_pos": [
                0.08522421367940364,
                -0.38069289937852235,
                0.115
            ],
            "goal_quat": [
                0.8260043089333868,
                0.0,
                0.0,
                0.5636638019453423
            ],
            "shape": [
                0.18,
                0.23,
                0.13
            ],
            "start_pos": [
                -0.5464509802840454,
                -0.5536438470049776,
                0.115
            ],
            "start_quat": [
                0.8287844066243663,
                -0.0,
                -0.0,
                -0.5595680542492549
            ]
        }
    ]
}