{
    "objects": [
        {
            "goal_pos": [
                -0.20464504096329286,
                -0.9045030406069217,
                0.07500000000000001
            ],
            "goal_quat": [
                0.9508011739004933,
                0.0,
                0.0,
                0.30980175549767924
            ],
            "shape": [
                0.03,
                0.3,
                0.05
            ],
            "start_pos": [
                0.3957860177206778,
                0.2910958589572584,
                0.15100000000000002
            ],
            "start_quat": [
                0.9300755282157127,
                0.0,
                0.0,
                0.3673683598437173
            ]
        },
        {
            "goal_pos": [
                1.0153228115714672,
                -0.4591262990413002,
                0.07500000000000001
            ],
            "goal_quat": [
                0.2975901573495112,
                -0.0,
                -0.0,
                -0.9546937196026237
            ],
            "shape": [
                0.03,
                0.3,
                0.05
            ],
            "start_pos": [
                -0.3872708278805176,
                0.3049304252476183,
                0.551
            ],
            "start_quat": [
                0.999996169026774,
                -0.0,
                -0.0,
                -0.0027680194680522
            ]
        },
        {
            "goal_pos": [
                0.5540884231441572,
                -0.8526996501841535,
                0.07500000000000001
            ],
            "goal_quat": [
                0.7961107415208808,
                -0.0,
                -0.0,
                -0.6051509623516047
            ],
            "shape": [
                0.03,
                0.3,
                0.05
            ],
            "start_pos": [
                0.0005827237938153575,
                0.3491089800592929,
                0.15100000000000002
            ],
            "start_quat": [
                0.973792990080951,
                -0.0,
                -0.0,
                -0.22743617229719812
            ]
        }
    ]
}