{
    "objects": [
        {
            "goal_pos": [
                0.30785848280728256,
                -0.9873985231851579,
                0.07500000000000001
            ],
            "goal_quat": [
                0.7657435472769334,
                0.0,
                0.0,
                0.6431460330311762
            ],
            "shape": [
                0.03,
                0.3,
                0.05
            ],
            "start_pos": [
                0.3993817078527406,
                0.3180547207614385,
                0.15100000000000002
            ],
            "start_quat": [
                0.8981477184252686,
                -0.0,
                -0.0,
                -0.43969384335863115
            ]
        },
        {
            "goal_pos": [
                -0.5402488093098317,
                -0.8914757518500922,
                0.07500000000000001
            ],
            "goal_quat": [
                0.6084981203492166,
                -0.0,
                -0.0,
                -0.7935553147270015
            ],
            "shape": [
                0.03,
                0.3,
                0.05
            ],
            "start_pos": [
                -0.3809304119105259,
                0.28186638763074123,
                0.551
            ],
            "start_quat": [
                0.8288263081025415,
                0.0,
                0.0,
                0.5595059883478558
            ]
        }
    ]
}