{
    "objects": [
        {
            "goal_pos": [
                0.3655650797789362,
                -0.3530211895399916,
                0.19
            ],
            "goal_quat": [
                0.16956957398810915,
                0.0,
                0.0,
                0.9855182187953154
            ],
            "shape": [
                0.08,
                0.36,
                0.28
            ],
            "start_pos": [
                -0.06361744205241854,
                -0.3759590229271542,
                0.19
            ],
            "start_quat": [
                0.7455817279129674,
                -0.0,
                -0.0,
                -0.666414200780801
            ]
        },
        {
            "goal_pos": [
                -0.4014548856005103,
                -0.3962465415334001,
                0.12000000000000001
            ],
            "goal_quat": [
                0.19937294384218346,
                0.0,
                0.0,
                0.9799236854284631
            ],
            "shape": [
                0.23,
                0.16,
                0.14
            ],
            "start_pos": [
                -0.6847420003874158,
                -0.6389657438157511,
                0.12000000000000001
            ],
            "start_quat": [
                0.6901925917333283,
                -0.0,
                -0.0,
                -0.7236257225364721
            ]
        }
    ]
}