{
    "objects": [
        {
            "goal_pos": [
                -0.03700704679115857,
                -0.8447518580654882,
                0.07500000000000001
            ],
            "goal_quat": [
                0.7222912096806705,
                -0.0,
                -0.0,
                -0.6915890459066234
            ],
            "shape": [
                0.03,
                0.3,
                0.05
            ],
            "start_pos": [
                0.37781059949887186,
                0.34766609005240734,
                0.15100000000000002
            ],
            "start_quat": [
                0.3532847269013821,
                -0.0,
                -0.0,
                -0.9355158479353601
            ]
        },
        {
            "goal_pos": [
                0.7243173098413709,
                -0.7498510347624627,
                0.07500000000000001
            ],
            "goal_quat": [
                0.11894661107185747,
                0.0,
                0.0,
                0.9929006514825742
            ],
            "shape": [
                0.03,
                0.3,
                0.05
            ],
            "start_pos": [
                -0.41347568663282597,
                0.25459016906188603,
                0.551
            ],
            "start_quat": [
                0.9193701846929848,
                0.0,
                0.0,
                0.39339352243979175
            ]
        },
        {
            "goal_pos": [
                -0.4066827598820931,
                -0.8415155245069674,
                0.07500000000000001
            ],
            "goal_quat": [
                0.63351499625551,
                0.0,
                0.0,
                0.7737304113962312
            ],
            "shape": [
                0.03,
                0.3,
                0.05
            ],
            "start_pos": [
                0.009857596583097969,
                0.3220860623015963,
                0.15100000000000002
            ],
            "start_quat": [
                0.8066286691682379,
                0.0,
                0.0,
                0.5910585335445867
            ]
        }
    ]
}