{
    "objects": [
        {
            "goal_pos": [
                -1.2156463229570629,
                0.5971631394164233,
                0.12000000000000001
            ],
            "goal_quat": [
                0.5622996276783171,
                -0.0,
                -0.0,
                -0.8269335697096992
            ],
            "shape": [
                0.05,
                0.2,
                0.14
            ],
            "start_pos": [
                0.27970524316895523,
                0.7942644095333811,
                0.12000000000000001
            ],
            "start_quat": [
                0.9844458623879788,
                0.0,
                0.0,
                0.17568820116100178
            ]
        },
        {
            "goal_pos": [
                -1.0291104165478413,
                -0.12464793831058402,
                0.135
            ],
            "goal_quat": [
                0.9769588870141434,
                -0.0,
                -0.0,
                -0.2134275827630679
            ],
            "shape": [
                0.16,
                0.07,
                0.17
            ],
            "start_pos": [
                0.6690872450445704,
                1.105472260275781,
                0.135
            ],
            "start_quat": [
                0.27558553101991085,
                0.0,
                0.0,
                0.9612765549478848
            ]
        },
        {
            "goal_pos": [
                1.0227481863900474,
                0.14923903671267424,
                0.10500000000000001
            ],
            "goal_quat": [
                0.24049346398810817,
                -0.0,
                -0.0,
                -0.9706507578830815
            ],
            "shape": [
                0.13,
                0.13,
                0.11
            ],
            "start_pos": [
                0.029218655307172825,
                0.0006428880750493082,
                0.10500000000000001
            ],
            "start_quat": [
                0.3583019310733053,
                -0.0,
                -0.0,
                -0.9336057659361046
            ]
        }
    ]
}