{
    "objects": [
        {
            "goal_pos": [
                0.20191320997335138,
                -0.5275755437368792,
                0.25
            ],
            "goal_quat": [
                0.5304622977106618,
                0.0,
                0.0,
                0.8477085293351277
            ],
            "shape": [
                0.18,
                0.08,
                0.4
            ],
            "start_pos": [
                0.47104816117117393,
                -0.35697179096208753,
                0.25
            ],
            "start_quat": [
                0.6502572859326982,
                0.0,
                0.0,
                0.7597140660086802
            ]
        },
        {
            "goal_pos": [
                0.6295539028836825,
                -0.5918978145049336,
                0.195
            ],
            "goal_quat": [
                0.5958784573378781,
                0.0,
                0.0,
                0.8030746317003361
            ],
            "shape": [
                0.1,
                0.34,
                0.29
            ],
            "start_pos": [
                -0.4824403387260176,
                -0.45885044598383995,
                0.195
            ],
            "start_quat": [
                0.8472013682503562,
                -0.0,
                -0.0,
                -0.5312719093220762
            ]
        }
    ]
}