{
    "objects": [
        {
            "goal_pos": [
                -0.9366118271754921,
                -0.4560497442295607,
                0.07500000000000001
            ],
            "goal_quat": [
                0.5573807970429648,
                0.0,
                0.0,
                0.8302569765366319
            ],
            "shape": [
                0.03,
                0.3,
                0.05
            ],
            "start_pos": [
                0.4190111432849488,
                0.307879810861182,
                0.15100000000000002
            ],
            "start_quat": [
                0.9991072611092666,
                0.0,
                0.0,
                0.04224548258381964
            ]
        },
        {
            "goal_pos": [
                0.0543765158656464,
                -0.7780890363842037,
                0.07500000000000001
            ],
            "goal_quat": [
                0.9998335825983069,
                0.0,
                0.0,
                0.01824300163445138
            ],
            "shape": [
                0.03,
                0.3,
                0.05
            ],
            "start_pos": [
                -0.40330762903889894,
                0.25290567432630784,
                0.551
            ],
            "start_quat": [
                0.5630746057575686,
                -0.0,
                -0.0,
                -0.8264060674698358
            ]
        }
    ]
}