{
    "objects": [
        {
            "goal_pos": [
                -0.6607106573227504,
                -0.9051892272040829,
                0.07500000000000001
            ],
            "goal_quat": [
                0.28226335735313024,
                0.0,
                0.0,
                0.9593369570154895
            ],
            "shape": [
                0.03,
                0.3,
                0.05
            ],
            "start_pos": [
                0.4053548719753873,
                0.25977950613627415,
                0.15100000000000002
            ],
            "start_quat": [
                0.9991282597019617,
                -0.0,
                -0.0,
                -0.04174590596608754
            ]
        },
        {
            "goal_pos": [
                0.6571649467343949,
                -0.820342238120269,
                0.07500000000000001
            ],
            "goal_quat": [
                0.5130959449756449,
                0.0,
                0.0,
                0.8583312596250645
            ],
            "shape": [
                0.03,
                0.3,
                0.05
            ],
            "start_pos": [
                -0.406874539637258,
                0.2822185963485583,
                0.551
            ],
            "start_quat": [
                0.2646760362506078,
                0.0,
                0.0,
                0.9643373869319114
            ]
        }
    ]
}