{
    "objects": [
        {
            "goal_pos": [
                -0.037229870654961805,
                -0.8050737742511698,
                0.07500000000000001
            ],
            "goal_quat": [
                0.9841246189477213,
                -0.0,
                -0.0,
                -0.1774788279795714
            ],
            "shape": [
                0.03,
                0.3,
                0.05
            ],
            "start_pos": [
                0.3963398828837016,
                0.31514370566459277,
                0.15100000000000002
            ],
            "start_quat": [
                0.9890394344930349,
                -0.0,
                -0.0,
                -0.14765160689168855
            ]
        },
        {
            "goal_pos": [
                0.5132144632709811,
                -0.9273857214115204,
                0.07500000000000001
            ],
            "goal_quat": [
                0.9795243431632682,
                -0.0,
                -0.0,
                -0.20132575878552664
            ],
            "shape": [
                0.03,
                0.3,
                0.05
            ],
            "start_pos": [
                -0.38587424758189026,
                0.3356578194892088,
                0.551
            ],
            "start_quat": [
                0.04149311785060405,
                0.0,
                0.0,
                0.9991387897439654
            ]
        }
    ]
}