{
    "objects": [
        {
            "goal_pos": [
                0.8860623898694447,
                -0.6413701986710988,
                0.07500000000000001
            ],
            "goal_quat": [
                0.8338038040750075,
                -0.0,
                -0.0,
                -0.5520608809814788
            ],
            "shape": [
                0.03,
                0.3,
                0.05
            ],
            "start_pos": [
                0.39696243163823164,
                0.3490583078392196,
                0.15100000000000002
            ],
            "start_quat": [
                0.8300967710060442,
                -0.0,
                -0.0,
                -0.5576193601062817
            ]
        },
        {
            "goal_pos": [
                0.2657601252714108,
                -0.8354205210230445,
                0.07500000000000001
            ],
            "goal_quat": [
                0.8227265018587662,
                0.0,
                0.0,
                0.5684374223599619
            ],
            "shape": [
                0.03,
                0.3,
                0.05
            ],
            "start_pos": [
                -0.38178261525069346,
                0.25829592170490073,
                0.551
            ],
            "start_quat": [
                0.802319911856963,
                -0.0,
                -0.0,
                -0.596894261186883
            ]
        }
    ]
}