{
    "objects": [
        {
            "goal_pos": [
                0.6407426876922028,
                -0.8397592764032775,
                0.07500000000000001
            ],
            "goal_quat": [
                0.19405897021609003,
                0.0,
                0.0,
                0.9809898654311728
            ],
            "shape": [
                0.03,
                0.3,
                0.05
            ],
            "start_pos": [
                0.4166892819193104,
                0.2746030698782171,
                0.15100000000000002
            ],
            "start_quat": [
                0.23654246503235188,
                0.0,
                0.0,
                0.9716211515999529
            ]
        },
        {
            "goal_pos": [
                -1.0162815621783576,
                -0.3120355462256135,
                0.07500000000000001
            ],
            "goal_quat": [
                0.5643355929740993,
                0.0,
                0.0,
                0.8255454793665651
            ],
            "shape": [
                0.03,
                0.3,
                0.05
            ],
            "start_pos": [
                -0.3870129896648842,
                0.29006718680318255,
                0.551
            ],
            "start_quat": [
                0.9544128899442059,
                0.0,
                0.0,
                0.2984895902847351
            ]
        },
        {
            "goal_pos": [
                0.1507770069013534,
                -0.8701774870231476,
                0.07500000000000001
            ],
            "goal_quat": [
                0.1755494373057462,
                -0.0,
                -0.0,
                -0.9844706166573159
            ],
            "shape": [
                0.03,
                0.3,
                0.05
            ],
            "start_pos": [
                -0.00672927490241362,
                0.34592397915067447,
                0.15100000000000002
            ],
            "start_quat": [
                0.30338436600829227,
                -0.0,
                -0.0,
                -0.9528682629103283
            ]
        }
    ]
}