{
    "objects": [
        {
            "goal_pos": [
                -0.9410893600091714,
                -1.3004536489367609,
                0.15000000000000002
            ],
            "goal_quat": [
                0.42556952215588034,
                -0.0,
                -0.0,
                -0.904925732760438
            ],
            "shape": [
                0.22,
                0.23,
                0.2
            ],
            "start_pos": [
                1.0716155887696357,
                -0.23631858265491906,
                0.15000000000000002
            ],
            "start_quat": [
                0.15502340717720048,
                0.0,
                0.0,
                0.9879107972014335
            ]
        },
        {
            "goal_pos": [
                -1.0859206801292354,
                -0.3278961320300082,
                0.195
            ],
            "goal_quat": [
                0.7142008101154697,
                0.0,
                0.0,
                0.6999408566660521
            ],
            "shape": [
                0.13,
                0.23,
                0.29
            ],
            "start_pos": [
                -0.4085876718318691,
                -1.2924597350292466,
                0.195
            ],
            "start_quat": [
                0.0801862936502262,
                0.0,
                0.0,
                0.9967798946159777
            ]
        }
    ]
}