{
    "objects": [
        {
            "goal_pos": [
                1.1814572384673017,
                -0.33377305936084456,
                0.115
            ],
            "goal_quat": [
                0.7288909725380297,
                -0.0,
                -0.0,
                -0.6846297905821548
            ],
            "shape": [
                0.1,
                0.19,
                0.13
            ],
            "start_pos": [
                0.6148097751995169,
                1.0468313558696725,
                0.115
            ],
            "start_quat": [
                0.9293646134633509,
                -0.0,
                -0.0,
                -0.36916312822669123
            ]
        },
        {
            "goal_pos": [
                -1.0449841206648771,
                0.7203336307351722,
                0.15000000000000002
            ],
            "goal_quat": [
                0.7264666342766484,
                0.0,
                0.0,
                0.6872017384165717
            ],
            "shape": [
                0.05,
                0.18,
                0.2
            ],
            "start_pos": [
                -0.13714489710569389,
                0.08659267894741607,
                0.15000000000000002
            ],
            "start_quat": [
                0.7652993041190057,
                -0.0,
                -0.0,
                -0.6436745879052285
            ]
        },
        {
            "goal_pos": [
                1.3648636978008926,
                0.3976458104362388,
                0.125
            ],
            "goal_quat": [
                0.8485171726746881,
                0.0,
                0.0,
                0.5291678445220889
            ],
            "shape": [
                0.07,
                0.06,
                0.15
            ],
            "start_pos": [
                -0.354898779650181,
                -0.01006630214829235,
                0.125
            ],
            "start_quat": [
                0.16386499907137209,
                0.0,
                0.0,
                0.9864827733312626
            ]
        }
    ]
}