{
    "objects": [
        {
            "goal_pos": [
                -0.9746045457435829,
                -0.019155304304820986,
                0.25
            ],
            "goal_quat": [
                0.24545175381347412,
                0.0,
                0.0,
                0.969408807753411
            ],
            "shape": [
                0.12,
                0.3,
                0.4
            ],
            "start_pos": [
                0.8840377272180944,
                -0.7338115712954993,
                0.25
            ],
            "start_quat": [
                0.8218168623796466,
                0.0,
                0.0,
                0.5697517395396638
            ]
        },
        {
            "goal_pos": [
                0.09963787990425717,
                1.2372584334693153,
                0.15000000000000002
            ],
            "goal_quat": [
                0.7380494791197956,
                -0.0,
                -0.0,
                -0.6747465941899955
            ],
            "shape": [
                0.25,
                0.08,
                0.2
            ],
            "start_pos": [
                0.6592852262743366,
                0.3625428031251026,
                0.15000000000000002
            ],
            "start_quat": [
                0.9999999861670098,
                -0.0,
                -0.0,
                -0.0001663309359631788
            ]
        }
    ]
}