{
    "objects": [
        {
            "goal_pos": [
                0.9714427705503083,
                -0.5286912823938439,
                0.07500000000000001
            ],
            "goal_quat": [
                0.5208655935853244,
                -0.0,
                -0.0,
                -0.8536387019219593
            ],
            "shape": [
                0.03,
                0.3,
                0.05
            ],
            "start_pos": [
                0.4151670648209036,
                0.30455578567098,
                0.15100000000000002
            ],
            "start_quat": [
                0.12887940967398473,
                -0.0,
                -0.0,
                -0.9916602733608346
            ]
        },
        {
            "goal_pos": [
                -0.9219538484584595,
                -0.47111575657818555,
                0.07500000000000001
            ],
            "goal_quat": [
                0.5116946468028162,
                0.0,
                0.0,
                0.8591673809179101
            ],
            "shape": [
                0.03,
                0.3,
                0.05
            ],
            "start_pos": [
                -0.39285698837717276,
                0.34504841142731907,
                0.551
            ],
            "start_quat": [
                0.9969172499977026,
                0.0,
                0.0,
                0.07846015968004469
            ]
        },
        {
            "goal_pos": [
                0.2855236776671135,
                -0.8875349941966713,
                0.07500000000000001
            ],
            "goal_quat": [
                0.1407846416149443,
                -0.0,
                -0.0,
                -0.9900402439726134
            ],
            "shape": [
                0.03,
                0.3,
                0.05
            ],
            "start_pos": [
                -0.013506656314173084,
                0.27587382446782593,
                0.15100000000000002
            ],
            "start_quat": [
                0.8058800475156999,
                0.0,
                0.0,
                0.5920788368250409
            ]
        },
        {
            "goal_pos": [
                -0.641859327532692,
                -0.9170752667065742,
                0.07500000000000001
            ],
            "goal_quat": [
                0.5918131762978155,
                -0.0,
                -0.0,
                -0.8060751604908135
            ],
            "shape": [
                0.03,
                0.3,
                0.05
            ],
            "start_pos": [
                0.0002750417590864952,
                0.31663618698074475,
                0.551
            ],
            "start_quat": [
                0.0020650048916318223,
                0.0,
                0.0,
                0.9999978678751258
            ]
        }
    ]
}