{
    "objects": [
        {
            "goal_pos": [
                0.5254917425221648,
                -0.812448192577609,
                0.07500000000000001
            ],
            "goal_quat": [
                0.34739380952148,
                -0.0,
                -0.0,
                -0.9377193296003627
            ],
            "shape": [
                0.03,
                0.3,
                0.05
            ],
            "start_pos": [
                0.4227335952334864,
                0.32133278458594544,
                0.15100000000000002
            ],
            "start_quat": [
                0.8518827426569895,
                0.0,
                0.0,
                0.5237325584334102
            ]
        },
        {
            "goal_pos": [
                -0.6063609485125951,
                -0.9242327626439657,
                0.07500000000000001
            ],
            "goal_quat": [
                0.7161961146727953,
                -0.0,
                -0.0,
                -0.6978990796150918
            ],
            "shape": [
                0.03,
                0.3,
                0.05
            ],
            "start_pos": [
                -0.41626841770868983,
                0.3298188818868203,
                0.551
            ],
            "start_quat": [
                0.12839046260126738,
                -0.0,
                -0.0,
                -0.9917236959521702
            ]
        }
    ]
}