{
    "objects": [
        {
            "goal_pos": [
                -0.8394072855291193,
                -0.7908572831105065,
                0.07500000000000001
            ],
            "goal_quat": [
                0.6006314569878155,
                -0.0,
                -0.0,
                -0.7995260176358828
            ],
            "shape": [
                0.03,
                0.3,
                0.05
            ],
            "start_pos": [
                0.42178801375802044,
                0.30921010343445904,
                0.15100000000000002
            ],
            "start_quat": [
                0.6171380075764774,
                -0.0,
                -0.0,
                -0.7868549291988554
            ]
        },
        {
            "goal_pos": [
                0.4595213831241809,
                -0.8666720058983404,
                0.07500000000000001
            ],
            "goal_quat": [
                0.08679544316831193,
                0.0,
                0.0,
                0.9962261545679356
            ],
            "shape": [
                0.03,
                0.3,
                0.05
            ],
            "start_pos": [
                -0.4169897151543499,
                0.25417763912977437,
                0.551
            ],
            "start_quat": [
                0.3195452238057406,
                -0.0,
                -0.0,
                -0.9475710263315037
            ]
        },
        {
            "goal_pos": [
                1.0400206788233657,
                -0.5290993618839562,
                0.07500000000000001
            ],
            "goal_quat": [
                0.9348825004138278,
                -0.0,
                -0.0,
                -0.35495733605602425
            ],
            "shape": [
                0.03,
                0.3,
                0.05
            ],
            "start_pos": [
                0.01012078854559078,
                0.2927714255082617,
                0.15100000000000002
            ],
            "start_quat": [
                0.7717293588489559,
                0.0,
                0.0,
                0.6359510961470068
            ]
        },
        {
            "goal_pos": [
                -1.0717762062441754,
                -0.39585334887591217,
                0.07500000000000001
            ],
            "goal_quat": [
                0.3222503819423006,
                0.0,
                0.0,
                0.9466544730460219
            ],
            "shape": [
                0.03,
                0.3,
                0.05
            ],
            "start_pos": [
                -0.006085823442895096,
                0.26240408493048906,
                0.551
            ],
            "start_quat": [
                0.021101900642042003,
                0.0,
                0.0,
                0.9997773301037053
            ]
        }
    ]
}