{
    "objects": [
        {
            "goal_pos": [
                -0.03324320218231602,
                -0.8215242434335037,
                0.07500000000000001
            ],
            "goal_quat": [
                0.9413753813893271,
                0.0,
                0.0,
                0.3373609214388932
            ],
            "shape": [
                0.03,
                0.3,
                0.05
            ],
            "start_pos": [
                0.41858069558246247,
                0.2592427561649251,
                0.15100000000000002
            ],
            "start_quat": [
                0.17711685739123445,
                -0.0,
                -0.0,
                -0.9841898286549465
            ]
        },
        {
            "goal_pos": [
                0.44909685795572574,
                -0.9002691073257942,
                0.07500000000000001
            ],
            "goal_quat": [
                0.16656797388474345,
                0.0,
                0.0,
                0.9860299742279296
            ],
            "shape": [
                0.03,
                0.3,
                0.05
            ],
            "start_pos": [
                -0.40117195727453275,
                0.28696773848017026,
                0.551
            ],
            "start_quat": [
                0.5626537472449233,
                0.0,
                0.0,
                0.8266926639998966
            ]
        }
    ]
}