{
    "objects": [
        {
            "goal_pos": [
                -0.27260935941913955,
                -0.35343169216019776,
                0.25
            ],
            "goal_quat": [
                0.8110021780773736,
                -0.0,
                -0.0,
                -0.5850431327293365
            ],
            "shape": [
                0.22,
                0.32,
                0.4
            ],
            "start_pos": [
                0.4653749130889205,
                -0.4429228113471586,
                0.25
            ],
            "start_quat": [
                0.4149049850144098,
                -0.0,
                -0.0,
                -0.9098647445693192
            ]
        },
        {
            "goal_pos": [
                0.09263463936100666,
                -0.3412922703074286,
                0.16
            ],
            "goal_quat": [
                0.9397818726868706,
                0.0,
                0.0,
                0.3417748261197106
            ],
            "shape": [
                0.32,
                0.11,
                0.22
            ],
            "start_pos": [
                -0.6706128934161067,
                -0.6894418128980642,
                0.16
            ],
            "start_quat": [
                0.8965141220254613,
                -0.0,
                -0.0,
                -0.4430151566356576
            ]
        }
    ]
}