{
    "objects": [
        {
            "goal_pos": [
                0.6697653492776949,
                -0.8476477115141643,
                0.07500000000000001
            ],
            "goal_quat": [
                0.22709211536594634,
                -0.0,
                -0.0,
                -0.9738732828959935
            ],
            "shape": [
                0.03,
                0.3,
                0.05
            ],
            "start_pos": [
                0.40022724735890847,
                0.34017566713240277,
                0.15100000000000002
            ],
            "start_quat": [
                0.4910590472704016,
                -0.0,
                -0.0,
                -0.8711262894057815
            ]
        },
        {
            "goal_pos": [
                -0.9017949805850249,
                -0.7008586344479488,
                0.07500000000000001
            ],
            "goal_quat": [
                0.7000784186452836,
                -0.0,
                -0.0,
                -0.7140659687641745
            ],
            "shape": [
                0.03,
                0.3,
                0.05
            ],
            "start_pos": [
                -0.42417994897514416,
                0.27719468753502724,
                0.551
            ],
            "start_quat": [
                0.7810777907402419,
                0.0,
                0.0,
                0.6244337313217015
            ]
        }
    ]
}