{
    "objects": [
        {
            "goal_pos": [
                -1.2479717540189363,
                -0.43349356267140216,
                0.1
            ],
            "goal_quat": [
                0.8872551621679549,
                -0.0,
                -0.0,
                -0.46127895812221487
            ],
            "shape": [
                0.17,
                0.09,
                0.1
            ],
            "start_pos": [
                -0.0013161574533750442,
                0.18060485749221325,
                0.1
            ],
            "start_quat": [
                0.45144551665262134,
                -0.0,
                -0.0,
                -0.892298686256036
            ]
        },
        {
            "goal_pos": [
                1.1506334788521344,
                0.10888303540321648,
                0.09
            ],
            "goal_quat": [
                0.3792836407265551,
                -0.0,
                -0.0,
                -0.9252804547147905
            ],
            "shape": [
                0.14,
                0.09,
                0.08
            ],
            "start_pos": [
                0.04124298829646211,
                -0.6850541483740116,
                0.09
            ],
            "start_quat": [
                0.12345367242979624,
                0.0,
                0.0,
                0.9923503367075543
            ]
        },
        {
            "goal_pos": [
                -0.9213595168883925,
                -0.8553645358145037,
                0.07500000000000001
            ],
            "goal_quat": [
                0.6917227087660055,
                -0.0,
                -0.0,
                -0.7221632046687368
            ],
            "shape": [
                0.19,
                0.1,
                0.05
            ],
            "start_pos": [
                0.018848316421421152,
                -0.4820998462538973,
                0.07500000000000001
            ],
            "start_quat": [
                0.9778867998218838,
                -0.0,
                -0.0,
                -0.20913490080356015
            ]
        },
        {
            "goal_pos": [
                -0.9084627375641275,
                -0.15831953959656886,
                0.08
            ],
            "goal_quat": [
                0.078772530434475,
                -0.0,
                -0.0,
                -0.9968926163077695
            ],
            "shape": [
                0.08,
                0.1,
                0.06
            ],
            "start_pos": [
                0.44998420110232745,
                0.9628668563109133,
                0.08
            ],
            "start_quat": [
                0.49237446385967704,
                -0.0,
                -0.0,
                -0.8703834714302057
            ]
        }
    ]
}