{
    "objects": [
        {
            "goal_pos": [
                -0.3846843211568271,
                -0.4639221742885121,
                0.135
            ],
            "goal_quat": [
                0.9508683538907837,
                0.0,
                0.0,
                0.3095954999172813
            ],
            "shape": [
                0.29,
                0.05,
                0.17
            ],
            "start_pos": [
                0.3730839987983571,
                -0.4727200745078891,
                0.135
            ],
            "start_quat": [
                0.03377140337160932,
                0.0,
                0.0,
                0.9994295834696469
            ]
        },
        {
            "goal_pos": [
                -0.03740751557423572,
                -0.4116121224281627,
                0.115
            ],
            "goal_quat": [
                0.3247178298227899,
                0.0,
                0.0,
                0.9458109382932605
            ],
            "shape": [
                0.31,
                0.11,
                0.13
            ],
            "start_pos": [
                -0.7631694058210658,
                -0.7118215535692447,
                0.115
            ],
            "start_quat": [
                0.1626702376380304,
                0.0,
                0.0,
                0.9866804922500427
            ]
        }
    ]
}