{
    "objects": [
        {
            "goal_pos": [
                -0.2463731090777188,
                0.9337229337900712,
                0.22999999999999998
            ],
            "goal_quat": [
                0.18648950484493573,
                -0.0,
                -0.0,
                -0.982456953043079
            ],
            "shape": [
                0.33,
                0.19,
                0.36
            ],
            "start_pos": [
                -0.9417379622690103,
                0.4591574720765317,
                0.22999999999999998
            ],
            "start_quat": [
                0.9740197181044737,
                -0.0,
                -0.0,
                -0.2264632171980285
            ]
        },
        {
            "goal_pos": [
                0.45059192253504127,
                -0.8479325033450913,
                0.08
            ],
            "goal_quat": [
                0.5342816928598891,
                -0.0,
                -0.0,
                -0.8453064962927772
            ],
            "shape": [
                0.11,
                0.26,
                0.06
            ],
            "start_pos": [
                0.040378365089423995,
                -0.9158745267370333,
                0.08
            ],
            "start_quat": [
                0.05303859680417797,
                0.0,
                0.0,
                0.9985924630443812
            ]
        }
    ]
}