{
    "objects": [
        {
            "goal_pos": [
                -0.26426000012653394,
                -0.8861719977675035,
                0.07500000000000001
            ],
            "goal_quat": [
                0.9762788937262621,
                0.0,
                0.0,
                0.21651679303145493
            ],
            "shape": [
                0.03,
                0.3,
                0.05
            ],
            "start_pos": [
                0.3779642887142866,
                0.2826915451146783,
                0.15100000000000002
            ],
            "start_quat": [
                0.5560944437663701,
                0.0,
                0.0,
                0.8311191067543637
            ]
        },
        {
            "goal_pos": [
                0.9498110125142416,
                -0.3297421172330864,
                0.07500000000000001
            ],
            "goal_quat": [
                0.09596572257252942,
                0.0,
                0.0,
                0.995384639268224
            ],
            "shape": [
                0.03,
                0.3,
                0.05
            ],
            "start_pos": [
                -0.37629849876857463,
                0.3350380148466269,
                0.551
            ],
            "start_quat": [
                0.8209430518096406,
                -0.0,
                -0.0,
                -0.5710100749421798
            ]
        },
        {
            "goal_pos": [
                0.021599671528606257,
                -0.6847785763193827,
                0.07500000000000001
            ],
            "goal_quat": [
                0.5700775260037781,
                0.0,
                0.0,
                0.8215909044928696
            ],
            "shape": [
                0.03,
                0.3,
                0.05
            ],
            "start_pos": [
                0.017119461418922927,
                0.25466289515112517,
                0.15100000000000002
            ],
            "start_quat": [
                0.8585399034369664,
                -0.0,
                -0.0,
                -0.512746754457251
            ]
        }
    ]
}