{
    "objects": [
        {
            "goal_pos": [
                -1.0984876634532657,
                -0.48718380814413154,
                0.14500000000000002
            ],
            "goal_quat": [
                0.9347971070294647,
                0.0,
                0.0,
                0.3551821626846475
            ],
            "shape": [
                0.18,
                0.1,
                0.19
            ],
            "start_pos": [
                -0.42724002075306705,
                1.0951241257102333,
                0.14500000000000002
            ],
            "start_quat": [
                0.8973781989521624,
                0.0,
                0.0,
                0.44126224407417103
            ]
        },
        {
            "goal_pos": [
                1.229110244764025,
                0.532335169082538,
                0.10500000000000001
            ],
            "goal_quat": [
                0.3396641792217304,
                0.0,
                0.0,
                0.9405467799921641
            ],
            "shape": [
                0.05,
                0.2,
                0.11
            ],
            "start_pos": [
                -0.22947240301319255,
                -1.0436649403671012,
                0.10500000000000001
            ],
            "start_quat": [
                0.9290548116769494,
                -0.0,
                -0.0,
                -0.36994209938841527
            ]
        },
        {
            "goal_pos": [
                0.9069853940184249,
                -0.03876756954627486,
                0.07500000000000001
            ],
            "goal_quat": [
                0.7487200060904043,
                -0.0,
                -0.0,
                -0.6628863797665365
            ],
            "shape": [
                0.16,
                0.13,
                0.05
            ],
            "start_pos": [
                -0.1597914990293206,
                0.7752561176870455,
                0.07500000000000001
            ],
            "start_quat": [
                0.3575672171247518,
                0.0,
                0.0,
                0.9338874050107221
            ]
        }
    ]
}