{
    "objects": [
        {
            "goal_pos": [
                -1.0835145730820854,
                -0.5987165051121925,
                0.07500000000000001
            ],
            "goal_quat": [
                0.5097879831713554,
                -0.0,
                -0.0,
                -0.8603000710299179
            ],
            "shape": [
                0.16,
                0.19,
                0.05
            ],
            "start_pos": [
                0.039434585886048534,
                0.24864167722240516,
                0.07500000000000001
            ],
            "start_quat": [
                0.9693174948510831,
                -0.0,
                -0.0,
                -0.24581211153159335
            ]
        },
        {
            "goal_pos": [
                -0.9147485014109245,
                0.593228901247769,
                0.08
            ],
            "goal_quat": [
                0.6768759503568748,
                0.0,
                0.0,
                0.736097104890705
            ],
            "shape": [
                0.2,
                0.11,
                0.06
            ],
            "start_pos": [
                -0.10275980124554024,
                -0.09161076659096695,
                0.08
            ],
            "start_quat": [
                0.3299354751251989,
                -0.0,
                -0.0,
                -0.9440034863568616
            ]
        },
        {
            "goal_pos": [
                -0.9534877603444853,
                -0.4280260668847312,
                0.15000000000000002
            ],
            "goal_quat": [
                0.0887738560708432,
                0.0,
                0.0,
                0.9960518071256702
            ],
            "shape": [
                0.11,
                0.06,
                0.2
            ],
            "start_pos": [
                -0.47300251853544334,
                -1.1335725895859894,
                0.15000000000000002
            ],
            "start_quat": [
                0.946686300656873,
                -0.0,
                -0.0,
                -0.32215686885212425
            ]
        }
    ]
}