{
    "objects": [
        {
            "goal_pos": [
                0.534830122694719,
                -0.11334749909209796,
                0.14500000000000002
            ],
            "goal_quat": [
                0.9402753985626184,
                -0.0,
                -0.0,
                -0.3404147101079931
            ],
            "shape": [
                0.14,
                0.18,
                0.19
            ],
            "start_pos": [
                0.31609410032441826,
                -0.19174834538982466,
                0.14500000000000002
            ],
            "start_quat": [
                0.2132577329688226,
                0.0,
                0.0,
                0.9769959771304068
            ]
        },
        {
            "goal_pos": [
                -0.6004719005927039,
                -1.025860840622599,
                0.22500000000000003
            ],
            "goal_quat": [
                0.8872508517295169,
                0.0,
                0.0,
                0.46128724901653934
            ],
            "shape": [
                0.16,
                0.06,
                0.35000000000000003
            ],
            "start_pos": [
                0.9269358017493454,
                0.6310767000550812,
                0.22500000000000003
            ],
            "start_quat": [
                0.7071297114891646,
                0.0,
                0.0,
                0.7070838501403146
            ]
        },
        {
            "goal_pos": [
                -0.9099361881687595,
                -0.3316993074650221,
                0.10500000000000001
            ],
            "goal_quat": [
                0.45065102236095206,
                -0.0,
                -0.0,
                -0.8927002050212763
            ],
            "shape": [
                0.19,
                0.32,
                0.11
            ],
            "start_pos": [
                0.30703392340279434,
                0.937316385870583,
                0.10500000000000001
            ],
            "start_quat": [
                0.6901247363270885,
                0.0,
                0.0,
                0.7236904367956416
            ]
        }
    ]
}