{
    "objects": [
        {
            "goal_pos": [
                -0.2692616124134255,
                -0.8856721734658894,
                0.07500000000000001
            ],
            "goal_quat": [
                0.19403653752844174,
                -0.0,
                -0.0,
                -0.9809943027887439
            ],
            "shape": [
                0.03,
                0.3,
                0.05
            ],
            "start_pos": [
                0.3945836783034049,
                0.2664973154003762,
                0.15100000000000002
            ],
            "start_quat": [
                0.7657369758504751,
                0.0,
                0.0,
                0.6431538570321793
            ]
        },
        {
            "goal_pos": [
                -1.060913275355547,
                -0.38223301646560986,
                0.07500000000000001
            ],
            "goal_quat": [
                0.9983240805990423,
                0.0,
                0.0,
                0.05787080521365505
            ],
            "shape": [
                0.03,
                0.3,
                0.05
            ],
            "start_pos": [
                -0.383110421525704,
                0.2985866288598074,
                0.551
            ],
            "start_quat": [
                0.6531036278240215,
                0.0,
                0.0,
                0.7572685463711681
            ]
        }
    ]
}