{
    "objects": [
        {
            "goal_pos": [
                -0.030397287102733317,
                -0.8371774930024791,
                0.07500000000000001
            ],
            "goal_quat": [
                0.5761920268829743,
                0.0,
                0.0,
                0.817314350881281
            ],
            "shape": [
                0.03,
                0.3,
                0.05
            ],
            "start_pos": [
                0.3945338131749937,
                0.28743479896012597,
                0.15100000000000002
            ],
            "start_quat": [
                0.6815226290294799,
                0.0,
                0.0,
                0.7317970388849261
            ]
        },
        {
            "goal_pos": [
                0.8850264009514417,
                -0.6824109394721949,
                0.07500000000000001
            ],
            "goal_quat": [
                0.5829833107090279,
                0.0,
                0.0,
                0.8124841287279039
            ],
            "shape": [
                0.03,
                0.3,
                0.05
            ],
            "start_pos": [
                -0.38897792243115176,
                0.27214760053303194,
                0.551
            ],
            "start_quat": [
                0.1668688906031904,
                0.0,
                0.0,
                0.9859790937686562
            ]
        },
        {
            "goal_pos": [
                -0.8124324335024523,
                -0.8448103332541417,
                0.07500000000000001
            ],
            "goal_quat": [
                0.3734845032822318,
                -0.0,
                -0.0,
                -0.9276364189746027
            ],
            "shape": [
                0.03,
                0.3,
                0.05
            ],
            "start_pos": [
                0.02354894404552719,
                0.2650602842912059,
                0.15100000000000002
            ],
            "start_quat": [
                0.3233800602765793,
                -0.0,
                -0.0,
                -0.9462691671060174
            ]
        },
        {
            "goal_pos": [
                0.46376923680293797,
                -0.8875679606255149,
                0.07500000000000001
            ],
            "goal_quat": [
                0.46613663001786704,
                0.0,
                0.0,
                0.884712745559589
            ],
            "shape": [
                0.03,
                0.3,
                0.05
            ],
            "start_pos": [
                -0.015919693760084473,
                0.32564101321628547,
                0.551
            ],
            "start_quat": [
                0.9882109398079413,
                -0.0,
                -0.0,
                -0.15309845996581878
            ]
        }
    ]
}