{
    "objects": [
        {
            "goal_pos": [
                -1.0082898774633955,
                -0.31154933804767576,
                0.07500000000000001
            ],
            "goal_quat": [
                0.9912467854892628,
                -0.0,
                -0.0,
                -0.13202200671556016
            ],
            "shape": [
                0.03,
                0.3,
                0.05
            ],
            "start_pos": [
                0.4076541202301623,
                0.2796013636339013,
                0.15100000000000002
            ],
            "start_quat": [
                0.3971245640575411,
                -0.0,
                -0.0,
                -0.9177647196433887
            ]
        },
        {
            "goal_pos": [
                -0.8056101798723985,
                -0.8695244507591118,
                0.07500000000000001
            ],
            "goal_quat": [
                0.7165268623733613,
                -0.0,
                -0.0,
                -0.6975594996108835
            ],
            "shape": [
                0.03,
                0.3,
                0.05
            ],
            "start_pos": [
                -0.41388677872953417,
                0.29491967419698506,
                0.551
            ],
            "start_quat": [
                0.6400669100978421,
                -0.0,
                -0.0,
                -0.7683191723481856
            ]
        },
        {
            "goal_pos": [
                0.0013999166485472725,
                -0.6767828935960709,
                0.07500000000000001
            ],
            "goal_quat": [
                0.9906556870276336,
                0.0,
                0.0,
                0.13638661869775653
            ],
            "shape": [
                0.03,
                0.3,
                0.05
            ],
            "start_pos": [
                0.00237496888223087,
                0.28664114427056825,
                0.15100000000000002
            ],
            "start_quat": [
                0.6100103673838762,
                -0.0,
                -0.0,
                -0.7923934323833006
            ]
        },
        {
            "goal_pos": [
                0.9697033729464889,
                -0.33733295641507777,
                0.07500000000000001
            ],
            "goal_quat": [
                0.5523628017851231,
                -0.0,
                -0.0,
                -0.8336038238900352
            ],
            "shape": [
                0.03,
                0.3,
                0.05
            ],
            "start_pos": [
                -0.011275324817508644,
                0.2948787863288459,
                0.551
            ],
            "start_quat": [
                0.5646012434732484,
                0.0,
                0.0,
                0.8253638203049984
            ]
        }
    ]
}