{
    "objects": [
        {
            "goal_pos": [
                -0.5151304525888549,
                -0.9512016270824515,
                0.07500000000000001
            ],
            "goal_quat": [
                0.03539223325196778,
                0.0,
                0.0,
                0.9993734986607551
            ],
            "shape": [
                0.03,
                0.3,
                0.05
            ],
            "start_pos": [
                0.4022640249076019,
                0.32528290033287893,
                0.15100000000000002
            ],
            "start_quat": [
                0.9997784679183992,
                0.0,
                0.0,
                0.021047923573087324
            ]
        },
        {
            "goal_pos": [
                -0.8991502577110975,
                -0.6140861880087394,
                0.07500000000000001
            ],
            "goal_quat": [
                0.21312306314273693,
                0.0,
                0.0,
                0.9770253630058213
            ],
            "shape": [
                0.03,
                0.3,
                0.05
            ],
            "start_pos": [
                -0.3864395696968419,
                0.2567739024829264,
                0.551
            ],
            "start_quat": [
                0.8323253005251773,
                -0.0,
                -0.0,
                -0.5542874652251062
            ]
        }
    ]
}