{
    "objects": [
        {
            "goal_pos": [
                -0.42933258449680956,
                -0.40930445956802464,
                0.13
            ],
            "goal_quat": [
                0.6216636204168456,
                -0.0,
                -0.0,
                -0.7832843309106982
            ],
            "shape": [
                0.32,
                0.25,
                0.16
            ],
            "start_pos": [
                0.36884003088922424,
                -0.3794253549337,
                0.13
            ],
            "start_quat": [
                0.10176144228549773,
                -0.0,
                -0.0,
                -0.9948088303106156
            ]
        },
        {
            "goal_pos": [
                0.08272218834641039,
                -0.603419518137823,
                0.185
            ],
            "goal_quat": [
                0.9009994873125158,
                0.0,
                0.0,
                0.4338201515174044
            ],
            "shape": [
                0.06,
                0.1,
                0.27
            ],
            "start_pos": [
                -0.4562539975002261,
                -0.716456965792226,
                0.185
            ],
            "start_quat": [
                0.3210481118831231,
                -0.0,
                -0.0,
                -0.9470628859037196
            ]
        }
    ]
}