{
    "objects": [
        {
            "goal_pos": [
                -1.1101695022833786,
                -0.686198335726679,
                0.09
            ],
            "goal_quat": [
                0.05396303925475841,
                0.0,
                0.0,
                0.9985429336760585
            ],
            "shape": [
                0.15,
                0.13,
                0.08
            ],
            "start_pos": [
                0.022112384026094167,
                0.2171200159470752,
                0.09
            ],
            "start_quat": [
                0.9235044685670168,
                0.0,
                0.0,
                0.3835876647348709
            ]
        },
        {
            "goal_pos": [
                1.1221005440764698,
                -0.7776609211370047,
                0.15000000000000002
            ],
            "goal_quat": [
                0.8950663471214385,
                -0.0,
                -0.0,
                -0.44593299300532196
            ],
            "shape": [
                0.11,
                0.08,
                0.2
            ],
            "start_pos": [
                0.09894631291574674,
                -0.6677520811575794,
                0.15000000000000002
            ],
            "start_quat": [
                0.20069287697982066,
                0.0,
                0.0,
                0.9796542089582234
            ]
        }
    ]
}