{
    "objects": [
        {
            "goal_pos": [
                -0.987742847919182,
                0.06706632595536327,
                0.1
            ],
            "goal_quat": [
                0.83693724267628,
                -0.0,
                -0.0,
                -0.5472988688289293
            ],
            "shape": [
                0.15,
                0.14,
                0.1
            ],
            "start_pos": [
                -0.09001851424863594,
                -0.5872992537572195,
                0.1
            ],
            "start_quat": [
                0.9926635296182793,
                0.0,
                0.0,
                0.12090954042497848
            ]
        },
        {
            "goal_pos": [
                0.960868223216965,
                -0.6402706002739984,
                0.11
            ],
            "goal_quat": [
                0.47517173913135397,
                0.0,
                0.0,
                0.8798930721007436
            ],
            "shape": [
                0.05,
                0.15,
                0.12
            ],
            "start_pos": [
                0.04272791110818641,
                -0.3232915067026488,
                0.11
            ],
            "start_quat": [
                0.5039203625840957,
                -0.0,
                -0.0,
                -0.8637501190582341
            ]
        }
    ]
}