{
    "objects": [
        {
            "goal_pos": [
                0.7165251060966751,
                -0.7672999066982489,
                0.07500000000000001
            ],
            "goal_quat": [
                0.9716960022766711,
                0.0,
                0.0,
                0.236234796673851
            ],
            "shape": [
                0.03,
                0.3,
                0.05
            ],
            "start_pos": [
                0.42387779066111314,
                0.33318743305572024,
                0.15100000000000002
            ],
            "start_quat": [
                0.002760105872630668,
                -0.0,
                -0.0,
                -0.9999961909005313
            ]
        },
        {
            "goal_pos": [
                1.015050781685389,
                -0.3760991483511371,
                0.07500000000000001
            ],
            "goal_quat": [
                0.28632216131363897,
                0.0,
                0.0,
                0.9581334040417788
            ],
            "shape": [
                0.03,
                0.3,
                0.05
            ],
            "start_pos": [
                -0.3845051159644391,
                0.29467448868569823,
                0.551
            ],
            "start_quat": [
                0.30274165778150247,
                -0.0,
                -0.0,
                -0.9530726565397349
            ]
        }
    ]
}