{
    "objects": [
        {
            "goal_pos": [
                0.7161198792211938,
                -0.8086715885634062,
                0.07500000000000001
            ],
            "goal_quat": [
                0.9842606777311143,
                0.0,
                0.0,
                0.17672271577895046
            ],
            "shape": [
                0.03,
                0.3,
                0.05
            ],
            "start_pos": [
                0.41229253301910607,
                0.2909398273242665,
                0.15100000000000002
            ],
            "start_quat": [
                0.21168962476568848,
                -0.0,
                -0.0,
                -0.9773369443372956
            ]
        },
        {
            "goal_pos": [
                -0.9473476145380494,
                -0.7000605499567637,
                0.07500000000000001
            ],
            "goal_quat": [
                0.9924137517148032,
                0.0,
                0.0,
                0.1229428542345953
            ],
            "shape": [
                0.03,
                0.3,
                0.05
            ],
            "start_pos": [
                -0.38755003615785144,
                0.26004613754458356,
                0.551
            ],
            "start_quat": [
                0.14427026764605352,
                -0.0,
                -0.0,
                -0.9895383215789756
            ]
        },
        {
            "goal_pos": [
                -0.03126298173603287,
                -0.6883729707885362,
                0.07500000000000001
            ],
            "goal_quat": [
                0.6037301964586229,
                0.0,
                0.0,
                0.7971887166060697
            ],
            "shape": [
                0.03,
                0.3,
                0.05
            ],
            "start_pos": [
                -0.007651478669205847,
                0.2565894546514316,
                0.15100000000000002
            ],
            "start_quat": [
                0.9927773372242125,
                0.0,
                0.0,
                0.11997149117187116
            ]
        }
    ]
}