{
    "objects": [
        {
            "goal_pos": [
                0.9320777743417494,
                -0.4847766670200051,
                0.07500000000000001
            ],
            "goal_quat": [
                0.36247381833167003,
                0.0,
                0.0,
                0.931993954392441
            ],
            "shape": [
                0.03,
                0.3,
                0.05
            ],
            "start_pos": [
                0.3960252251913351,
                0.2778827659765696,
                0.15100000000000002
            ],
            "start_quat": [
                0.5147463049912603,
                -0.0,
                -0.0,
                -0.8573425461843385
            ]
        },
        {
            "goal_pos": [
                -0.6442230508371043,
                -0.9206601741248142,
                0.07500000000000001
            ],
            "goal_quat": [
                0.9322628372030488,
                0.0,
                0.0,
                0.36178170541104165
            ],
            "shape": [
                0.03,
                0.3,
                0.05
            ],
            "start_pos": [
                -0.4150464438122927,
                0.2520658524557543,
                0.551
            ],
            "start_quat": [
                0.5977757238406014,
                0.0,
                0.0,
                0.8016633857092671
            ]
        },
        {
            "goal_pos": [
                -0.9870073817787877,
                -0.3649720419034204,
                0.07500000000000001
            ],
            "goal_quat": [
                0.2331394609074556,
                -0.0,
                -0.0,
                -0.9724433103105707
            ],
            "shape": [
                0.03,
                0.3,
                0.05
            ],
            "start_pos": [
                -0.015559065234331064,
                0.2573806985455167,
                0.15100000000000002
            ],
            "start_quat": [
                0.9361114053077229,
                -0.0,
                -0.0,
                -0.35170362075588607
            ]
        },
        {
            "goal_pos": [
                -0.18102376345868984,
                -0.8791873280714073,
                0.07500000000000001
            ],
            "goal_quat": [
                0.2018048624839264,
                0.0,
                0.0,
                0.9794257488333884
            ],
            "shape": [
                0.03,
                0.3,
                0.05
            ],
            "start_pos": [
                -0.0015260363181424305,
                0.30875750487539877,
                0.551
            ],
            "start_quat": [
                0.8728459338309038,
                -0.0,
                -0.0,
                -0.48799587682157464
            ]
        }
    ]
}