{
    "objects": [
        {
            "goal_pos": [
                -0.9406348805916206,
                -0.45612455554023656,
                0.07500000000000001
            ],
            "goal_quat": [
                0.166566765599292,
                0.0,
                0.0,
                0.9860301783402933
            ],
            "shape": [
                0.03,
                0.3,
                0.05
            ],
            "start_pos": [
                0.41436055125041005,
                0.27287189024917796,
                0.15100000000000002
            ],
            "start_quat": [
                0.3563208184172254,
                0.0,
                0.0,
                0.934363673503245
            ]
        },
        {
            "goal_pos": [
                0.6299392216281151,
                -0.8363754406742632,
                0.07500000000000001
            ],
            "goal_quat": [
                0.9863823795146853,
                -0.0,
                -0.0,
                -0.16446823821925977
            ],
            "shape": [
                0.03,
                0.3,
                0.05
            ],
            "start_pos": [
                -0.39728818742887356,
                0.27628709381373884,
                0.551
            ],
            "start_quat": [
                0.3938173384948815,
                -0.0,
                -0.0,
                -0.9191887205034709
            ]
        },
        {
            "goal_pos": [
                -0.5352949142994011,
                -0.8933145043862583,
                0.07500000000000001
            ],
            "goal_quat": [
                0.9985485173610109,
                0.0,
                0.0,
                0.05385961823227909
            ],
            "shape": [
                0.03,
                0.3,
                0.05
            ],
            "start_pos": [
                -0.004475279138850163,
                0.2625661261006649,
                0.15100000000000002
            ],
            "start_quat": [
                0.7920531421197361,
                0.0,
                0.0,
                0.6104521439541785
            ]
        },
        {
            "goal_pos": [
                0.2912812262999679,
                -0.9264886910453549,
                0.07500000000000001
            ],
            "goal_quat": [
                0.4786618998477651,
                -0.0,
                -0.0,
                -0.8779993084474088
            ],
            "shape": [
                0.03,
                0.3,
                0.05
            ],
            "start_pos": [
                -0.0206731825560679,
                0.3431321284019837,
                0.551
            ],
            "start_quat": [
                0.5418180755042534,
                0.0,
                0.0,
                0.8404957900292346
            ]
        }
    ]
}