{
    "objects": [
        {
            "goal_pos": [
                0.9275769738333249,
                -0.4668609703833432,
                0.07500000000000001
            ],
            "goal_quat": [
                0.9996613214725579,
                -0.0,
                -0.0,
                -0.02602388041278839
            ],
            "shape": [
                0.03,
                0.3,
                0.05
            ],
            "start_pos": [
                0.4012258481956914,
                0.27712949420428434,
                0.15100000000000002
            ],
            "start_quat": [
                0.8883263223423171,
                -0.0,
                -0.0,
                -0.4592127448512004
            ]
        },
        {
            "goal_pos": [
                -0.9920526952813802,
                -0.43835985892089346,
                0.07500000000000001
            ],
            "goal_quat": [
                0.9305598211012011,
                -0.0,
                -0.0,
                -0.36613989041362416
            ],
            "shape": [
                0.03,
                0.3,
                0.05
            ],
            "start_pos": [
                -0.4177559322977105,
                0.2516257415210761,
                0.551
            ],
            "start_quat": [
                0.7838643523386876,
                0.0,
                0.0,
                0.6209321034804448
            ]
        }
    ]
}