{
    "objects": [
        {
            "goal_pos": [
                0.2370924396300675,
                -0.9667003787892647,
                0.07500000000000001
            ],
            "goal_quat": [
                0.44119066249964495,
                0.0,
                0.0,
                0.8974133937729726
            ],
            "shape": [
                0.03,
                0.3,
                0.05
            ],
            "start_pos": [
                0.3818250251142642,
                0.34048815441125285,
                0.15100000000000002
            ],
            "start_quat": [
                0.7381014337030332,
                -0.0,
                -0.0,
                -0.6746897609757591
            ]
        },
        {
            "goal_pos": [
                -0.13949172659214631,
                -0.8688219163836535,
                0.07500000000000001
            ],
            "goal_quat": [
                0.9724188967109259,
                -0.0,
                -0.0,
                -0.23324126847431115
            ],
            "shape": [
                0.03,
                0.3,
                0.05
            ],
            "start_pos": [
                -0.3886149347771841,
                0.3474102514356605,
                0.551
            ],
            "start_quat": [
                0.9847362959121092,
                0.0,
                0.0,
                0.17405294456945822
            ]
        }
    ]
}