{
    "objects": [
        {
            "goal_pos": [
                0.1925781641513415,
                -1.0613308893378917,
                0.135
            ],
            "goal_quat": [
                0.5256332501485862,
                0.0,
                0.0,
                0.8507112825972357
            ],
            "shape": [
                0.06,
                0.22,
                0.17
            ],
            "start_pos": [
                0.548480872915621,
                -0.7959643477831586,
                0.135
            ],
            "start_quat": [
                0.5404824126087123,
                0.0,
                0.0,
                0.8413553123744246
            ]
        },
        {
            "goal_pos": [
                -0.3541770444589552,
                1.0094936700961106,
                0.15000000000000002
            ],
            "goal_quat": [
                0.5024255423308922,
                -0.0,
                -0.0,
                -0.8646204799873229
            ],
            "shape": [
                0.28,
                0.22,
                0.2
            ],
            "start_pos": [
                0.29173096034711665,
                0.5687368624675203,
                0.15000000000000002
            ],
            "start_quat": [
                0.9182802338551874,
                -0.0,
                -0.0,
                -0.39593106989836296
            ]
        },
        {
            "goal_pos": [
                0.6026152950726715,
                0.22504384764719487,
                0.19
            ],
            "goal_quat": [
                0.7612327502838788,
                0.0,
                0.0,
                0.6484787582452041
            ],
            "shape": [
                0.23,
                0.32,
                0.28
            ],
            "start_pos": [
                -0.9671889251462842,
                0.3681563824685302,
                0.19
            ],
            "start_quat": [
                0.7363374690750142,
                -0.0,
                -0.0,
                -0.676614463070516
            ]
        }
    ]
}