{
    "objects": [
        {
            "goal_pos": [
                -1.0603767132013977,
                -0.5103762887588971,
                0.07500000000000001
            ],
            "goal_quat": [
                0.417359411647512,
                -0.0,
                -0.0,
                -0.9087415042294715
            ],
            "shape": [
                0.03,
                0.3,
                0.05
            ],
            "start_pos": [
                0.3907955045001817,
                0.29770214676679196,
                0.15100000000000002
            ],
            "start_quat": [
                0.980925998906222,
                0.0,
                0.0,
                0.19438154405660696
            ]
        },
        {
            "goal_pos": [
                -0.7532044815568115,
                -0.7558450238893815,
                0.07500000000000001
            ],
            "goal_quat": [
                0.9292559753011677,
                -0.0,
                -0.0,
                -0.3694365065435138
            ],
            "shape": [
                0.03,
                0.3,
                0.05
            ],
            "start_pos": [
                -0.395027677821498,
                0.25191424328365936,
                0.551
            ],
            "start_quat": [
                0.8038676531462595,
                0.0,
                0.0,
                0.5948082012086964
            ]
        },
        {
            "goal_pos": [
                -0.39754008811339714,
                -0.853101434793746,
                0.07500000000000001
            ],
            "goal_quat": [
                0.7809009525902991,
                -0.0,
                -0.0,
                -0.6246548665011451
            ],
            "shape": [
                0.03,
                0.3,
                0.05
            ],
            "start_pos": [
                -0.010037817791720163,
                0.287571132021859,
                0.15100000000000002
            ],
            "start_quat": [
                0.6827153942613722,
                0.0,
                0.0,
                0.7306843986554927
            ]
        },
        {
            "goal_pos": [
                0.8755235796420133,
                -0.6137346000607031,
                0.07500000000000001
            ],
            "goal_quat": [
                0.6905414850798568,
                0.0,
                0.0,
                0.7232927881457867
            ],
            "shape": [
                0.03,
                0.3,
                0.05
            ],
            "start_pos": [
                -0.02270860557398622,
                0.2671499734089633,
                0.551
            ],
            "start_quat": [
                0.3685383641430448,
                0.0,
                0.0,
                0.9296125398007326
            ]
        }
    ]
}