{
    "objects": [
        {
            "goal_pos": [
                -0.24746314956541465,
                -0.42171490748534557,
                0.245
            ],
            "goal_quat": [
                0.9306284811231115,
                -0.0,
                -0.0,
                -0.36596534005625536
            ],
            "shape": [
                0.09,
                0.25,
                0.39
            ],
            "start_pos": [
                0.16955819844973122,
                -0.386061335775166,
                0.245
            ],
            "start_quat": [
                0.8353886638526564,
                -0.0,
                -0.0,
                -0.5496596949990725
            ]
        },
        {
            "goal_pos": [
                -0.5638826289316055,
                -0.37894020649332216,
                0.135
            ],
            "goal_quat": [
                0.5265903556844991,
                -0.0,
                -0.0,
                -0.8501191665290654
            ],
            "shape": [
                0.15,
                0.1,
                0.17
            ],
            "start_pos": [
                0.7622489613672385,
                -0.5496143644476494,
                0.135
            ],
            "start_quat": [
                0.3427335717764561,
                0.0,
                0.0,
                0.9394326472809814
            ]
        },
        {
            "goal_pos": [
                0.44397977895300206,
                -0.4943999008495511,
                0.14500000000000002
            ],
            "goal_quat": [
                0.46568035042245576,
                -0.0,
                -0.0,
                -0.8849529994470999
            ],
            "shape": [
                0.29,
                0.08,
                0.19
            ],
            "start_pos": [
                -0.6770830132435954,
                -0.6186115544624265,
                0.14500000000000002
            ],
            "start_quat": [
                0.4935383670256487,
                -0.0,
                -0.0,
                -0.8697240253515227
            ]
        }
    ]
}