{
    "objects": [
        {
            "goal_pos": [
                0.9509865903006676,
                -0.6437443201781128,
                0.07500000000000001
            ],
            "goal_quat": [
                0.4964716050426482,
                0.0,
                0.0,
                0.8680529623164572
            ],
            "shape": [
                0.03,
                0.3,
                0.05
            ],
            "start_pos": [
                0.3913921483692349,
                0.27232858414548067,
                0.15100000000000002
            ],
            "start_quat": [
                0.9988790661615519,
                -0.0,
                -0.0,
                -0.04733509463628547
            ]
        },
        {
            "goal_pos": [
                -0.27061345880807985,
                -0.9557964153394989,
                0.07500000000000001
            ],
            "goal_quat": [
                0.6427431585418334,
                -0.0,
                -0.0,
                -0.7660817398604849
            ],
            "shape": [
                0.03,
                0.3,
                0.05
            ],
            "start_pos": [
                -0.39048404119813235,
                0.2633434699206536,
                0.551
            ],
            "start_quat": [
                0.583941038470161,
                0.0,
                0.0,
                0.8117960726625807
            ]
        },
        {
            "goal_pos": [
                -0.9004512423582929,
                -0.5934095885707851,
                0.07500000000000001
            ],
            "goal_quat": [
                0.9737017421046514,
                0.0,
                0.0,
                0.22782650728650286
            ],
            "shape": [
                0.03,
                0.3,
                0.05
            ],
            "start_pos": [
                0.0008498152308854916,
                0.2876922368882834,
                0.15100000000000002
            ],
            "start_quat": [
                0.9906043171085267,
                -0.0,
                -0.0,
                -0.13675922976512256
            ]
        },
        {
            "goal_pos": [
                -0.5792168966917244,
                -0.8579433053940111,
                0.07500000000000001
            ],
            "goal_quat": [
                0.5525566012626757,
                0.0,
                0.0,
                0.8334753760016191
            ],
            "shape": [
                0.03,
                0.3,
                0.05
            ],
            "start_pos": [
                -0.0035732221243663514,
                0.25678278295108625,
                0.551
            ],
            "start_quat": [
                0.5669671673656447,
                -0.0,
                -0.0,
                -0.8237403906142864
            ]
        }
    ]
}