{
    "objects": [
        {
            "goal_pos": [
                -1.0114784047601266,
                -0.32107170338280566,
                0.07500000000000001
            ],
            "goal_quat": [
                0.8039899146727899,
                0.0,
                0.0,
                0.594642932443025
            ],
            "shape": [
                0.03,
                0.3,
                0.05
            ],
            "start_pos": [
                0.4037417618021236,
                0.33643676087262586,
                0.15100000000000002
            ],
            "start_quat": [
                0.08004466244701465,
                0.0,
                0.0,
                0.9967912780586232
            ]
        },
        {
            "goal_pos": [
                -0.36033782744192583,
                -0.8299372100479112,
                0.07500000000000001
            ],
            "goal_quat": [
                0.9724899195953286,
                -0.0,
                -0.0,
                -0.2329449640697803
            ],
            "shape": [
                0.03,
                0.3,
                0.05
            ],
            "start_pos": [
                -0.405677270836742,
                0.3460116082266251,
                0.551
            ],
            "start_quat": [
                0.8145691152875237,
                0.0,
                0.0,
                0.5800665103414443
            ]
        }
    ]
}