{
    "objects": [
        {
            "goal_pos": [
                1.0356660512481812,
                -0.37855560714490416,
                0.07500000000000001
            ],
            "goal_quat": [
                0.9496308472594452,
                -0.0,
                -0.0,
                -0.31337079304445103
            ],
            "shape": [
                0.03,
                0.3,
                0.05
            ],
            "start_pos": [
                0.41911411128964937,
                0.330954648919418,
                0.15100000000000002
            ],
            "start_quat": [
                0.3571807595733643,
                0.0,
                0.0,
                0.9340352803778852
            ]
        },
        {
            "goal_pos": [
                0.8230763181144662,
                -0.6383005104310514,
                0.07500000000000001
            ],
            "goal_quat": [
                0.8253762548154642,
                0.0,
                0.0,
                0.5645830656217009
            ],
            "shape": [
                0.03,
                0.3,
                0.05
            ],
            "start_pos": [
                -0.40300707356244353,
                0.3083465127674203,
                0.551
            ],
            "start_quat": [
                0.839748572812479,
                0.0,
                0.0,
                0.5429754455400397
            ]
        },
        {
            "goal_pos": [
                -0.03329260504164411,
                -0.7081803564531353,
                0.07500000000000001
            ],
            "goal_quat": [
                0.1571670144211469,
                0.0,
                0.0,
                0.9875720376650723
            ],
            "shape": [
                0.03,
                0.3,
                0.05
            ],
            "start_pos": [
                -0.0060024375486264145,
                0.25139473681425817,
                0.15100000000000002
            ],
            "start_quat": [
                0.6463783898565062,
                0.0,
                0.0,
                0.7630170228287901
            ]
        }
    ]
}