{
    "objects": [
        {
            "goal_pos": [
                -0.4153377323439703,
                -0.39033402126580896,
                0.125
            ],
            "goal_quat": [
                0.9755666138663045,
                0.0,
                0.0,
                0.21970385046565016
            ],
            "shape": [
                0.37,
                0.16,
                0.15
            ],
            "start_pos": [
                0.19860363317112908,
                -0.33128707324735995,
                0.125
            ],
            "start_quat": [
                0.9912263090874293,
                -0.0,
                -0.0,
                -0.13217565650645433
            ]
        },
        {
            "goal_pos": [
                0.6103833976141029,
                -0.5934576023658061,
                0.07500000000000001
            ],
            "goal_quat": [
                0.5318822243085667,
                0.0,
                0.0,
                0.8468183391168213
            ],
            "shape": [
                0.35000000000000003,
                0.08,
                0.05
            ],
            "start_pos": [
                -0.7077180064686422,
                -0.6999103524756114,
                0.07500000000000001
            ],
            "start_quat": [
                0.7194406631195277,
                -0.0,
                -0.0,
                -0.694553908814956
            ]
        },
        {
            "goal_pos": [
                -0.10863532581388263,
                -0.28611019561583295,
                0.235
            ],
            "goal_quat": [
                0.9356734139136058,
                0.0,
                0.0,
                0.3528672023513352
            ],
            "shape": [
                0.15,
                0.13,
                0.37
            ],
            "start_pos": [
                -0.06416536464889178,
                -0.4803666057267747,
                0.235
            ],
            "start_quat": [
                0.9770572908302863,
                -0.0,
                -0.0,
                -0.2129766429338704
            ]
        }
    ]
}