{
    "objects": [
        {
            "goal_pos": [
                -0.09321934274596888,
                -0.812340499188047,
                0.07500000000000001
            ],
            "goal_quat": [
                0.9774920515687805,
                0.0,
                0.0,
                0.21097224727403516
            ],
            "shape": [
                0.03,
                0.3,
                0.05
            ],
            "start_pos": [
                0.4002920366736161,
                0.3192321909399599,
                0.15100000000000002
            ],
            "start_quat": [
                0.43333163916952566,
                0.0,
                0.0,
                0.9012345368962799
            ]
        },
        {
            "goal_pos": [
                1.0163669692958828,
                -0.601573349857138,
                0.07500000000000001
            ],
            "goal_quat": [
                0.45730694027354196,
                -0.0,
                -0.0,
                -0.8893089240402635
            ],
            "shape": [
                0.03,
                0.3,
                0.05
            ],
            "start_pos": [
                -0.37641337983511547,
                0.2987375785505202,
                0.551
            ],
            "start_quat": [
                0.19648432132837163,
                -0.0,
                -0.0,
                -0.9805069665597125
            ]
        }
    ]
}