{
    "objects": [
        {
            "goal_pos": [
                -0.7496707088797632,
                -0.8971917157267961,
                0.21500000000000002
            ],
            "goal_quat": [
                0.8123131531947804,
                0.0,
                0.0,
                0.583221519790511
            ],
            "shape": [
                0.08,
                0.34,
                0.33
            ],
            "start_pos": [
                0.4795624608485902,
                0.9061571662728396,
                0.21500000000000002
            ],
            "start_quat": [
                0.5944201787398443,
                -0.0,
                -0.0,
                -0.8041546189054015
            ]
        },
        {
            "goal_pos": [
                0.4852925076897957,
                -0.9843636559170976,
                0.085
            ],
            "goal_quat": [
                0.9866227537525634,
                0.0,
                0.0,
                0.16302006556773532
            ],
            "shape": [
                0.12,
                0.21,
                0.07
            ],
            "start_pos": [
                -0.37184609622383363,
                -0.8407727837271882,
                0.085
            ],
            "start_quat": [
                0.8950970667230226,
                -0.0,
                -0.0,
                -0.44587132801273605
            ]
        }
    ]
}