{
    "objects": [
        {
            "goal_pos": [
                0.23467591541960992,
                -0.8604591394593126,
                0.07500000000000001
            ],
            "goal_quat": [
                0.5087977476850751,
                0.0,
                0.0,
                0.8608860853507824
            ],
            "shape": [
                0.03,
                0.3,
                0.05
            ],
            "start_pos": [
                0.4123771500808753,
                0.30603901235579584,
                0.15100000000000002
            ],
            "start_quat": [
                0.6210960352398525,
                0.0,
                0.0,
                0.7837344671566614
            ]
        },
        {
            "goal_pos": [
                0.7687259541595043,
                -0.6961853808697878,
                0.07500000000000001
            ],
            "goal_quat": [
                0.9142416933405254,
                0.0,
                0.0,
                0.40516925618542277
            ],
            "shape": [
                0.03,
                0.3,
                0.05
            ],
            "start_pos": [
                -0.4210442748198113,
                0.2767940333855625,
                0.551
            ],
            "start_quat": [
                0.8767936464215466,
                0.0,
                0.0,
                0.4808668231379744
            ]
        }
    ]
}