{
    "objects": [
        {
            "goal_pos": [
                1.2252686528058603,
                0.10194796469854861,
                0.095
            ],
            "goal_quat": [
                0.15821844819596642,
                0.0,
                0.0,
                0.9874041333974961
            ],
            "shape": [
                0.06,
                0.08,
                0.09
            ],
            "start_pos": [
                -0.17314505803622005,
                -0.43309349638317374,
                0.095
            ],
            "start_quat": [
                0.8956011069458257,
                0.0,
                0.0,
                0.4448580191897315
            ]
        },
        {
            "goal_pos": [
                1.0864183387511337,
                -0.7972047783216034,
                0.1
            ],
            "goal_quat": [
                0.8823223349608529,
                0.0,
                0.0,
                0.47064561745460737
            ],
            "shape": [
                0.19,
                0.08,
                0.1
            ],
            "start_pos": [
                -0.029221946482033856,
                -0.2894188740927901,
                0.1
            ],
            "start_quat": [
                0.09643615843837844,
                -0.0,
                -0.0,
                -0.9953391720140667
            ]
        }
    ]
}