{
    "objects": [
        {
            "goal_pos": [
                -0.12191197053116648,
                -0.8334562728420507,
                0.07500000000000001
            ],
            "goal_quat": [
                0.29017145685192536,
                -0.0,
                -0.0,
                -0.9569746734519317
            ],
            "shape": [
                0.03,
                0.3,
                0.05
            ],
            "start_pos": [
                0.40692676681284035,
                0.26129684410889953,
                0.15100000000000002
            ],
            "start_quat": [
                0.2852678033615235,
                -0.0,
                -0.0,
                -0.958447849580399
            ]
        },
        {
            "goal_pos": [
                1.0116980645822893,
                -0.4511531366113086,
                0.07500000000000001
            ],
            "goal_quat": [
                0.683080676889884,
                0.0,
                0.0,
                0.7303429255217427
            ],
            "shape": [
                0.03,
                0.3,
                0.05
            ],
            "start_pos": [
                -0.40366871472610216,
                0.2656683370903027,
                0.551
            ],
            "start_quat": [
                0.5355238987638523,
                -0.0,
                -0.0,
                -0.844520073090488
            ]
        },
        {
            "goal_pos": [
                -0.8338122694097713,
                -0.8188596857275898,
                0.07500000000000001
            ],
            "goal_quat": [
                0.9996651019650742,
                -0.0,
                -0.0,
                -0.025878251740755653
            ],
            "shape": [
                0.03,
                0.3,
                0.05
            ],
            "start_pos": [
                0.0008669390625354566,
                0.3287735687549277,
                0.15100000000000002
            ],
            "start_quat": [
                0.3269368253217314,
                -0.0,
                -0.0,
                -0.9450461958277742
            ]
        }
    ]
}