{
    "objects": [
        {
            "goal_pos": [
                0.3807790684705836,
                -0.493656648788595,
                0.21500000000000002
            ],
            "goal_quat": [
                0.8699277764690533,
                -0.0,
                -0.0,
                -0.4931791395908883
            ],
            "shape": [
                0.11,
                0.09,
                0.33
            ],
            "start_pos": [
                -0.7403864351252799,
                -0.5844437153307886,
                0.21500000000000002
            ],
            "start_quat": [
                0.9788908398630776,
                -0.0,
                -0.0,
                -0.2043837655787724
            ]
        }
    ]
}