{
    "objects": [
        {
            "goal_pos": [
                0.36264168727872,
                -0.8615464379374584,
                0.07500000000000001
            ],
            "goal_quat": [
                0.9352175601240785,
                -0.0,
                -0.0,
                -0.3540736014384095
            ],
            "shape": [
                0.03,
                0.3,
                0.05
            ],
            "start_pos": [
                0.41030809068137275,
                0.2871917058175596,
                0.15100000000000002
            ],
            "start_quat": [
                0.9320666874003437,
                -0.0,
                -0.0,
                -0.3622867513980466
            ]
        },
        {
            "goal_pos": [
                -0.9717948864478502,
                -0.33465470672214914,
                0.07500000000000001
            ],
            "goal_quat": [
                0.637972158741114,
                -0.0,
                -0.0,
                -0.7700594293112726
            ],
            "shape": [
                0.03,
                0.3,
                0.05
            ],
            "start_pos": [
                -0.37704383347729054,
                0.28731617660742204,
                0.551
            ],
            "start_quat": [
                0.9368313052684022,
                0.0,
                0.0,
                0.3497815110452549
            ]
        },
        {
            "goal_pos": [
                0.7434701249786473,
                -0.7017417507310044,
                0.07500000000000001
            ],
            "goal_quat": [
                0.9947285773889141,
                0.0,
                0.0,
                0.10254295356496823
            ],
            "shape": [
                0.03,
                0.3,
                0.05
            ],
            "start_pos": [
                0.01902250410900344,
                0.33101646569580306,
                0.15100000000000002
            ],
            "start_quat": [
                0.3145768121949871,
                -0.0,
                -0.0,
                -0.9492320207563796
            ]
        }
    ]
}