{
    "objects": [
        {
            "goal_pos": [
                0.1472172802122259,
                0.7396895775868285,
                0.16
            ],
            "goal_quat": [
                0.9896848224832724,
                0.0,
                0.0,
                0.1432618307374773
            ],
            "shape": [
                0.31,
                0.19,
                0.22
            ],
            "start_pos": [
                0.5789199092147501,
                0.2890629189506997,
                0.16
            ],
            "start_quat": [
                0.9926673677532317,
                -0.0,
                -0.0,
                -0.1208780252894224
            ]
        },
        {
            "goal_pos": [
                -0.35566938835481254,
                -0.28710858902819136,
                0.12000000000000001
            ],
            "goal_quat": [
                0.8894430091805419,
                0.0,
                0.0,
                0.45704609550882547
            ],
            "shape": [
                0.28,
                0.17,
                0.14
            ],
            "start_pos": [
                -0.8972087512786616,
                0.019790051448193624,
                0.12000000000000001
            ],
            "start_quat": [
                0.4718993155091759,
                0.0,
                0.0,
                0.8816524462745914
            ]
        },
        {
            "goal_pos": [
                -0.2257255619076574,
                0.9385863095867146,
                0.19
            ],
            "goal_quat": [
                0.43606905557635595,
                -0.0,
                -0.0,
                -0.8999132062419937
            ],
            "shape": [
                0.15,
                0.37,
                0.28
            ],
            "start_pos": [
                0.9630648574104054,
                -0.11658816844397968,
                0.19
            ],
            "start_quat": [
                0.8606897653905634,
                0.0,
                0.0,
                0.5091297749610967
            ]
        }
    ]
}