{
    "objects": [
        {
            "goal_pos": [
                -0.16554694631546407,
                -0.8725157916235013,
                0.07500000000000001
            ],
            "goal_quat": [
                0.3124635528151258,
                0.0,
                0.0,
                0.9499297490668187
            ],
            "shape": [
                0.03,
                0.3,
                0.05
            ],
            "start_pos": [
                0.38513763067323226,
                0.34451059809494516,
                0.15100000000000002
            ],
            "start_quat": [
                0.7105810319545018,
                -0.0,
                -0.0,
                -0.703615375774631
            ]
        },
        {
            "goal_pos": [
                -1.054414998143279,
                -0.46143689837631774,
                0.07500000000000001
            ],
            "goal_quat": [
                0.8340405390041442,
                -0.0,
                -0.0,
                -0.5517031623053076
            ],
            "shape": [
                0.03,
                0.3,
                0.05
            ],
            "start_pos": [
                -0.41903417907277574,
                0.3271309568402591,
                0.551
            ],
            "start_quat": [
                0.42391385621773836,
                -0.0,
                -0.0,
                -0.9057025132495805
            ]
        }
    ]
}