{
    "objects": [
        {
            "goal_pos": [
                0.3715964054300772,
                -0.5803914534711307,
                0.15000000000000002
            ],
            "goal_quat": [
                0.09793092347471616,
                -0.0,
                -0.0,
                -0.995193214520371
            ],
            "shape": [
                0.09,
                0.12,
                0.2
            ],
            "start_pos": [
                -0.46684450052756477,
                -0.3329129658345079,
                0.15000000000000002
            ],
            "start_quat": [
                0.007817585566840552,
                0.0,
                0.0,
                0.9999694422110633
            ]
        },
        {
            "goal_pos": [
                -0.09224943722629954,
                -0.318134420674108,
                0.085
            ],
            "goal_quat": [
                0.49690099331706716,
                0.0,
                0.0,
                0.8678072382969112
            ],
            "shape": [
                0.1,
                0.11,
                0.07
            ],
            "start_pos": [
                -0.33572852833243766,
                -0.4571367342874061,
                0.085
            ],
            "start_quat": [
                0.7261397682181473,
                -0.0,
                -0.0,
                -0.6875471162124784
            ]
        }
    ]
}