{
    "objects": [
        {
            "goal_pos": [
                1.0067257234305398,
                -0.5326703516494659,
                0.07500000000000001
            ],
            "goal_quat": [
                0.7325460101259276,
                0.0,
                0.0,
                0.6807175207445335
            ],
            "shape": [
                0.03,
                0.3,
                0.05
            ],
            "start_pos": [
                0.3791695896962465,
                0.33746950908555495,
                0.15100000000000002
            ],
            "start_quat": [
                0.7978524610063754,
                -0.0,
                -0.0,
                -0.6028527601878175
            ]
        },
        {
            "goal_pos": [
                0.2648045340882573,
                -0.9668780188370694,
                0.07500000000000001
            ],
            "goal_quat": [
                0.4781091178499074,
                -0.0,
                -0.0,
                -0.8783004448528894
            ],
            "shape": [
                0.03,
                0.3,
                0.05
            ],
            "start_pos": [
                -0.40143407871461967,
                0.3151426977956101,
                0.551
            ],
            "start_quat": [
                0.7554555631775012,
                -0.0,
                -0.0,
                -0.655199887106343
            ]
        },
        {
            "goal_pos": [
                -0.31867732529381804,
                -0.8501185938681326,
                0.07500000000000001
            ],
            "goal_quat": [
                0.9604705163199576,
                -0.0,
                -0.0,
                -0.27838172942934675
            ],
            "shape": [
                0.03,
                0.3,
                0.05
            ],
            "start_pos": [
                -0.009834952446083891,
                0.33356185076749884,
                0.15100000000000002
            ],
            "start_quat": [
                0.1734366024229711,
                -0.0,
                -0.0,
                -0.9848450360031147
            ]
        }
    ]
}