{
    "objects": [
        {
            "goal_pos": [
                -0.9738080152441525,
                -0.6374742795856523,
                0.07500000000000001
            ],
            "goal_quat": [
                0.3587054444376961,
                -0.0,
                -0.0,
                -0.9334508043441576
            ],
            "shape": [
                0.03,
                0.3,
                0.05
            ],
            "start_pos": [
                0.3959699027408367,
                0.31193355912138687,
                0.15100000000000002
            ],
            "start_quat": [
                0.5014833794226699,
                -0.0,
                -0.0,
                -0.8651672787171383
            ]
        },
        {
            "goal_pos": [
                0.6052432201328488,
                -0.8672883006590362,
                0.07500000000000001
            ],
            "goal_quat": [
                0.9718017473774482,
                -0.0,
                -0.0,
                -0.23579941432102483
            ],
            "shape": [
                0.03,
                0.3,
                0.05
            ],
            "start_pos": [
                -0.4154806536508067,
                0.3279956243012079,
                0.551
            ],
            "start_quat": [
                0.4010739522504949,
                -0.0,
                -0.0,
                -0.9160456783513405
            ]
        }
    ]
}