{
    "objects": [
        {
            "goal_pos": [
                -0.9558592953309798,
                -0.6955803169261868,
                0.07500000000000001
            ],
            "goal_quat": [
                0.9951531410635465,
                0.0,
                0.0,
                0.09833730640686257
            ],
            "shape": [
                0.03,
                0.3,
                0.05
            ],
            "start_pos": [
                0.4060983559349864,
                0.3162306551857966,
                0.15100000000000002
            ],
            "start_quat": [
                0.8335718794772871,
                -0.0,
                -0.0,
                -0.5524110079865383
            ]
        },
        {
            "goal_pos": [
                0.8925872993485217,
                -0.5158367226121253,
                0.07500000000000001
            ],
            "goal_quat": [
                0.9999995660066829,
                -0.0,
                -0.0,
                -0.0009316579017090798
            ],
            "shape": [
                0.03,
                0.3,
                0.05
            ],
            "start_pos": [
                -0.4151143931105383,
                0.31399597849553307,
                0.551
            ],
            "start_quat": [
                0.21648090101122597,
                -0.0,
                -0.0,
                -0.9762868530802654
            ]
        },
        {
            "goal_pos": [
                0.1812920838858707,
                -0.8546147340909556,
                0.07500000000000001
            ],
            "goal_quat": [
                0.7442221946799824,
                0.0,
                0.0,
                0.6679321260021189
            ],
            "shape": [
                0.03,
                0.3,
                0.05
            ],
            "start_pos": [
                0.013941247496274393,
                0.3174247759379734,
                0.15100000000000002
            ],
            "start_quat": [
                0.19748920951152582,
                0.0,
                0.0,
                0.9803050607471699
            ]
        }
    ]
}