{
    "objects": [
        {
            "goal_pos": [
                -0.0040230788309962295,
                -0.660350423775133,
                0.07500000000000001
            ],
            "goal_quat": [
                0.9992596406681999,
                0.0,
                0.0,
                0.038472984439213785
            ],
            "shape": [
                0.03,
                0.3,
                0.05
            ],
            "start_pos": [
                0.40134357126608255,
                0.34890547369149666,
                0.15100000000000002
            ],
            "start_quat": [
                0.9178098752680481,
                0.0,
                0.0,
                0.39702019200596084
            ]
        },
        {
            "goal_pos": [
                0.13720552671644698,
                -0.933903387207188,
                0.07500000000000001
            ],
            "goal_quat": [
                0.9275019356404196,
                0.0,
                0.0,
                0.3738183507845422
            ],
            "shape": [
                0.03,
                0.3,
                0.05
            ],
            "start_pos": [
                -0.3981711160260519,
                0.30001521486420946,
                0.551
            ],
            "start_quat": [
                0.9912162537233559,
                -0.0,
                -0.0,
                -0.1322510429245673
            ]
        },
        {
            "goal_pos": [
                -1.0298877510798923,
                -0.5447950556606931,
                0.07500000000000001
            ],
            "goal_quat": [
                0.7598397105104332,
                0.0,
                0.0,
                0.6501104631763905
            ],
            "shape": [
                0.03,
                0.3,
                0.05
            ],
            "start_pos": [
                0.015798964368802904,
                0.257286042993377,
                0.15100000000000002
            ],
            "start_quat": [
                0.9968576409790563,
                -0.0,
                -0.0,
                -0.07921391053136353
            ]
        }
    ]
}