{
    "objects": [
        {
            "goal_pos": [
                -0.616804036797865,
                -0.6406226541482317,
                0.185
            ],
            "goal_quat": [
                0.0855280072775457,
                0.0,
                0.0,
                0.9963357666826641
            ],
            "shape": [
                0.08,
                0.29,
                0.27
            ],
            "start_pos": [
                -0.31475735394796434,
                -0.4593670982804279,
                0.185
            ],
            "start_quat": [
                0.9929760100142939,
                0.0,
                0.0,
                0.11831586341692657
            ]
        },
        {
            "goal_pos": [
                0.5795927278192898,
                -0.419905761588365,
                0.10500000000000001
            ],
            "goal_quat": [
                0.5263724391529507,
                -0.0,
                -0.0,
                -0.8502541121924511
            ],
            "shape": [
                0.2,
                0.15,
                0.11
            ],
            "start_pos": [
                0.24358400370500882,
                -0.5046293976993128,
                0.10500000000000001
            ],
            "start_quat": [
                0.8297152556054593,
                -0.0,
                -0.0,
                -0.5581868814434527
            ]
        }
    ]
}