{
    "objects": [
        {
            "goal_pos": [
                -0.4729203082614899,
                0.311800079695484,
                0.22999999999999998
            ],
            "goal_quat": [
                0.8463029350065002,
                0.0,
                0.0,
                0.5327019262208308
            ],
            "shape": [
                0.38,
                0.16,
                0.36
            ],
            "start_pos": [
                -0.875285138470627,
                -0.567073247252444,
                0.22999999999999998
            ],
            "start_quat": [
                0.7348452531067751,
                0.0,
                0.0,
                0.6782348074129193
            ]
        },
        {
            "goal_pos": [
                0.6275102003501242,
                -0.06745987855582591,
                0.22999999999999998
            ],
            "goal_quat": [
                0.9451769524836895,
                -0.0,
                -0.0,
                -0.3265586141776778
            ],
            "shape": [
                0.25,
                0.09,
                0.36
            ],
            "start_pos": [
                -0.4503435224782358,
                -0.7986973824935547,
                0.22999999999999998
            ],
            "start_quat": [
                0.7217505280023043,
                -0.0,
                -0.0,
                -0.6921532888951658
            ]
        }
    ]
}