{
    "objects": [
        {
            "goal_pos": [
                0.9640993661772772,
                -0.40434051247939895,
                0.07500000000000001
            ],
            "goal_quat": [
                0.8531372159240979,
                0.0,
                0.0,
                0.5216865829262615
            ],
            "shape": [
                0.03,
                0.3,
                0.05
            ],
            "start_pos": [
                0.40707396183205014,
                0.2798118192862349,
                0.15100000000000002
            ],
            "start_quat": [
                0.4161455283618157,
                -0.0,
                -0.0,
                -0.9092980255254408
            ]
        },
        {
            "goal_pos": [
                -0.9321659404136078,
                -0.5390604221405859,
                0.07500000000000001
            ],
            "goal_quat": [
                0.5163047067991398,
                0.0,
                0.0,
                0.8564049566280278
            ],
            "shape": [
                0.03,
                0.3,
                0.05
            ],
            "start_pos": [
                -0.3858444319272787,
                0.27094358734116664,
                0.551
            ],
            "start_quat": [
                0.6112561529081882,
                0.0,
                0.0,
                0.7914328243962855
            ]
        }
    ]
}