{
    "objects": [
        {
            "goal_pos": [
                1.0073907640296023,
                -0.4649378605323996,
                0.07500000000000001
            ],
            "goal_quat": [
                0.46579460079040286,
                -0.0,
                -0.0,
                -0.8848928691511245
            ],
            "shape": [
                0.03,
                0.3,
                0.05
            ],
            "start_pos": [
                0.4030671432876255,
                0.3153086954252451,
                0.15100000000000002
            ],
            "start_quat": [
                0.8368081038084784,
                0.0,
                0.0,
                0.5474962989833437
            ]
        },
        {
            "goal_pos": [
                -1.0548433735950353,
                -0.343764378285307,
                0.07500000000000001
            ],
            "goal_quat": [
                0.617335025946221,
                0.0,
                0.0,
                0.7867003659208369
            ],
            "shape": [
                0.03,
                0.3,
                0.05
            ],
            "start_pos": [
                -0.4148572092165618,
                0.3133244455914088,
                0.551
            ],
            "start_quat": [
                0.863119834083414,
                0.0,
                0.0,
                0.5049991604070446
            ]
        },
        {
            "goal_pos": [
                0.007272086280128542,
                -0.7939361322755534,
                0.07500000000000001
            ],
            "goal_quat": [
                0.4560659397280765,
                0.0,
                0.0,
                0.8899459863497035
            ],
            "shape": [
                0.03,
                0.3,
                0.05
            ],
            "start_pos": [
                0.000509543232157527,
                0.2999342482329829,
                0.15100000000000002
            ],
            "start_quat": [
                0.9819880077715276,
                0.0,
                0.0,
                0.1889432523084808
            ]
        },
        {
            "goal_pos": [
                -0.7867038902995128,
                -0.7364535238432502,
                0.07500000000000001
            ],
            "goal_quat": [
                0.6801379592456527,
                0.0,
                0.0,
                0.7330841400502119
            ],
            "shape": [
                0.03,
                0.3,
                0.05
            ],
            "start_pos": [
                0.011008479717000412,
                0.2523343530552331,
                0.551
            ],
            "start_quat": [
                0.6903488442367167,
                0.0,
                0.0,
                0.7234766570256634
            ]
        }
    ]
}