{
    "objects": [
        {
            "goal_pos": [
                -1.007744557330161,
                -0.8279537305267144,
                0.10500000000000001
            ],
            "goal_quat": [
                0.5237028810137022,
                -0.0,
                -0.0,
                -0.8519009874498022
            ],
            "shape": [
                0.18,
                0.11,
                0.11
            ],
            "start_pos": [
                0.6668701236497908,
                -1.0003223018837661,
                0.10500000000000001
            ],
            "start_quat": [
                0.9863704320354437,
                0.0,
                0.0,
                0.16453987603682033
            ]
        },
        {
            "goal_pos": [
                -1.180327859036796,
                0.6355127404256199,
                0.15000000000000002
            ],
            "goal_quat": [
                0.9523236003001199,
                0.0,
                0.0,
                0.3050897577950094
            ],
            "shape": [
                0.09,
                0.12,
                0.2
            ],
            "start_pos": [
                -0.010399858844486687,
                -0.43613488969084285,
                0.15000000000000002
            ],
            "start_quat": [
                0.9839604386687051,
                -0.0,
                -0.0,
                -0.17838681323149858
            ]
        },
        {
            "goal_pos": [
                1.1698486447162297,
                0.43391869964850593,
                0.14500000000000002
            ],
            "goal_quat": [
                0.5845645075892729,
                0.0,
                0.0,
                0.8113472354466433
            ],
            "shape": [
                0.06,
                0.14,
                0.19
            ],
            "start_pos": [
                0.24337731593730716,
                -0.538085902477379,
                0.14500000000000002
            ],
            "start_quat": [
                0.1923690377987326,
                -0.0,
                -0.0,
                -0.981322655040833
            ]
        },
        {
            "goal_pos": [
                -0.9017340909868142,
                -0.0774668603012642,
                0.115
            ],
            "goal_quat": [
                0.855898864611503,
                -0.0,
                -0.0,
                -0.5171432427836026
            ],
            "shape": [
                0.19,
                0.07,
                0.13
            ],
            "start_pos": [
                0.028357101085132896,
                -0.7595926932040336,
                0.115
            ],
            "start_quat": [
                0.4820817089303671,
                0.0,
                0.0,
                0.8761262614000204
            ]
        }
    ]
}