{
    "objects": [
        {
            "goal_pos": [
                -0.5346417832704841,
                -0.8160437979021391,
                0.07500000000000001
            ],
            "goal_quat": [
                0.8266429181217367,
                -0.0,
                -0.0,
                -0.5627268306373703
            ],
            "shape": [
                0.03,
                0.3,
                0.05
            ],
            "start_pos": [
                0.40268041670139454,
                0.28005500113676735,
                0.15100000000000002
            ],
            "start_quat": [
                0.6934937990883783,
                0.0,
                0.0,
                0.720462594883293
            ]
        },
        {
            "goal_pos": [
                -1.0200655358738557,
                -0.3052443100227678,
                0.07500000000000001
            ],
            "goal_quat": [
                0.3793018653449898,
                0.0,
                0.0,
                0.9252729840138051
            ],
            "shape": [
                0.03,
                0.3,
                0.05
            ],
            "start_pos": [
                -0.4231738151672573,
                0.33325821240636655,
                0.551
            ],
            "start_quat": [
                0.852569433606896,
                -0.0,
                -0.0,
                -0.5226139692729391
            ]
        },
        {
            "goal_pos": [
                0.9548147562423719,
                -0.5177932565716697,
                0.07500000000000001
            ],
            "goal_quat": [
                0.4300848926680772,
                0.0,
                0.0,
                0.9027884498035453
            ],
            "shape": [
                0.03,
                0.3,
                0.05
            ],
            "start_pos": [
                -0.00787633263432935,
                0.25788818413914927,
                0.15100000000000002
            ],
            "start_quat": [
                0.5991621594348743,
                0.0,
                0.0,
                0.8006276954373601
            ]
        }
    ]
}