{
    "objects": [
        {
            "goal_pos": [
                1.0310800306688945,
                0.11185331718552338,
                0.115
            ],
            "goal_quat": [
                0.751143473042563,
                0.0,
                0.0,
                0.6601389875666762
            ],
            "shape": [
                0.14,
                0.19,
                0.13
            ],
            "start_pos": [
                0.1316664318251372,
                -0.2732004191431041,
                0.115
            ],
            "start_quat": [
                0.8629815913219284,
                0.0,
                0.0,
                0.5052353640032259
            ]
        },
        {
            "goal_pos": [
                1.2154815389677602,
                -0.1757900176341633,
                0.12000000000000001
            ],
            "goal_quat": [
                0.8754792655902578,
                -0.0,
                -0.0,
                -0.48325568338255775
            ],
            "shape": [
                0.18,
                0.1,
                0.14
            ],
            "start_pos": [
                -0.28572242475644577,
                -0.7969964017121841,
                0.12000000000000001
            ],
            "start_quat": [
                0.8050721027404178,
                -0.0,
                -0.0,
                -0.5931769629622531
            ]
        }
    ]
}