{
    "objects": [
        {
            "goal_pos": [
                -0.7541674039739699,
                -0.8872771256124468,
                0.07500000000000001
            ],
            "goal_quat": [
                0.08158442672380845,
                -0.0,
                -0.0,
                -0.9966664343280291
            ],
            "shape": [
                0.03,
                0.3,
                0.05
            ],
            "start_pos": [
                0.40327211932838064,
                0.2638109696449151,
                0.15100000000000002
            ],
            "start_quat": [
                0.021151801660900103,
                -0.0,
                -0.0,
                -0.9997762756169492
            ]
        },
        {
            "goal_pos": [
                0.6355263597268895,
                -0.896257908576692,
                0.07500000000000001
            ],
            "goal_quat": [
                0.24207026518343416,
                0.0,
                0.0,
                0.9702587215346337
            ],
            "shape": [
                0.03,
                0.3,
                0.05
            ],
            "start_pos": [
                -0.3928170526307857,
                0.3120185873031521,
                0.551
            ],
            "start_quat": [
                0.7725582409345324,
                0.0,
                0.0,
                0.6349439064705961
            ]
        }
    ]
}