{
    "objects": [
        {
            "goal_pos": [
                0.31743264130859256,
                -0.4925374327475086,
                0.14
            ],
            "goal_quat": [
                0.3536540773314444,
                -0.0,
                -0.0,
                -0.9353762844902819
            ],
            "shape": [
                0.18,
                0.13,
                0.18
            ],
            "start_pos": [
                0.019239317397763356,
                -0.3424630307993738,
                0.14
            ],
            "start_quat": [
                0.7447240014051361,
                -0.0,
                -0.0,
                -0.6673725808955017
            ]
        }
    ]
}