{
    "objects": [
        {
            "goal_pos": [
                0.8993440423786692,
                -0.6822077070071002,
                0.07500000000000001
            ],
            "goal_quat": [
                0.9539941721970591,
                0.0,
                0.0,
                0.299825148068083
            ],
            "shape": [
                0.03,
                0.3,
                0.05
            ],
            "start_pos": [
                0.40805661248485775,
                0.34183085809081326,
                0.15100000000000002
            ],
            "start_quat": [
                0.9729261249512011,
                -0.0,
                -0.0,
                -0.23111632436381413
            ]
        },
        {
            "goal_pos": [
                -1.0807290263371656,
                -0.35158022180793475,
                0.07500000000000001
            ],
            "goal_quat": [
                0.34745425905193544,
                0.0,
                0.0,
                0.9376969328448668
            ],
            "shape": [
                0.03,
                0.3,
                0.05
            ],
            "start_pos": [
                -0.40651266158063637,
                0.27913378108506787,
                0.551
            ],
            "start_quat": [
                0.7655964596293372,
                0.0,
                0.0,
                0.6433211181074538
            ]
        }
    ]
}