{
    "objects": [
        {
            "goal_pos": [
                1.00575949935086,
                -0.18707130816593687,
                0.095
            ],
            "goal_quat": [
                0.0420082908687105,
                0.0,
                0.0,
                0.9991172621360767
            ],
            "shape": [
                0.07,
                0.08,
                0.09
            ],
            "start_pos": [
                -0.15884790893178358,
                -0.7853955434227884,
                0.095
            ],
            "start_quat": [
                0.28251274409764715,
                0.0,
                0.0,
                0.9592635453421637
            ]
        },
        {
            "goal_pos": [
                -0.9287487918449995,
                -0.46900567126544435,
                0.095
            ],
            "goal_quat": [
                0.2744984622634345,
                0.0,
                0.0,
                0.9615875385085904
            ],
            "shape": [
                0.17,
                0.05,
                0.09
            ],
            "start_pos": [
                0.06352890374506448,
                -0.371058468864085,
                0.095
            ],
            "start_quat": [
                0.6948221467949132,
                -0.0,
                -0.0,
                -0.7191816073310747
            ]
        },
        {
            "goal_pos": [
                -0.8280932700456928,
                0.10377938804654063,
                0.085
            ],
            "goal_quat": [
                0.13145654350344177,
                0.0,
                0.0,
                0.9913219341718046
            ],
            "shape": [
                0.13,
                0.07,
                0.07
            ],
            "start_pos": [
                0.12432718494711348,
                0.2546957454987068,
                0.085
            ],
            "start_quat": [
                0.07653065514264819,
                -0.0,
                -0.0,
                -0.9970672288383753
            ]
        }
    ]
}