{
    "objects": [
        {
            "goal_pos": [
                0.03752188732933669,
                -0.33190108895411474,
                0.12000000000000001
            ],
            "goal_quat": [
                0.863648618210167,
                -0.0,
                -0.0,
                -0.5040943009632911
            ],
            "shape": [
                0.28,
                0.1,
                0.14
            ],
            "start_pos": [
                0.4886019013087162,
                -0.563046420020259,
                0.12000000000000001
            ],
            "start_quat": [
                0.3515407338171427,
                0.0,
                0.0,
                0.9361725869022789
            ]
        },
        {
            "goal_pos": [
                -0.7611957158250842,
                -0.718918584158999,
                0.125
            ],
            "goal_quat": [
                0.40507643646197333,
                0.0,
                0.0,
                0.914282823104136
            ],
            "shape": [
                0.07,
                0.23,
                0.15
            ],
            "start_pos": [
                -0.5332609865869521,
                -0.5336132998930104,
                0.125
            ],
            "start_quat": [
                0.9988459702219513,
                -0.0,
                -0.0,
                -0.04802840587994591
            ]
        }
    ]
}