{
    "objects": [
        {
            "goal_pos": [
                -0.6260655889573268,
                -0.5330719050576462,
                0.185
            ],
            "goal_quat": [
                0.1849595881423533,
                0.0,
                0.0,
                0.9827461273158044
            ],
            "shape": [
                0.28,
                0.26,
                0.27
            ],
            "start_pos": [
                0.5393705920110777,
                -0.5097399055135442,
                0.185
            ],
            "start_quat": [
                0.9955933337555075,
                0.0,
                0.0,
                0.09377586993248682
            ]
        }
    ]
}