{
    "objects": [
        {
            "goal_pos": [
                -1.0027624483652136,
                -0.3233369586091629,
                0.07500000000000001
            ],
            "goal_quat": [
                0.3282811850630016,
                0.0,
                0.0,
                0.9445800461229484
            ],
            "shape": [
                0.03,
                0.3,
                0.05
            ],
            "start_pos": [
                0.4186884905073055,
                0.33778334553585143,
                0.15100000000000002
            ],
            "start_quat": [
                0.399065513352775,
                -0.0,
                -0.0,
                -0.9169224155033435
            ]
        },
        {
            "goal_pos": [
                -0.44209407147232876,
                -0.8769832474092574,
                0.07500000000000001
            ],
            "goal_quat": [
                0.7761507115063928,
                -0.0,
                -0.0,
                -0.630547439157531
            ],
            "shape": [
                0.03,
                0.3,
                0.05
            ],
            "start_pos": [
                -0.39019705835153196,
                0.3024103574678508,
                0.551
            ],
            "start_quat": [
                0.7068784813215111,
                -0.0,
                -0.0,
                -0.7073350073653883
            ]
        },
        {
            "goal_pos": [
                -0.017891743558776263,
                -0.768192874221099,
                0.07500000000000001
            ],
            "goal_quat": [
                0.9811483350783486,
                0.0,
                0.0,
                0.19325616309185192
            ],
            "shape": [
                0.03,
                0.3,
                0.05
            ],
            "start_pos": [
                -0.0010037957464012967,
                0.2935210976923769,
                0.15100000000000002
            ],
            "start_quat": [
                0.8675881915238908,
                -0.0,
                -0.0,
                -0.49728334973966776
            ]
        }
    ]
}