{
    "objects": [
        {
            "goal_pos": [
                0.6008520647538448,
                -0.5454804821591621,
                0.1
            ],
            "goal_quat": [
                0.5927688615763264,
                0.0,
                0.0,
                0.8053726322302652
            ],
            "shape": [
                0.2,
                0.31,
                0.1
            ],
            "start_pos": [
                -0.5939999761866159,
                -0.5390179629120001,
                0.1
            ],
            "start_quat": [
                0.7032039586687764,
                0.0,
                0.0,
                0.710988180290335
            ]
        },
        {
            "goal_pos": [
                0.23571148578925732,
                -0.4440022071909452,
                0.115
            ],
            "goal_quat": [
                0.9581192159390222,
                -0.0,
                -0.0,
                -0.286369635346336
            ],
            "shape": [
                0.23,
                0.16,
                0.13
            ],
            "start_pos": [
                -0.05601988161148869,
                -0.30706197547580194,
                0.115
            ],
            "start_quat": [
                0.5034266594629158,
                0.0,
                0.0,
                0.8640379612852722
            ]
        }
    ]
}