{
    "objects": [
        {
            "goal_pos": [
                0.3401583554455906,
                -0.9035216886414947,
                0.07500000000000001
            ],
            "goal_quat": [
                0.9381591923238805,
                0.0,
                0.0,
                0.3462041736579794
            ],
            "shape": [
                0.03,
                0.3,
                0.05
            ],
            "start_pos": [
                0.3963274237998512,
                0.3326923923456081,
                0.15100000000000002
            ],
            "start_quat": [
                0.9922615777164957,
                -0.0,
                -0.0,
                -0.12416505703123909
            ]
        },
        {
            "goal_pos": [
                -0.920856167430217,
                -0.4960764930890178,
                0.07500000000000001
            ],
            "goal_quat": [
                0.4255656247556657,
                -0.0,
                -0.0,
                -0.904927565624078
            ],
            "shape": [
                0.03,
                0.3,
                0.05
            ],
            "start_pos": [
                -0.3993091334145063,
                0.3246784799840221,
                0.551
            ],
            "start_quat": [
                0.9995108154608593,
                -0.0,
                -0.0,
                -0.03127506637511796
            ]
        },
        {
            "goal_pos": [
                0.8552487680251006,
                -0.5648035205305462,
                0.07500000000000001
            ],
            "goal_quat": [
                0.9740724900074723,
                0.0,
                0.0,
                0.22623612490193254
            ],
            "shape": [
                0.03,
                0.3,
                0.05
            ],
            "start_pos": [
                -0.010861593596360672,
                0.31410445139923765,
                0.15100000000000002
            ],
            "start_quat": [
                0.260974621209772,
                -0.0,
                -0.0,
                -0.9653456619700614
            ]
        },
        {
            "goal_pos": [
                -0.7590278855471659,
                -0.8833168231285566,
                0.07500000000000001
            ],
            "goal_quat": [
                0.66185726556033,
                0.0,
                0.0,
                0.749629882025125
            ],
            "shape": [
                0.03,
                0.3,
                0.05
            ],
            "start_pos": [
                0.017600445846551134,
                0.26503226323449075,
                0.551
            ],
            "start_quat": [
                0.9922026584099687,
                0.0,
                0.0,
                0.12463500569338824
            ]
        }
    ]
}