{
    "objects": [
        {
            "goal_pos": [
                -1.1210841083298146,
                0.6671667250374838,
                0.135
            ],
            "goal_quat": [
                0.9991819693153123,
                0.0,
                0.0,
                0.04043998263073639
            ],
            "shape": [
                0.14,
                0.05,
                0.17
            ],
            "start_pos": [
                0.22260377501052242,
                0.18956688080768447,
                0.135
            ],
            "start_quat": [
                0.6923087646853374,
                0.0,
                0.0,
                0.72160139574412
            ]
        },
        {
            "goal_pos": [
                1.2609790660318945,
                -0.38610540717923325,
                0.125
            ],
            "goal_quat": [
                0.372950387577342,
                -0.0,
                -0.0,
                -0.9278512857165799
            ],
            "shape": [
                0.08,
                0.11,
                0.15
            ],
            "start_pos": [
                0.2126866972513593,
                -0.41218427670821767,
                0.125
            ],
            "start_quat": [
                0.7946658095211333,
                0.0,
                0.0,
                0.6070471572935021
            ]
        }
    ]
}