{
    "objects": [
        {
            "goal_pos": [
                0.17470727417065202,
                -0.37403473828704137,
                0.21500000000000002
            ],
            "goal_quat": [
                0.03265830107246837,
                -0.0,
                -0.0,
                -0.9994665754146359
            ],
            "shape": [
                0.26,
                0.22,
                0.33
            ],
            "start_pos": [
                0.6371635003059353,
                -0.6890331670308306,
                0.21500000000000002
            ],
            "start_quat": [
                0.11823188119181213,
                -0.0,
                -0.0,
                -0.9929860131290094
            ]
        },
        {
            "goal_pos": [
                -0.0803749402256665,
                -0.2761802366936612,
                0.21500000000000002
            ],
            "goal_quat": [
                0.716764511663526,
                0.0,
                0.0,
                0.6973153051667138
            ],
            "shape": [
                0.05,
                0.16,
                0.33
            ],
            "start_pos": [
                -0.5535233958931545,
                -0.651754960673105,
                0.21500000000000002
            ],
            "start_quat": [
                0.5954631569005578,
                0.0,
                0.0,
                0.8033826166740363
            ]
        }
    ]
}