{
    "objects": [
        {
            "goal_pos": [
                0.3930074360812785,
                -0.3504246524630299,
                0.175
            ],
            "goal_quat": [
                0.1777846657308186,
                -0.0,
                -0.0,
                -0.9840694145389243
            ],
            "shape": [
                0.27,
                0.15,
                0.25
            ],
            "start_pos": [
                -0.7465125685003988,
                -0.6690680623625769,
                0.175
            ],
            "start_quat": [
                0.85172325878437,
                0.0,
                0.0,
                0.5239918801333976
            ]
        },
        {
            "goal_pos": [
                0.006393631111496184,
                -0.37464733104988623,
                0.22000000000000003
            ],
            "goal_quat": [
                0.9555428814384419,
                -0.0,
                -0.0,
                -0.29485216928542285
            ],
            "shape": [
                0.32,
                0.15,
                0.34
            ],
            "start_pos": [
                -0.3986694969460381,
                -0.39835140638433963,
                0.22000000000000003
            ],
            "start_quat": [
                0.1507666007052285,
                -0.0,
                -0.0,
                -0.9885693865944819
            ]
        }
    ]
}