{
    "objects": [
        {
            "goal_pos": [
                0.6614108606166857,
                -0.7934628836591444,
                0.07500000000000001
            ],
            "goal_quat": [
                0.9849134329309709,
                -0.0,
                -0.0,
                -0.17304776690882206
            ],
            "shape": [
                0.03,
                0.3,
                0.05
            ],
            "start_pos": [
                0.3798419175269419,
                0.29373755346135366,
                0.15100000000000002
            ],
            "start_quat": [
                0.481277172606102,
                -0.0,
                -0.0,
                -0.8765684703023925
            ]
        },
        {
            "goal_pos": [
                -0.980533367529426,
                -0.428003957615375,
                0.07500000000000001
            ],
            "goal_quat": [
                0.6256459008001335,
                0.0,
                0.0,
                0.780107176490506
            ],
            "shape": [
                0.03,
                0.3,
                0.05
            ],
            "start_pos": [
                -0.41585091852873646,
                0.2545566791950348,
                0.551
            ],
            "start_quat": [
                0.16001654531983717,
                -0.0,
                -0.0,
                -0.987114332397167
            ]
        },
        {
            "goal_pos": [
                -0.04698760593391982,
                -0.7997489784963389,
                0.07500000000000001
            ],
            "goal_quat": [
                0.6675727550218294,
                0.0,
                0.0,
                0.7445445700242294
            ],
            "shape": [
                0.03,
                0.3,
                0.05
            ],
            "start_pos": [
                0.012772446256554756,
                0.3149454098121865,
                0.15100000000000002
            ],
            "start_quat": [
                0.9577226763165733,
                -0.0,
                -0.0,
                -0.28769302262832225
            ]
        }
    ]
}