{
    "objects": [
        {
            "goal_pos": [
                1.0747844109296194,
                -0.44649235533610676,
                0.07500000000000001
            ],
            "goal_quat": [
                0.9077195065403535,
                -0.0,
                -0.0,
                -0.41957752257018865
            ],
            "shape": [
                0.03,
                0.3,
                0.05
            ],
            "start_pos": [
                0.38261058444964335,
                0.2762481415666426,
                0.15100000000000002
            ],
            "start_quat": [
                0.9259791881460625,
                0.0,
                0.0,
                0.3775745530625163
            ]
        },
        {
            "goal_pos": [
                -1.0049507922697507,
                -0.6030576057404393,
                0.07500000000000001
            ],
            "goal_quat": [
                0.7644414840156328,
                -0.0,
                -0.0,
                -0.6446931188681766
            ],
            "shape": [
                0.03,
                0.3,
                0.05
            ],
            "start_pos": [
                -0.3811794376444492,
                0.25755163669240494,
                0.551
            ],
            "start_quat": [
                0.4156408781538653,
                -0.0,
                -0.0,
                -0.9095288123019983
            ]
        },
        {
            "goal_pos": [
                -0.07251111924739428,
                -0.8378429602966737,
                0.07500000000000001
            ],
            "goal_quat": [
                0.06298926858900278,
                -0.0,
                -0.0,
                -0.9980142043290879
            ],
            "shape": [
                0.03,
                0.3,
                0.05
            ],
            "start_pos": [
                -0.01798537774851742,
                0.3246143187232665,
                0.15100000000000002
            ],
            "start_quat": [
                0.07487528626548627,
                -0.0,
                -0.0,
                -0.9971929058645882
            ]
        },
        {
            "goal_pos": [
                0.6969572824084315,
                -0.7535129859442542,
                0.07500000000000001
            ],
            "goal_quat": [
                0.5410650435640139,
                0.0,
                0.0,
                0.8409807480751695
            ],
            "shape": [
                0.03,
                0.3,
                0.05
            ],
            "start_pos": [
                -0.023755317555412048,
                0.2629198974039783,
                0.551
            ],
            "start_quat": [
                0.9804138333169107,
                -0.0,
                -0.0,
                -0.1969485096182273
            ]
        }
    ]
}