{
    "objects": [
        {
            "goal_pos": [
                0.4253971783848115,
                -0.9365358572543283,
                0.14
            ],
            "goal_quat": [
                0.8975182164762124,
                0.0,
                0.0,
                0.440977381611981
            ],
            "shape": [
                0.32,
                0.11,
                0.18
            ],
            "start_pos": [
                -0.41086944982907725,
                0.9554335834770818,
                0.14
            ],
            "start_quat": [
                0.4481446811581221,
                -0.0,
                -0.0,
                -0.8939610420760432
            ]
        },
        {
            "goal_pos": [
                -0.04711989291487134,
                -0.8086305248651461,
                0.245
            ],
            "goal_quat": [
                0.6376262725869881,
                -0.0,
                -0.0,
                -0.7703458551240631
            ],
            "shape": [
                0.29,
                0.25,
                0.39
            ],
            "start_pos": [
                -0.8865226747493249,
                0.6145949774468502,
                0.245
            ],
            "start_quat": [
                0.3813971428218915,
                0.0,
                0.0,
                0.9244112826265686
            ]
        },
        {
            "goal_pos": [
                0.8611808341825695,
                -0.6771816639370097,
                0.245
            ],
            "goal_quat": [
                0.5823287249958381,
                -0.0,
                -0.0,
                -0.8129534156670489
            ],
            "shape": [
                0.07,
                0.38,
                0.39
            ],
            "start_pos": [
                0.9493362763130109,
                -0.1742231732661227,
                0.245
            ],
            "start_quat": [
                0.00302732813082958,
                0.0,
                0.0,
                0.9999954176316951
            ]
        }
    ]
}