{
    "objects": [
        {
            "goal_pos": [
                0.5704220135667291,
                -0.48991710447951137,
                0.185
            ],
            "goal_quat": [
                0.19419005825606783,
                -0.0,
                -0.0,
                -0.9809639245530414
            ],
            "shape": [
                0.14,
                0.27,
                0.27
            ],
            "start_pos": [
                0.26933395214382116,
                -0.4338638594228398,
                0.185
            ],
            "start_quat": [
                0.7825877991340151,
                0.0,
                0.0,
                0.622540228938322
            ]
        },
        {
            "goal_pos": [
                -0.35546545504212423,
                -0.5219431979896003,
                0.125
            ],
            "goal_quat": [
                0.18127188701294603,
                -0.0,
                -0.0,
                -0.9834330190606606
            ],
            "shape": [
                0.21,
                0.06,
                0.15
            ],
            "start_pos": [
                -0.5925571365703677,
                -0.5538865740802446,
                0.125
            ],
            "start_quat": [
                0.82422925559849,
                0.0,
                0.0,
                0.56625624430602
            ]
        }
    ]
}