{
    "objects": [
        {
            "goal_pos": [
                0.9488696166906946,
                0.8921997436915273,
                0.185
            ],
            "goal_quat": [
                0.23330440056983992,
                0.0,
                0.0,
                0.9724037518822867
            ],
            "shape": [
                0.28,
                0.13,
                0.27
            ],
            "start_pos": [
                0.2662570632550466,
                0.8964985785122515,
                0.185
            ],
            "start_quat": [
                0.5216143762412265,
                -0.0,
                -0.0,
                -0.8531813655363532
            ]
        },
        {
            "goal_pos": [
                0.24592970006647064,
                0.39065774117587626,
                0.18
            ],
            "goal_quat": [
                0.9716891188294589,
                -0.0,
                -0.0,
                -0.23626310831026875
            ],
            "shape": [
                0.21,
                0.31,
                0.26
            ],
            "start_pos": [
                0.5936071570756299,
                -1.1482503106318886,
                0.18
            ],
            "start_quat": [
                0.9969909990783726,
                0.0,
                0.0,
                0.07751740292804249
            ]
        },
        {
            "goal_pos": [
                0.7972387428385413,
                -0.4295080145718987,
                0.22500000000000003
            ],
            "goal_quat": [
                0.016982069775449797,
                -0.0,
                -0.0,
                -0.9998557942554225
            ],
            "shape": [
                0.18,
                0.23,
                0.35000000000000003
            ],
            "start_pos": [
                1.3565024851691483,
                0.4929715031751632,
                0.22500000000000003
            ],
            "start_quat": [
                0.4341571318922568,
                0.0,
                0.0,
                0.9008371577744169
            ]
        }
    ]
}