{
    "objects": [
        {
            "goal_pos": [
                0.4720497383333505,
                -0.835524015633401,
                0.07500000000000001
            ],
            "goal_quat": [
                0.9930844349024686,
                0.0,
                0.0,
                0.11740232175917395
            ],
            "shape": [
                0.03,
                0.3,
                0.05
            ],
            "start_pos": [
                0.4191289926843006,
                0.3081522456981529,
                0.15100000000000002
            ],
            "start_quat": [
                0.34333620930552305,
                -0.0,
                -0.0,
                -0.9392125677287938
            ]
        },
        {
            "goal_pos": [
                -0.9961064890692384,
                -0.5129038870102651,
                0.07500000000000001
            ],
            "goal_quat": [
                0.3620060396075679,
                -0.0,
                -0.0,
                -0.9321757491415683
            ],
            "shape": [
                0.03,
                0.3,
                0.05
            ],
            "start_pos": [
                -0.3924905762012838,
                0.29871376781012837,
                0.551
            ],
            "start_quat": [
                0.822371316857338,
                0.0,
                0.0,
                0.5689511553818375
            ]
        },
        {
            "goal_pos": [
                -0.3850972529089486,
                -0.8752730540533205,
                0.07500000000000001
            ],
            "goal_quat": [
                0.5886748827662922,
                0.0,
                0.0,
                0.8083698920668013
            ],
            "shape": [
                0.03,
                0.3,
                0.05
            ],
            "start_pos": [
                0.0007198817806801164,
                0.2889039990323308,
                0.15100000000000002
            ],
            "start_quat": [
                0.10461154695293358,
                -0.0,
                -0.0,
                -0.9945131594122394
            ]
        },
        {
            "goal_pos": [
                0.8496320283654302,
                -0.7916428389704958,
                0.07500000000000001
            ],
            "goal_quat": [
                0.9315207971311149,
                0.0,
                0.0,
                0.3636880593478596
            ],
            "shape": [
                0.03,
                0.3,
                0.05
            ],
            "start_pos": [
                0.00265364510257729,
                0.3108539244873571,
                0.551
            ],
            "start_quat": [
                0.5307902076133079,
                -0.0,
                -0.0,
                -0.8475032480774463
            ]
        }
    ]
}