{
    "objects": [
        {
            "goal_pos": [
                1.0331313534324345,
                -0.5840842175067072,
                0.07500000000000001
            ],
            "goal_quat": [
                0.9160752545099299,
                0.0,
                0.0,
                0.40100639405696165
            ],
            "shape": [
                0.03,
                0.3,
                0.05
            ],
            "start_pos": [
                0.41855670971510484,
                0.3236840095450253,
                0.15100000000000002
            ],
            "start_quat": [
                0.9726126510751723,
                -0.0,
                -0.0,
                -0.23243199213646382
            ]
        },
        {
            "goal_pos": [
                0.3347772061593089,
                -0.9460893153482508,
                0.07500000000000001
            ],
            "goal_quat": [
                0.17057061436548035,
                0.0,
                0.0,
                0.9853454549116176
            ],
            "shape": [
                0.03,
                0.3,
                0.05
            ],
            "start_pos": [
                -0.3921253722162116,
                0.30043251777009505,
                0.551
            ],
            "start_quat": [
                0.019246804607769678,
                -0.0,
                -0.0,
                -0.9998147630998406
            ]
        },
        {
            "goal_pos": [
                -0.9503365507721739,
                -0.6515370660017767,
                0.07500000000000001
            ],
            "goal_quat": [
                0.9988463791278459,
                -0.0,
                -0.0,
                -0.04801990111601213
            ],
            "shape": [
                0.03,
                0.3,
                0.05
            ],
            "start_pos": [
                0.0149604794097596,
                0.3320080018913754,
                0.15100000000000002
            ],
            "start_quat": [
                0.9609238731570325,
                0.0,
                0.0,
                0.2768127706535363
            ]
        },
        {
            "goal_pos": [
                0.7473415105434941,
                -0.8959827414491717,
                0.07500000000000001
            ],
            "goal_quat": [
                0.9238219845687395,
                0.0,
                0.0,
                0.3828223358523841
            ],
            "shape": [
                0.03,
                0.3,
                0.05
            ],
            "start_pos": [
                0.013811975146411214,
                0.3355180823069693,
                0.551
            ],
            "start_quat": [
                0.49560204703730687,
                -0.0,
                -0.0,
                -0.8685497170412475
            ]
        }
    ]
}