{
    "objects": [
        {
            "goal_pos": [
                0.921515060808171,
                -0.681299094096723,
                0.07500000000000001
            ],
            "goal_quat": [
                0.8539345816090721,
                0.0,
                0.0,
                0.5203803708174809
            ],
            "shape": [
                0.03,
                0.3,
                0.05
            ],
            "start_pos": [
                0.38924924001377065,
                0.2808842805835332,
                0.15100000000000002
            ],
            "start_quat": [
                0.11431302268797566,
                0.0,
                0.0,
                0.993444780973728
            ]
        },
        {
            "goal_pos": [
                -0.7047534227221861,
                -0.8358772593506465,
                0.07500000000000001
            ],
            "goal_quat": [
                0.853959936233934,
                0.0,
                0.0,
                0.5203387620649987
            ],
            "shape": [
                0.03,
                0.3,
                0.05
            ],
            "start_pos": [
                -0.3764800674223605,
                0.3158353983140497,
                0.551
            ],
            "start_quat": [
                0.5663613276557736,
                -0.0,
                -0.0,
                -0.824157052105962
            ]
        },
        {
            "goal_pos": [
                0.03013270436403781,
                -0.7679266989162179,
                0.07500000000000001
            ],
            "goal_quat": [
                0.28740580441349106,
                -0.0,
                -0.0,
                -0.9578089076582208
            ],
            "shape": [
                0.03,
                0.3,
                0.05
            ],
            "start_pos": [
                -0.019271510451366086,
                0.2937487925406638,
                0.15100000000000002
            ],
            "start_quat": [
                0.8990447984218215,
                -0.0,
                -0.0,
                -0.43785665511747823
            ]
        },
        {
            "goal_pos": [
                -0.3137835302439501,
                -0.9800592446529026,
                0.07500000000000001
            ],
            "goal_quat": [
                0.9619590260865604,
                -0.0,
                -0.0,
                -0.2731937629789457
            ],
            "shape": [
                0.03,
                0.3,
                0.05
            ],
            "start_pos": [
                0.013400675929551895,
                0.332895085854533,
                0.551
            ],
            "start_quat": [
                0.9914926664064185,
                0.0,
                0.0,
                0.13016256167689125
            ]
        }
    ]
}