{
    "objects": [
        {
            "goal_pos": [
                0.9099730069655388,
                -0.7140345906030547,
                0.07500000000000001
            ],
            "goal_quat": [
                0.1898307749955369,
                -0.0,
                -0.0,
                -0.9818168244966032
            ],
            "shape": [
                0.03,
                0.3,
                0.05
            ],
            "start_pos": [
                0.39568858507022825,
                0.2748454330824848,
                0.15100000000000002
            ],
            "start_quat": [
                0.980563681356179,
                0.0,
                0.0,
                0.19620108767592961
            ]
        },
        {
            "goal_pos": [
                0.05103654612252373,
                -0.7221529187591346,
                0.07500000000000001
            ],
            "goal_quat": [
                0.6721345428359986,
                0.0,
                0.0,
                0.7404290353076675
            ],
            "shape": [
                0.03,
                0.3,
                0.05
            ],
            "start_pos": [
                -0.3962364231966078,
                0.28571231088783094,
                0.551
            ],
            "start_quat": [
                0.8605204360138154,
                -0.0,
                -0.0,
                -0.5094159196595578
            ]
        }
    ]
}