{
    "objects": [
        {
            "goal_pos": [
                -0.3970872363378572,
                -0.40670224822917544,
                0.165
            ],
            "goal_quat": [
                0.12892429665906263,
                -0.0,
                -0.0,
                -0.9916544386685142
            ],
            "shape": [
                0.31,
                0.24,
                0.23
            ],
            "start_pos": [
                0.5174910242938673,
                -0.47269777917493117,
                0.165
            ],
            "start_quat": [
                0.6011827238995564,
                0.0,
                0.0,
                0.7991115895071912
            ]
        },
        {
            "goal_pos": [
                -0.6991197485727909,
                -0.6651367619057671,
                0.155
            ],
            "goal_quat": [
                0.9872019686379407,
                -0.0,
                -0.0,
                -0.1594749921378718
            ],
            "shape": [
                0.08,
                0.26,
                0.21
            ],
            "start_pos": [
                0.05624916029629112,
                -0.38768190460678653,
                0.155
            ],
            "start_quat": [
                0.33154188789552,
                -0.0,
                -0.0,
                -0.9434404997511366
            ]
        }
    ]
}