{
    "objects": [
        {
            "goal_pos": [
                -0.0540960386168922,
                -0.14618284979038199,
                0.155
            ],
            "goal_quat": [
                0.3196216418665465,
                -0.0,
                -0.0,
                -0.9475452527718837
            ],
            "shape": [
                0.32,
                0.19,
                0.21
            ],
            "start_pos": [
                0.5154600684294672,
                -0.8170645700926091,
                0.155
            ],
            "start_quat": [
                0.4996574499750068,
                0.0,
                0.0,
                0.866223084825424
            ]
        },
        {
            "goal_pos": [
                -1.0477532177056803,
                1.330547028345881,
                0.16999999999999998
            ],
            "goal_quat": [
                0.8880012406622524,
                0.0,
                0.0,
                0.45984105578156076
            ],
            "shape": [
                0.22,
                0.21,
                0.24
            ],
            "start_pos": [
                -0.6910192827271411,
                -1.050716543062923,
                0.16999999999999998
            ],
            "start_quat": [
                0.535650950290583,
                -0.0,
                -0.0,
                -0.8444394942521314
            ]
        },
        {
            "goal_pos": [
                0.535046557632103,
                0.2438309897425005,
                0.07500000000000001
            ],
            "goal_quat": [
                0.5400220910741531,
                -0.0,
                -0.0,
                -0.8416508427797712
            ],
            "shape": [
                0.24,
                0.18,
                0.05
            ],
            "start_pos": [
                -1.6603645755439456,
                0.43032767190377297,
                0.07500000000000001
            ],
            "start_quat": [
                0.6211970872224891,
                -0.0,
                -0.0,
                -0.7836543745978167
            ]
        }
    ]
}