{
    "objects": [
        {
            "goal_pos": [
                -0.3562054110991105,
                -0.41346325610465573,
                0.13
            ],
            "goal_quat": [
                0.7973001906628621,
                0.0,
                0.0,
                0.6035829735578728
            ],
            "shape": [
                0.22,
                0.28,
                0.16
            ],
            "start_pos": [
                0.23716859380447167,
                -0.3537703400715043,
                0.13
            ],
            "start_quat": [
                0.523361764221132,
                0.0,
                0.0,
                0.8521105936152562
            ]
        },
        {
            "goal_pos": [
                -0.5572748273685976,
                -0.6629252364647849,
                0.16
            ],
            "goal_quat": [
                0.9463081250256125,
                -0.0,
                -0.0,
                -0.3232660398348545
            ],
            "shape": [
                0.25,
                0.07,
                0.22
            ],
            "start_pos": [
                0.6076610545464931,
                -0.47801074078405775,
                0.16
            ],
            "start_quat": [
                0.9036605167609101,
                0.0,
                0.0,
                0.4282495422617577
            ]
        }
    ]
}