{
    "objects": [
        {
            "goal_pos": [
                0.7737484893137576,
                -0.6800164232706161,
                0.07500000000000001
            ],
            "goal_quat": [
                0.9842191385675407,
                -0.0,
                -0.0,
                -0.17695391286255335
            ],
            "shape": [
                0.03,
                0.3,
                0.05
            ],
            "start_pos": [
                0.38148636018648885,
                0.3410210200627143,
                0.15100000000000002
            ],
            "start_quat": [
                0.9256145061342623,
                0.0,
                0.0,
                0.37846768162397393
            ]
        },
        {
            "goal_pos": [
                0.15802512682715986,
                -0.9101042322737931,
                0.07500000000000001
            ],
            "goal_quat": [
                0.047598460233813096,
                0.0,
                0.0,
                0.9988665509382973
            ],
            "shape": [
                0.03,
                0.3,
                0.05
            ],
            "start_pos": [
                -0.39905788720832513,
                0.29620971796660944,
                0.551
            ],
            "start_quat": [
                0.6778942134586745,
                0.0,
                0.0,
                0.7351594625380572
            ]
        }
    ]
}