{
    "objects": [
        {
            "goal_pos": [
                0.044432384378492784,
                -0.7203377790064565,
                0.07500000000000001
            ],
            "goal_quat": [
                0.8799179484576212,
                -0.0,
                -0.0,
                -0.4751256717776162
            ],
            "shape": [
                0.03,
                0.3,
                0.05
            ],
            "start_pos": [
                0.3923686107761565,
                0.2596797588697841,
                0.15100000000000002
            ],
            "start_quat": [
                0.2141634100773883,
                -0.0,
                -0.0,
                -0.9767978469386716
            ]
        },
        {
            "goal_pos": [
                -0.6044254696046214,
                -0.9616985249870842,
                0.07500000000000001
            ],
            "goal_quat": [
                0.6125319456122241,
                0.0,
                0.0,
                0.7904458334411684
            ],
            "shape": [
                0.03,
                0.3,
                0.05
            ],
            "start_pos": [
                -0.38169052312112495,
                0.2975217398617277,
                0.551
            ],
            "start_quat": [
                0.9876307767962087,
                -0.0,
                -0.0,
                -0.15679747678109276
            ]
        }
    ]
}