{
    "objects": [
        {
            "goal_pos": [
                0.9922805839111599,
                -0.5247323351131378,
                0.07500000000000001
            ],
            "goal_quat": [
                0.9951813440306791,
                0.0,
                0.0,
                0.09805147879196452
            ],
            "shape": [
                0.03,
                0.3,
                0.05
            ],
            "start_pos": [
                0.3863821814017681,
                0.2880079628174101,
                0.15100000000000002
            ],
            "start_quat": [
                0.36117635075074483,
                -0.0,
                -0.0,
                -0.9324975301084583
            ]
        },
        {
            "goal_pos": [
                -0.377432104757675,
                -0.9833962111757433,
                0.07500000000000001
            ],
            "goal_quat": [
                0.5419622540344077,
                -0.0,
                -0.0,
                -0.8404028291253809
            ],
            "shape": [
                0.03,
                0.3,
                0.05
            ],
            "start_pos": [
                -0.40504928778924343,
                0.3102424963802347,
                0.551
            ],
            "start_quat": [
                0.9681802833014784,
                0.0,
                0.0,
                0.2502537492751485
            ]
        }
    ]
}