{
    "objects": [
        {
            "goal_pos": [
                -0.6259478155233961,
                -0.5196295845206349,
                0.14500000000000002
            ],
            "goal_quat": [
                0.11396911138334265,
                -0.0,
                -0.0,
                -0.9934842936103677
            ],
            "shape": [
                0.05,
                0.21,
                0.19
            ],
            "start_pos": [
                0.28330825962281614,
                -0.3838594147117209,
                0.14500000000000002
            ],
            "start_quat": [
                0.40891161494384776,
                -0.0,
                -0.0,
                -0.912573992158452
            ]
        },
        {
            "goal_pos": [
                0.6686635681021675,
                -0.5931066595359473,
                0.21500000000000002
            ],
            "goal_quat": [
                0.03489193219155214,
                -0.0,
                -0.0,
                -0.9993910911489756
            ],
            "shape": [
                0.17,
                0.15,
                0.33
            ],
            "start_pos": [
                -0.1865806134964212,
                -0.5216772795884095,
                0.21500000000000002
            ],
            "start_quat": [
                0.7705839240991369,
                -0.0,
                -0.0,
                -0.6373385410595971
            ]
        }
    ]
}