{
    "objects": [
        {
            "goal_pos": [
                0.7495176046208925,
                -0.8291679884429222,
                0.07500000000000001
            ],
            "goal_quat": [
                0.9879883669505828,
                -0.0,
                -0.0,
                -0.15452827175090197
            ],
            "shape": [
                0.03,
                0.3,
                0.05
            ],
            "start_pos": [
                0.40104330414353767,
                0.311077189404047,
                0.15100000000000002
            ],
            "start_quat": [
                0.8280177030163257,
                -0.0,
                -0.0,
                -0.5607019560261653
            ]
        },
        {
            "goal_pos": [
                -0.13884295800969698,
                -0.7843042733942001,
                0.07500000000000001
            ],
            "goal_quat": [
                0.99939712161995,
                -0.0,
                -0.0,
                -0.03471877442766385
            ],
            "shape": [
                0.03,
                0.3,
                0.05
            ],
            "start_pos": [
                -0.3938578421224027,
                0.2611829749642545,
                0.551
            ],
            "start_quat": [
                0.16558409539141997,
                0.0,
                0.0,
                0.9861956739681051
            ]
        },
        {
            "goal_pos": [
                1.0708230243293477,
                -0.32089396552826827,
                0.07500000000000001
            ],
            "goal_quat": [
                0.292036269693308,
                0.0,
                0.0,
                0.9564072444223839
            ],
            "shape": [
                0.03,
                0.3,
                0.05
            ],
            "start_pos": [
                0.008196167189837046,
                0.3113670604764728,
                0.15100000000000002
            ],
            "start_quat": [
                0.9145421066090518,
                -0.0,
                -0.0,
                -0.4044907109428815
            ]
        }
    ]
}