{
    "objects": [
        {
            "goal_pos": [
                0.8515182314643382,
                -0.5719489082286306,
                0.07500000000000001
            ],
            "goal_quat": [
                0.5541773814172483,
                0.0,
                0.0,
                0.8323986003865707
            ],
            "shape": [
                0.03,
                0.3,
                0.05
            ],
            "start_pos": [
                0.3908497819657862,
                0.27568964546334646,
                0.15100000000000002
            ],
            "start_quat": [
                0.16825488765002736,
                0.0,
                0.0,
                0.9857435228201485
            ]
        },
        {
            "goal_pos": [
                0.27785923835185994,
                -0.9221591591244518,
                0.07500000000000001
            ],
            "goal_quat": [
                0.9904605268577154,
                0.0,
                0.0,
                0.137796751546388
            ],
            "shape": [
                0.03,
                0.3,
                0.05
            ],
            "start_pos": [
                -0.39878773218720615,
                0.331595070089972,
                0.551
            ],
            "start_quat": [
                0.4538070519178516,
                0.0,
                0.0,
                0.8910999717369698
            ]
        },
        {
            "goal_pos": [
                -0.8952164890470606,
                -0.5769694629011448,
                0.07500000000000001
            ],
            "goal_quat": [
                0.4053615751705942,
                -0.0,
                -0.0,
                -0.9141564381303753
            ],
            "shape": [
                0.03,
                0.3,
                0.05
            ],
            "start_pos": [
                -0.02030807303987693,
                0.25850684778808114,
                0.15100000000000002
            ],
            "start_quat": [
                0.9935441436749016,
                0.0,
                0.0,
                0.11344617476718358
            ]
        },
        {
            "goal_pos": [
                0.0016553574769269663,
                -0.6701308467458451,
                0.07500000000000001
            ],
            "goal_quat": [
                0.9282377359644508,
                0.0,
                0.0,
                0.37198750722516266
            ],
            "shape": [
                0.03,
                0.3,
                0.05
            ],
            "start_pos": [
                -0.012842211556899257,
                0.253409699434876,
                0.551
            ],
            "start_quat": [
                0.8052545472609958,
                -0.0,
                -0.0,
                -0.5929292656932096
            ]
        }
    ]
}