{
    "objects": [
        {
            "goal_pos": [
                -0.07767227751742789,
                -0.8747657680239789,
                0.07500000000000001
            ],
            "goal_quat": [
                0.3480237217125151,
                0.0,
                0.0,
                0.9374857274248871
            ],
            "shape": [
                0.03,
                0.3,
                0.05
            ],
            "start_pos": [
                0.4013106844531956,
                0.2697968585940863,
                0.15100000000000002
            ],
            "start_quat": [
                0.8410957168936299,
                0.0,
                0.0,
                0.5408863050800886
            ]
        },
        {
            "goal_pos": [
                0.7860168370669691,
                -0.7546470577601985,
                0.07500000000000001
            ],
            "goal_quat": [
                0.9438140808818832,
                -0.0,
                -0.0,
                -0.33047689893407967
            ],
            "shape": [
                0.03,
                0.3,
                0.05
            ],
            "start_pos": [
                -0.42079571099096136,
                0.32918332500609326,
                0.551
            ],
            "start_quat": [
                0.10567063762415058,
                0.0,
                0.0,
                0.9944011848062659
            ]
        }
    ]
}