{
    "objects": [
        {
            "goal_pos": [
                -0.20903894480556134,
                -0.8407190617212577,
                0.07500000000000001
            ],
            "goal_quat": [
                0.7084719448908944,
                -0.0,
                -0.0,
                -0.7057389767488498
            ],
            "shape": [
                0.03,
                0.3,
                0.05
            ],
            "start_pos": [
                0.41592097479719364,
                0.3218676539627164,
                0.15100000000000002
            ],
            "start_quat": [
                0.6349165127738402,
                -0.0,
                -0.0,
                -0.7725807542303303
            ]
        },
        {
            "goal_pos": [
                1.004915423810627,
                -0.5775860359244829,
                0.07500000000000001
            ],
            "goal_quat": [
                0.9920704965952865,
                0.0,
                0.0,
                0.12568265506895387
            ],
            "shape": [
                0.03,
                0.3,
                0.05
            ],
            "start_pos": [
                -0.3909825603701356,
                0.26556634038237925,
                0.551
            ],
            "start_quat": [
                0.34734223464451286,
                0.0,
                0.0,
                0.9377384347632106
            ]
        }
    ]
}