{
    "objects": [
        {
            "goal_pos": [
                -0.07313051061786491,
                -0.9084715061246784,
                0.07500000000000001
            ],
            "goal_quat": [
                0.9710254271400497,
                0.0,
                0.0,
                0.23897619096362716
            ],
            "shape": [
                0.03,
                0.3,
                0.05
            ],
            "start_pos": [
                0.40456984859316175,
                0.28908940511814973,
                0.15100000000000002
            ],
            "start_quat": [
                0.38204668296915345,
                0.0,
                0.0,
                0.9241430257445366
            ]
        },
        {
            "goal_pos": [
                0.34660817795909343,
                -0.961859492254646,
                0.07500000000000001
            ],
            "goal_quat": [
                0.9933529782642616,
                0.0,
                0.0,
                0.11510803870069793
            ],
            "shape": [
                0.03,
                0.3,
                0.05
            ],
            "start_pos": [
                -0.39727805860445237,
                0.3220724974514855,
                0.551
            ],
            "start_quat": [
                0.9340683609429823,
                -0.0,
                -0.0,
                -0.3570942411819191
            ]
        },
        {
            "goal_pos": [
                0.6222931092581324,
                -0.793174550843855,
                0.07500000000000001
            ],
            "goal_quat": [
                0.5262168581494807,
                -0.0,
                -0.0,
                -0.8503504090663385
            ],
            "shape": [
                0.03,
                0.3,
                0.05
            ],
            "start_pos": [
                -0.002856333483030899,
                0.27277613216256225,
                0.15100000000000002
            ],
            "start_quat": [
                0.6086067899736325,
                0.0,
                0.0,
                0.7934719750551943
            ]
        },
        {
            "goal_pos": [
                -0.5236588229824932,
                -0.8948549633299867,
                0.07500000000000001
            ],
            "goal_quat": [
                0.27078863335703873,
                0.0,
                0.0,
                0.9626388294914283
            ],
            "shape": [
                0.03,
                0.3,
                0.05
            ],
            "start_pos": [
                -0.015419730297834692,
                0.2572745966724379,
                0.551
            ],
            "start_quat": [
                0.00046480900472377313,
                0.0,
                0.0,
                0.9999998919762887
            ]
        }
    ]
}