{
    "objects": [
        {
            "goal_pos": [
                1.2357088157115452,
                0.5255823622970777,
                0.125
            ],
            "goal_quat": [
                0.8588895234328507,
                0.0,
                0.0,
                0.5121608990710736
            ],
            "shape": [
                0.14,
                0.13,
                0.15
            ],
            "start_pos": [
                0.2469932854280611,
                0.8043623055010177,
                0.125
            ],
            "start_quat": [
                0.25223078547398636,
                0.0,
                0.0,
                0.9676671074595725
            ]
        },
        {
            "goal_pos": [
                -1.0456719833608505,
                0.15879109263608,
                0.09
            ],
            "goal_quat": [
                0.024426286559432187,
                -0.0,
                -0.0,
                -0.9997016337512491
            ],
            "shape": [
                0.14,
                0.06,
                0.08
            ],
            "start_pos": [
                -0.36555003357052784,
                -0.8534530326763268,
                0.09
            ],
            "start_quat": [
                0.8767574197091726,
                0.0,
                0.0,
                0.4809328715994714
            ]
        },
        {
            "goal_pos": [
                1.0356695408530698,
                -0.7436067945906573,
                0.07500000000000001
            ],
            "goal_quat": [
                0.608160750241929,
                0.0,
                0.0,
                0.7938138962409099
            ],
            "shape": [
                0.19,
                0.18,
                0.05
            ],
            "start_pos": [
                -0.001687045552287103,
                0.7857338326653653,
                0.07500000000000001
            ],
            "start_quat": [
                0.44219256915663807,
                0.0,
                0.0,
                0.896920136791817
            ]
        }
    ]
}