{
    "objects": [
        {
            "goal_pos": [
                0.34367465029648525,
                -0.8276683040421493,
                0.07500000000000001
            ],
            "goal_quat": [
                0.4435454387553797,
                -0.0,
                -0.0,
                -0.8962518863351405
            ],
            "shape": [
                0.03,
                0.3,
                0.05
            ],
            "start_pos": [
                0.40195031192620045,
                0.2608980465366839,
                0.15100000000000002
            ],
            "start_quat": [
                0.9890789032291598,
                -0.0,
                -0.0,
                -0.14738698445589507
            ]
        },
        {
            "goal_pos": [
                1.0004740537259402,
                -0.3992140581051119,
                0.07500000000000001
            ],
            "goal_quat": [
                0.7790320952739995,
                -0.0,
                -0.0,
                -0.6269840464740727
            ],
            "shape": [
                0.03,
                0.3,
                0.05
            ],
            "start_pos": [
                -0.38682747123066424,
                0.2543457604408533,
                0.551
            ],
            "start_quat": [
                0.9047735638525134,
                0.0,
                0.0,
                0.4258929421270348
            ]
        },
        {
            "goal_pos": [
                -0.47253604239291325,
                -0.9369618883947424,
                0.07500000000000001
            ],
            "goal_quat": [
                0.9397863188941661,
                -0.0,
                -0.0,
                -0.34176260008864745
            ],
            "shape": [
                0.03,
                0.3,
                0.05
            ],
            "start_pos": [
                -0.012864156798140892,
                0.31047389705735684,
                0.15100000000000002
            ],
            "start_quat": [
                0.24430487175301488,
                -0.0,
                -0.0,
                -0.96969847356678
            ]
        }
    ]
}