{
    "objects": [
        {
            "goal_pos": [
                0.9949075627065926,
                -0.5830444497408753,
                0.07500000000000001
            ],
            "goal_quat": [
                0.7931878159375684,
                -0.0,
                -0.0,
                -0.6089770838448605
            ],
            "shape": [
                0.03,
                0.3,
                0.05
            ],
            "start_pos": [
                0.3950953660319189,
                0.29603675754280306,
                0.15100000000000002
            ],
            "start_quat": [
                0.9528170716605171,
                -0.0,
                -0.0,
                -0.3035451003595297
            ]
        },
        {
            "goal_pos": [
                0.4394150797620925,
                -0.9931469496053271,
                0.07500000000000001
            ],
            "goal_quat": [
                0.45895390713078654,
                0.0,
                0.0,
                0.8884600785231632
            ],
            "shape": [
                0.03,
                0.3,
                0.05
            ],
            "start_pos": [
                -0.41418014489164373,
                0.3345593219874075,
                0.551
            ],
            "start_quat": [
                0.9495506095183028,
                -0.0,
                -0.0,
                -0.31361383892204053
            ]
        }
    ]
}