{
    "objects": [
        {
            "goal_pos": [
                -1.0148175730429743,
                0.3350866846519629,
                0.095
            ],
            "goal_quat": [
                0.5096123842844497,
                0.0,
                0.0,
                0.8604041014453141
            ],
            "shape": [
                0.12,
                0.14,
                0.09
            ],
            "start_pos": [
                0.038920646963071626,
                -0.5837178981186524,
                0.095
            ],
            "start_quat": [
                0.07020871947732553,
                0.0,
                0.0,
                0.9975323231401347
            ]
        },
        {
            "goal_pos": [
                0.8934570752891232,
                0.1470294100075844,
                0.115
            ],
            "goal_quat": [
                0.9951445534751854,
                -0.0,
                -0.0,
                -0.09842417227832796
            ],
            "shape": [
                0.09,
                0.12,
                0.13
            ],
            "start_pos": [
                0.24762801150743624,
                0.2139969142983702,
                0.115
            ],
            "start_quat": [
                0.025131281356872332,
                0.0,
                0.0,
                0.999684159471061
            ]
        },
        {
            "goal_pos": [
                1.3041546385793936,
                -0.15694044517251018,
                0.1
            ],
            "goal_quat": [
                0.36356124421010233,
                -0.0,
                -0.0,
                -0.9315702988547898
            ],
            "shape": [
                0.08,
                0.13,
                0.1
            ],
            "start_pos": [
                0.11068186167581007,
                0.8347046003851459,
                0.1
            ],
            "start_quat": [
                0.8986346750902666,
                0.0,
                0.0,
                0.4386977555509158
            ]
        }
    ]
}