{
    "objects": [
        {
            "goal_pos": [
                0.4473549073598829,
                -0.4043424638415244,
                0.10500000000000001
            ],
            "goal_quat": [
                0.9281197726262114,
                -0.0,
                -0.0,
                -0.37228173156934496
            ],
            "shape": [
                0.14,
                0.28,
                0.11
            ],
            "start_pos": [
                -0.3840116658587097,
                -0.41897064856955957,
                0.10500000000000001
            ],
            "start_quat": [
                0.9105921347358915,
                0.0,
                0.0,
                0.41330613854276593
            ]
        },
        {
            "goal_pos": [
                -0.7153770210260005,
                -0.6172898565371073,
                0.07500000000000001
            ],
            "goal_quat": [
                0.359021852642783,
                -0.0,
                -0.0,
                -0.9333291537956713
            ],
            "shape": [
                0.29,
                0.18,
                0.05
            ],
            "start_pos": [
                0.10214793463950156,
                -0.3707332009112422,
                0.07500000000000001
            ],
            "start_quat": [
                0.5371293453701289,
                0.0,
                0.0,
                0.843499891133518
            ]
        }
    ]
}