{
    "objects": [
        {
            "goal_pos": [
                -0.12555983637298568,
                -0.7830842657715267,
                0.095
            ],
            "goal_quat": [
                0.996017204429755,
                0.0,
                0.0,
                0.08916124987872032
            ],
            "shape": [
                0.32,
                0.09,
                0.09
            ],
            "start_pos": [
                -0.7764663084740979,
                0.12790638963523948,
                0.095
            ],
            "start_quat": [
                0.27171481782237444,
                0.0,
                0.0,
                0.9623778144656878
            ]
        },
        {
            "goal_pos": [
                -0.4996138071540771,
                0.30529115785174343,
                0.195
            ],
            "goal_quat": [
                0.3877967757445126,
                0.0,
                0.0,
                0.9217449000250342
            ],
            "shape": [
                0.18,
                0.19,
                0.29
            ],
            "start_pos": [
                0.8249062416976636,
                0.6469252262489541,
                0.195
            ],
            "start_quat": [
                0.9750910062023387,
                -0.0,
                -0.0,
                -0.2218051613991674
            ]
        }
    ]
}