{
    "objects": [
        {
            "goal_pos": [
                0.7008008383488619,
                -0.6577684360383116,
                0.16
            ],
            "goal_quat": [
                0.004952379916408295,
                0.0,
                0.0,
                0.9999877368913899
            ],
            "shape": [
                0.15,
                0.27,
                0.22
            ],
            "start_pos": [
                0.017068802541054834,
                -0.4218950328124268,
                0.16
            ],
            "start_quat": [
                0.8402203382572776,
                0.0,
                0.0,
                0.5422451320010406
            ]
        }
    ]
}