{
    "objects": [
        {
            "goal_pos": [
                -0.05661287449436936,
                -0.432834831458608,
                0.21000000000000002
            ],
            "goal_quat": [
                0.981942056838183,
                -0.0,
                -0.0,
                -0.1891819151303804
            ],
            "shape": [
                0.16,
                0.16,
                0.32
            ],
            "start_pos": [
                -0.2975844848015342,
                -0.47476038737229487,
                0.21000000000000002
            ],
            "start_quat": [
                0.024529280923735096,
                -0.0,
                -0.0,
                -0.9996991119218644
            ]
        }
    ]
}