{
    "objects": [
        {
            "goal_pos": [
                -1.2105493983849969,
                0.5401721898955462,
                0.11
            ],
            "goal_quat": [
                0.04916063969120985,
                -0.0,
                -0.0,
                -0.9987908847727591
            ],
            "shape": [
                0.15,
                0.06,
                0.12
            ],
            "start_pos": [
                0.322480949107917,
                -0.10154965707690145,
                0.11
            ],
            "start_quat": [
                0.8908126758535018,
                -0.0,
                -0.0,
                -0.45437074789066684
            ]
        },
        {
            "goal_pos": [
                1.0781341245380849,
                -0.015135301305043813,
                0.11
            ],
            "goal_quat": [
                0.1741784642618416,
                0.0,
                0.0,
                0.9847141019541593
            ],
            "shape": [
                0.09,
                0.19,
                0.12
            ],
            "start_pos": [
                0.04297658636981061,
                -0.10836670602205978,
                0.11
            ],
            "start_quat": [
                0.13038507897444648,
                -0.0,
                -0.0,
                -0.9914634290687818
            ]
        },
        {
            "goal_pos": [
                1.1439862478938192,
                0.1966267259780541,
                0.14
            ],
            "goal_quat": [
                0.2377601584861241,
                -0.0,
                -0.0,
                -0.9713238939903893
            ],
            "shape": [
                0.09,
                0.11,
                0.18
            ],
            "start_pos": [
                0.15431808138501824,
                0.7366693215298621,
                0.14
            ],
            "start_quat": [
                0.6227804779316557,
                0.0,
                0.0,
                0.7823966233996786
            ]
        },
        {
            "goal_pos": [
                -1.201737877880542,
                -0.42103184493900886,
                0.115
            ],
            "goal_quat": [
                0.3993555078614944,
                -0.0,
                -0.0,
                -0.916796148737923
            ],
            "shape": [
                0.1,
                0.15,
                0.13
            ],
            "start_pos": [
                -0.47826423709873467,
                0.8424327377599896,
                0.115
            ],
            "start_quat": [
                0.5926935656969962,
                -0.0,
                -0.0,
                -0.805428045936681
            ]
        }
    ]
}