{
    "objects": [
        {
            "goal_pos": [
                -1.0982655080948907,
                -0.36937618900731256,
                0.14500000000000002
            ],
            "goal_quat": [
                0.35600466487411414,
                -0.0,
                -0.0,
                -0.9344841778156919
            ],
            "shape": [
                0.12,
                0.15,
                0.19
            ],
            "start_pos": [
                -0.012877915521477157,
                0.41961852764371915,
                0.14500000000000002
            ],
            "start_quat": [
                0.9455540548894368,
                0.0,
                0.0,
                0.32546509687237435
            ]
        },
        {
            "goal_pos": [
                -1.0964787672166252,
                0.024628371134954863,
                0.115
            ],
            "goal_quat": [
                0.984631577087696,
                0.0,
                0.0,
                0.17464437409145667
            ],
            "shape": [
                0.11,
                0.06,
                0.13
            ],
            "start_pos": [
                -0.19635249356268702,
                0.7892194764461786,
                0.115
            ],
            "start_quat": [
                0.31852269248165727,
                -0.0,
                -0.0,
                -0.9479152358593228
            ]
        }
    ]
}