{
    "objects": [
        {
            "goal_pos": [
                -0.08553062146649854,
                -0.3365555015837146,
                0.115
            ],
            "goal_quat": [
                0.6854596516338443,
                -0.0,
                -0.0,
                -0.7281106138369423
            ],
            "shape": [
                0.31,
                0.27,
                0.13
            ],
            "start_pos": [
                -0.6447348088023047,
                -0.574015780113919,
                0.115
            ],
            "start_quat": [
                0.008861492569587102,
                -0.0,
                -0.0,
                -0.9999607362038967
            ]
        },
        {
            "goal_pos": [
                0.33995378852052144,
                -0.346288449040805,
                0.125
            ],
            "goal_quat": [
                0.999181140200062,
                -0.0,
                -0.0,
                -0.04046046302878999
            ],
            "shape": [
                0.06,
                0.37,
                0.15
            ],
            "start_pos": [
                0.6699795343940617,
                -0.6770266226241219,
                0.125
            ],
            "start_quat": [
                0.6559218832799,
                0.0,
                0.0,
                0.7548287772962483
            ]
        }
    ]
}