{
    "objects": [
        {
            "goal_pos": [
                -0.25222657846465374,
                -0.9244502963987427,
                0.07500000000000001
            ],
            "goal_quat": [
                0.7345839498996612,
                0.0,
                0.0,
                0.6785178115199423
            ],
            "shape": [
                0.03,
                0.3,
                0.05
            ],
            "start_pos": [
                0.39030530314997675,
                0.2818864929152687,
                0.15100000000000002
            ],
            "start_quat": [
                0.889207924177884,
                0.0,
                0.0,
                0.4575032978889426
            ]
        },
        {
            "goal_pos": [
                0.11669540760230568,
                -0.7928324971013241,
                0.07500000000000001
            ],
            "goal_quat": [
                0.9575611654894934,
                0.0,
                0.0,
                0.2882301412871369
            ],
            "shape": [
                0.03,
                0.3,
                0.05
            ],
            "start_pos": [
                -0.40315418285044924,
                0.25794902931888575,
                0.551
            ],
            "start_quat": [
                0.059300030983325015,
                0.0,
                0.0,
                0.9982402047229798
            ]
        }
    ]
}