{
    "objects": [
        {
            "goal_pos": [
                -0.18575351205087814,
                0.7532529510754721,
                0.22000000000000003
            ],
            "goal_quat": [
                0.8723854992802634,
                0.0,
                0.0,
                0.48881851503960605
            ],
            "shape": [
                0.13,
                0.28,
                0.34
            ],
            "start_pos": [
                0.9633280742955649,
                0.02893850629967254,
                0.22000000000000003
            ],
            "start_quat": [
                0.9919808731580907,
                -0.0,
                -0.0,
                -0.12638808206675206
            ]
        }
    ]
}