{
    "objects": [
        {
            "goal_pos": [
                0.9405080607133747,
                -0.7015238464511885,
                0.07500000000000001
            ],
            "goal_quat": [
                0.7844196381454119,
                -0.0,
                -0.0,
                -0.6202304662718698
            ],
            "shape": [
                0.03,
                0.3,
                0.05
            ],
            "start_pos": [
                0.409922126167266,
                0.34642173394877884,
                0.15100000000000002
            ],
            "start_quat": [
                0.9886094830940996,
                0.0,
                0.0,
                0.15050345489860772
            ]
        },
        {
            "goal_pos": [
                -0.9666241819850138,
                -0.574423944996718,
                0.07500000000000001
            ],
            "goal_quat": [
                0.9982699280600548,
                0.0,
                0.0,
                0.05879754017791091
            ],
            "shape": [
                0.03,
                0.3,
                0.05
            ],
            "start_pos": [
                -0.3998420047752927,
                0.31826660512226995,
                0.551
            ],
            "start_quat": [
                0.5774689858417225,
                -0.0,
                -0.0,
                -0.8164126226308193
            ]
        },
        {
            "goal_pos": [
                0.49058529925484384,
                -0.8752528553803218,
                0.07500000000000001
            ],
            "goal_quat": [
                0.900728684558546,
                -0.0,
                -0.0,
                -0.43438213224467614
            ],
            "shape": [
                0.03,
                0.3,
                0.05
            ],
            "start_pos": [
                0.006954778613360069,
                0.32338636633293893,
                0.15100000000000002
            ],
            "start_quat": [
                0.9761646153439545,
                0.0,
                0.0,
                0.21703143493602328
            ]
        }
    ]
}