{
    "objects": [
        {
            "goal_pos": [
                -0.2090575260359198,
                -0.842939487781049,
                0.07500000000000001
            ],
            "goal_quat": [
                0.43365345945278616,
                0.0,
                0.0,
                0.9010797284950044
            ],
            "shape": [
                0.03,
                0.3,
                0.05
            ],
            "start_pos": [
                0.4009477038592583,
                0.25463262289202315,
                0.15100000000000002
            ],
            "start_quat": [
                0.4901427531232239,
                -0.0,
                -0.0,
                -0.8716421751847409
            ]
        },
        {
            "goal_pos": [
                1.0075179749815437,
                -0.6123709748244412,
                0.07500000000000001
            ],
            "goal_quat": [
                0.9975624132028325,
                -0.0,
                -0.0,
                -0.0697798808034329
            ],
            "shape": [
                0.03,
                0.3,
                0.05
            ],
            "start_pos": [
                -0.38369547918928515,
                0.3304227347218445,
                0.551
            ],
            "start_quat": [
                0.36128244494627876,
                0.0,
                0.0,
                0.9324564306034031
            ]
        }
    ]
}