{
    "objects": [
        {
            "goal_pos": [
                -1.0671059024995901,
                -0.462320556642979,
                0.07500000000000001
            ],
            "goal_quat": [
                0.8970854873890434,
                -0.0,
                -0.0,
                -0.44185702248121234
            ],
            "shape": [
                0.03,
                0.3,
                0.05
            ],
            "start_pos": [
                0.40449370773493243,
                0.251892774471725,
                0.15100000000000002
            ],
            "start_quat": [
                0.9876477287504171,
                -0.0,
                -0.0,
                -0.15669066307263707
            ]
        },
        {
            "goal_pos": [
                0.0037293568793528298,
                -0.6493881825541759,
                0.07500000000000001
            ],
            "goal_quat": [
                0.5789750762819683,
                0.0,
                0.0,
                0.815345240400831
            ],
            "shape": [
                0.03,
                0.3,
                0.05
            ],
            "start_pos": [
                -0.40947793533692445,
                0.26081297911511947,
                0.551
            ],
            "start_quat": [
                0.9890204778498909,
                -0.0,
                -0.0,
                -0.1477785315719897
            ]
        }
    ]
}