{
    "objects": [
        {
            "goal_pos": [
                0.18372993280504274,
                -0.285028119605042,
                0.07500000000000001
            ],
            "goal_quat": [
                0.8567622108734517,
                -0.0,
                -0.0,
                -0.5157116578275451
            ],
            "shape": [
                0.06,
                0.31,
                0.05
            ],
            "start_pos": [
                0.09281126034968612,
                0.9317430739272108,
                0.07500000000000001
            ],
            "start_quat": [
                0.24044761566681763,
                0.0,
                0.0,
                0.9706621163515873
            ]
        },
        {
            "goal_pos": [
                -0.49616669303647987,
                -1.0139193735681622,
                0.22000000000000003
            ],
            "goal_quat": [
                0.8024555598634037,
                0.0,
                0.0,
                0.5967118856234652
            ],
            "shape": [
                0.11,
                0.34,
                0.34
            ],
            "start_pos": [
                0.10655292355078527,
                -0.826668519393988,
                0.22000000000000003
            ],
            "start_quat": [
                0.16141098950845587,
                -0.0,
                -0.0,
                -0.9868872744472396
            ]
        },
        {
            "goal_pos": [
                -0.8659917516083862,
                0.03915582149753788,
                0.115
            ],
            "goal_quat": [
                0.3902706336268574,
                0.0,
                0.0,
                0.9207001860152366
            ],
            "shape": [
                0.32,
                0.23,
                0.13
            ],
            "start_pos": [
                0.9109383507453666,
                0.6441222937848333,
                0.115
            ],
            "start_quat": [
                0.11620377580829247,
                -0.0,
                -0.0,
                -0.993225393597997
            ]
        }
    ]
}