{
    "objects": [
        {
            "goal_pos": [
                -1.0564879356285506,
                -0.4096304852350905,
                0.07500000000000001
            ],
            "goal_quat": [
                0.028477347777749913,
                -0.0,
                -0.0,
                -0.9995944380915417
            ],
            "shape": [
                0.03,
                0.3,
                0.05
            ],
            "start_pos": [
                0.4094038103414068,
                0.2931307669396655,
                0.15100000000000002
            ],
            "start_quat": [
                0.48971626144894226,
                0.0,
                0.0,
                0.8718818631399963
            ]
        },
        {
            "goal_pos": [
                -0.42934716697901487,
                -0.9288323796470599,
                0.07500000000000001
            ],
            "goal_quat": [
                0.9956466812056325,
                -0.0,
                -0.0,
                -0.09320775828336213
            ],
            "shape": [
                0.03,
                0.3,
                0.05
            ],
            "start_pos": [
                -0.38938564961844985,
                0.26031399145823075,
                0.551
            ],
            "start_quat": [
                0.22491932447541751,
                0.0,
                0.0,
                0.9743773896584023
            ]
        },
        {
            "goal_pos": [
                0.9528955840348474,
                -0.34292808106718414,
                0.07500000000000001
            ],
            "goal_quat": [
                0.9508016084471678,
                0.0,
                0.0,
                0.30980042184328727
            ],
            "shape": [
                0.03,
                0.3,
                0.05
            ],
            "start_pos": [
                0.015730966666858512,
                0.2673441621135518,
                0.15100000000000002
            ],
            "start_quat": [
                0.9043967562630516,
                -0.0,
                -0.0,
                -0.42669252074634534
            ]
        },
        {
            "goal_pos": [
                -0.00629177584620344,
                -0.8095168766328322,
                0.07500000000000001
            ],
            "goal_quat": [
                0.31045395338848497,
                0.0,
                0.0,
                0.9505884192569676
            ],
            "shape": [
                0.03,
                0.3,
                0.05
            ],
            "start_pos": [
                0.024005707814835575,
                0.30969092759295713,
                0.551
            ],
            "start_quat": [
                0.8365764726385292,
                -0.0,
                -0.0,
                -0.5478501669504867
            ]
        }
    ]
}