{
    "objects": [
        {
            "goal_pos": [
                -0.9366986949225555,
                -0.42235671720371937,
                0.07500000000000001
            ],
            "goal_quat": [
                0.9890931867246132,
                -0.0,
                -0.0,
                -0.14729109944239438
            ],
            "shape": [
                0.03,
                0.3,
                0.05
            ],
            "start_pos": [
                0.4158538634863526,
                0.34475773561792517,
                0.15100000000000002
            ],
            "start_quat": [
                0.9832512326301975,
                -0.0,
                -0.0,
                -0.18225535254471162
            ]
        },
        {
            "goal_pos": [
                -0.2651232239156043,
                -0.8104481265027175,
                0.07500000000000001
            ],
            "goal_quat": [
                0.795291050399423,
                0.0,
                0.0,
                0.6062277997210144
            ],
            "shape": [
                0.03,
                0.3,
                0.05
            ],
            "start_pos": [
                -0.40736580190053634,
                0.25482576622226266,
                0.551
            ],
            "start_quat": [
                0.35849250650742115,
                0.0,
                0.0,
                0.9335326040251763
            ]
        }
    ]
}