{
    "objects": [
        {
            "goal_pos": [
                -0.1154427676871192,
                -1.3391347705777736,
                0.155
            ],
            "goal_quat": [
                0.9141504440366683,
                -0.0,
                -0.0,
                -0.40537509255942455
            ],
            "shape": [
                0.25,
                0.15,
                0.21
            ],
            "start_pos": [
                -0.24867954531310277,
                -0.7588656517686021,
                0.155
            ],
            "start_quat": [
                0.5301374261000983,
                -0.0,
                -0.0,
                -0.8479117344676643
            ]
        }
    ]
}