{
    "objects": [
        {
            "goal_pos": [
                -1.2967977457788342,
                0.6118565976338837,
                0.125
            ],
            "goal_quat": [
                0.21245208142594751,
                -0.0,
                -0.0,
                -0.9771714860237084
            ],
            "shape": [
                0.14,
                0.17,
                0.15
            ],
            "start_pos": [
                0.28111444690157783,
                0.9806741541553667,
                0.125
            ],
            "start_quat": [
                0.7586966587934795,
                0.0,
                0.0,
                0.6514440727611316
            ]
        },
        {
            "goal_pos": [
                -1.1130839800955012,
                0.7381835726302006,
                0.11
            ],
            "goal_quat": [
                0.13169611262152886,
                0.0,
                0.0,
                0.9912901360955719
            ],
            "shape": [
                0.18,
                0.1,
                0.12
            ],
            "start_pos": [
                -0.16998092909312534,
                -1.1609834223421336,
                0.11
            ],
            "start_quat": [
                0.9808587285828219,
                -0.0,
                -0.0,
                -0.19472070912691894
            ]
        }
    ]
}