{
    "objects": [
        {
            "goal_pos": [
                -0.6981619448336923,
                -0.5639889949025849,
                0.10500000000000001
            ],
            "goal_quat": [
                0.7799272877212645,
                -0.0,
                -0.0,
                -0.625870134986286
            ],
            "shape": [
                0.15,
                0.06,
                0.11
            ],
            "start_pos": [
                -0.20676886761411067,
                -0.4843122914391739,
                0.10500000000000001
            ],
            "start_quat": [
                0.4618461927901562,
                -0.0,
                -0.0,
                -0.8869600296547967
            ]
        },
        {
            "goal_pos": [
                0.7003575023140521,
                -0.7041606424505094,
                0.09
            ],
            "goal_quat": [
                0.24474831569332628,
                0.0,
                0.0,
                0.9695866448983711
            ],
            "shape": [
                0.05,
                0.33,
                0.08
            ],
            "start_pos": [
                0.09696643180838141,
                -0.36168729176656556,
                0.09
            ],
            "start_quat": [
                0.5952615679082214,
                -0.0,
                -0.0,
                -0.8035319942425727
            ]
        }
    ]
}