{
    "objects": [
        {
            "goal_pos": [
                1.1709880431431614,
                -0.518476937594371,
                0.14500000000000002
            ],
            "goal_quat": [
                0.6221918334999866,
                0.0,
                0.0,
                0.7828648174020371
            ],
            "shape": [
                0.1,
                0.2,
                0.19
            ],
            "start_pos": [
                0.027582819310488116,
                0.2076341583814981,
                0.14500000000000002
            ],
            "start_quat": [
                0.6713512586757775,
                -0.0,
                -0.0,
                -0.741139317182977
            ]
        },
        {
            "goal_pos": [
                1.2700904467872598,
                0.5160816147828824,
                0.115
            ],
            "goal_quat": [
                0.9924600063629699,
                -0.0,
                -0.0,
                -0.1225689021326934
            ],
            "shape": [
                0.13,
                0.09,
                0.13
            ],
            "start_pos": [
                -0.282617763849296,
                0.07783637878794375,
                0.115
            ],
            "start_quat": [
                0.9249707165914086,
                0.0,
                0.0,
                0.38003838417767216
            ]
        }
    ]
}