{
    "objects": [
        {
            "goal_pos": [
                0.2558531251972717,
                -0.35344965865469935,
                0.245
            ],
            "goal_quat": [
                0.553555524504192,
                -0.0,
                -0.0,
                -0.8328122725385889
            ],
            "shape": [
                0.09,
                0.26,
                0.39
            ],
            "start_pos": [
                -0.2443468574702118,
                -0.47147554504243794,
                0.245
            ],
            "start_quat": [
                0.8105931603984515,
                -0.0,
                -0.0,
                -0.5856097064728778
            ]
        },
        {
            "goal_pos": [
                0.5913965537983918,
                -0.5268494613751644,
                0.10500000000000001
            ],
            "goal_quat": [
                0.9232439890278471,
                -0.0,
                -0.0,
                -0.38421418079496833
            ],
            "shape": [
                0.11,
                0.39,
                0.11
            ],
            "start_pos": [
                -0.6903572951916507,
                -0.6506689507857757,
                0.10500000000000001
            ],
            "start_quat": [
                0.4508546450461013,
                -0.0,
                -0.0,
                -0.892597383505214
            ]
        }
    ]
}