{
    "objects": [
        {
            "goal_pos": [
                -0.6678439032175906,
                -0.6085597849381754,
                0.115
            ],
            "goal_quat": [
                0.23775610829322508,
                -0.0,
                -0.0,
                -0.9713248853855543
            ],
            "shape": [
                0.33,
                0.21,
                0.13
            ],
            "start_pos": [
                -0.08160174094081236,
                -0.3377672723406031,
                0.115
            ],
            "start_quat": [
                0.8528020701318821,
                -0.0,
                -0.0,
                -0.5222342665689187
            ]
        },
        {
            "goal_pos": [
                -0.3224313629328315,
                -0.6524902387980382,
                0.18
            ],
            "goal_quat": [
                0.346248250820779,
                0.0,
                0.0,
                0.9381429255734709
            ],
            "shape": [
                0.09,
                0.05,
                0.26
            ],
            "start_pos": [
                -0.3881680883607854,
                -0.5158885460227383,
                0.18
            ],
            "start_quat": [
                0.745565656397868,
                0.0,
                0.0,
                0.6664321810957333
            ]
        },
        {
            "goal_pos": [
                0.7078657696908149,
                -0.6793671213878525,
                0.175
            ],
            "goal_quat": [
                0.9994772321206864,
                -0.0,
                -0.0,
                -0.03233051920974426
            ],
            "shape": [
                0.1,
                0.38,
                0.25
            ],
            "start_pos": [
                0.4152333498290747,
                -0.3814099071395367,
                0.175
            ],
            "start_quat": [
                0.8680062853660052,
                0.0,
                0.0,
                0.49655320819133686
            ]
        }
    ]
}