{
    "objects": [
        {
            "goal_pos": [
                0.9818492473979568,
                0.11381545328867831,
                0.09
            ],
            "goal_quat": [
                0.36517181742562127,
                0.0,
                0.0,
                0.9309401397286877
            ],
            "shape": [
                0.12,
                0.18,
                0.08
            ],
            "start_pos": [
                -0.6302188901919062,
                1.0121659179176214,
                0.09
            ],
            "start_quat": [
                0.8888300918992281,
                -0.0,
                -0.0,
                -0.458236912234719
            ]
        },
        {
            "goal_pos": [
                -0.8897275404670235,
                -0.06905816608968346,
                0.12000000000000001
            ],
            "goal_quat": [
                0.6765271521831627,
                0.0,
                0.0,
                0.7364176887873755
            ],
            "shape": [
                0.07,
                0.16,
                0.14
            ],
            "start_pos": [
                0.00726805603719749,
                -0.6803666682210677,
                0.12000000000000001
            ],
            "start_quat": [
                0.6789015638294361,
                0.0,
                0.0,
                0.7342293011246187
            ]
        }
    ]
}