{
    "objects": [
        {
            "goal_pos": [
                0.837919033799378,
                -1.0253470573085028,
                0.18
            ],
            "goal_quat": [
                0.4478465077317575,
                -0.0,
                -0.0,
                -0.8941104548725894
            ],
            "shape": [
                0.23,
                0.1,
                0.26
            ],
            "start_pos": [
                -0.15253559766315017,
                0.8075261548336672,
                0.18
            ],
            "start_quat": [
                0.5836143477812151,
                0.0,
                0.0,
                0.8120309680448812
            ]
        },
        {
            "goal_pos": [
                -0.771739042902034,
                0.8314187451219096,
                0.085
            ],
            "goal_quat": [
                0.30977178799861943,
                -0.0,
                -0.0,
                -0.9508109377579427
            ],
            "shape": [
                0.18,
                0.15,
                0.07
            ],
            "start_pos": [
                0.09459768243435718,
                -0.15309516579074275,
                0.085
            ],
            "start_quat": [
                0.13232857083041685,
                0.0,
                0.0,
                0.9912059066319063
            ]
        },
        {
            "goal_pos": [
                -0.5310611779480294,
                -1.2167487406830126,
                0.14
            ],
            "goal_quat": [
                0.5800803343714548,
                -0.0,
                -0.0,
                -0.8145592708179689
            ],
            "shape": [
                0.29,
                0.08,
                0.18
            ],
            "start_pos": [
                0.10348159407532703,
                -1.0383788842873203,
                0.14
            ],
            "start_quat": [
                0.9876987098006377,
                0.0,
                0.0,
                0.1563689824042982
            ]
        }
    ]
}