{
    "objects": [
        {
            "goal_pos": [
                0.3007597231458081,
                -0.457342925163819,
                0.18
            ],
            "goal_quat": [
                0.565673312161491,
                -0.0,
                -0.0,
                -0.8246294342965502
            ],
            "shape": [
                0.2,
                0.13,
                0.26
            ],
            "start_pos": [
                -0.4291608116394702,
                -0.46585881467078427,
                0.18
            ],
            "start_quat": [
                0.32270996864245954,
                -0.0,
                -0.0,
                -0.9464979007577263
            ]
        },
        {
            "goal_pos": [
                0.6968751000314396,
                -0.6524663566156504,
                0.245
            ],
            "goal_quat": [
                0.43269049347954913,
                0.0,
                0.0,
                0.9015425319153968
            ],
            "shape": [
                0.33,
                0.24,
                0.39
            ],
            "start_pos": [
                -0.022833816854063715,
                -0.35411740623142896,
                0.245
            ],
            "start_quat": [
                0.7134710531336725,
                0.0,
                0.0,
                0.7006847053706312
            ]
        },
        {
            "goal_pos": [
                -0.7491977573761522,
                -0.6590503731351101,
                0.12000000000000001
            ],
            "goal_quat": [
                0.3753284559845703,
                -0.0,
                -0.0,
                -0.9268918761798695
            ],
            "shape": [
                0.22,
                0.07,
                0.14
            ],
            "start_pos": [
                -0.5062550251106819,
                -0.6918718850218809,
                0.12000000000000001
            ],
            "start_quat": [
                0.9677131889867342,
                0.0,
                0.0,
                0.2520539304615687
            ]
        }
    ]
}