{
    "objects": [
        {
            "goal_pos": [
                1.2683264495167208,
                -0.6187846781567348,
                0.10500000000000001
            ],
            "goal_quat": [
                0.34082571315530913,
                -0.0,
                -0.0,
                -0.9401264985373909
            ],
            "shape": [
                0.13,
                0.16,
                0.11
            ],
            "start_pos": [
                0.18848790560095485,
                0.05289876927849402,
                0.10500000000000001
            ],
            "start_quat": [
                0.9969686922244476,
                -0.0,
                -0.0,
                -0.07780377063018563
            ]
        }
    ]
}