{
    "objects": [
        {
            "goal_pos": [
                0.4582347631222741,
                -0.41486448706849377,
                0.16
            ],
            "goal_quat": [
                0.6029703892018304,
                0.0,
                0.0,
                0.7977635675723685
            ],
            "shape": [
                0.36,
                0.17,
                0.22
            ],
            "start_pos": [
                -0.09830859624462224,
                -0.35634377419226115,
                0.16
            ],
            "start_quat": [
                0.7249085280472202,
                -0.0,
                -0.0,
                -0.688845139319726
            ]
        },
        {
            "goal_pos": [
                -0.44979653563750455,
                -0.49578018864017653,
                0.22999999999999998
            ],
            "goal_quat": [
                0.9385829731519961,
                0.0,
                0.0,
                0.3450536226576375
            ],
            "shape": [
                0.3,
                0.15,
                0.36
            ],
            "start_pos": [
                -0.7351461108685627,
                -0.6799490939913204,
                0.22999999999999998
            ],
            "start_quat": [
                0.6858152138203504,
                0.0,
                0.0,
                0.7277757157892445
            ]
        }
    ]
}