{
    "objects": [
        {
            "goal_pos": [
                -0.19182244040933855,
                -0.8191603528341593,
                0.07500000000000001
            ],
            "goal_quat": [
                0.7921423551634148,
                0.0,
                0.0,
                0.6103363737777378
            ],
            "shape": [
                0.03,
                0.3,
                0.05
            ],
            "start_pos": [
                0.40051120367847937,
                0.2624940865546474,
                0.15100000000000002
            ],
            "start_quat": [
                0.21595197110636152,
                0.0,
                0.0,
                0.9764039871770687
            ]
        },
        {
            "goal_pos": [
                1.0221516296615687,
                -0.44058585760338387,
                0.07500000000000001
            ],
            "goal_quat": [
                0.9976945711571926,
                0.0,
                0.0,
                0.06786414873455221
            ],
            "shape": [
                0.03,
                0.3,
                0.05
            ],
            "start_pos": [
                -0.4235616984931203,
                0.26871549491939806,
                0.551
            ],
            "start_quat": [
                0.9744992991425807,
                0.0,
                0.0,
                0.22439054340729
            ]
        }
    ]
}