{
    "objects": [
        {
            "goal_pos": [
                0.9694261929603263,
                -0.34605801365578165,
                0.07500000000000001
            ],
            "goal_quat": [
                0.9405515841566605,
                -0.0,
                -0.0,
                -0.3396508759600016
            ],
            "shape": [
                0.03,
                0.3,
                0.05
            ],
            "start_pos": [
                0.3988046921705976,
                0.31340630707217876,
                0.15100000000000002
            ],
            "start_quat": [
                0.11267896301368545,
                -0.0,
                -0.0,
                -0.9936314464096637
            ]
        },
        {
            "goal_pos": [
                -0.3490096562223639,
                -0.8605864497109423,
                0.07500000000000001
            ],
            "goal_quat": [
                0.899367584916269,
                0.0,
                0.0,
                0.4371932607004341
            ],
            "shape": [
                0.03,
                0.3,
                0.05
            ],
            "start_pos": [
                -0.41805173393700706,
                0.3290774331192981,
                0.551
            ],
            "start_quat": [
                0.5419764670545376,
                -0.0,
                -0.0,
                -0.8403936632073576
            ]
        },
        {
            "goal_pos": [
                -0.8015213217535115,
                -0.8148894590333398,
                0.07500000000000001
            ],
            "goal_quat": [
                0.9977950243710788,
                0.0,
                0.0,
                0.06637084706645151
            ],
            "shape": [
                0.03,
                0.3,
                0.05
            ],
            "start_pos": [
                -0.021758225947782893,
                0.346215867361789,
                0.15100000000000002
            ],
            "start_quat": [
                0.9590702746292168,
                0.0,
                0.0,
                0.28316816262185757
            ]
        }
    ]
}