{
    "objects": [
        {
            "goal_pos": [
                1.272408863206055,
                0.1960529738314995,
                0.085
            ],
            "goal_quat": [
                0.9953412419658617,
                0.0,
                0.0,
                0.09641479161340274
            ],
            "shape": [
                0.1,
                0.2,
                0.07
            ],
            "start_pos": [
                -0.07899194288019185,
                -0.8635852129223742,
                0.085
            ],
            "start_quat": [
                0.9953613751903703,
                -0.0,
                -0.0,
                -0.09620671899163243
            ]
        }
    ]
}