{
    "objects": [
        {
            "goal_pos": [
                0.3399765714130643,
                -0.884307147054064,
                0.07500000000000001
            ],
            "goal_quat": [
                0.9993210166163652,
                0.0,
                0.0,
                0.036844344869115045
            ],
            "shape": [
                0.03,
                0.3,
                0.05
            ],
            "start_pos": [
                0.4044875176634378,
                0.32467626449207776,
                0.15100000000000002
            ],
            "start_quat": [
                0.034973989241755814,
                0.0,
                0.0,
                0.9993882229026504
            ]
        },
        {
            "goal_pos": [
                0.9193216810311893,
                -0.7666242403719146,
                0.07500000000000001
            ],
            "goal_quat": [
                0.6428784081184623,
                0.0,
                0.0,
                0.7659682450174236
            ],
            "shape": [
                0.03,
                0.3,
                0.05
            ],
            "start_pos": [
                -0.3799708171742316,
                0.34868890273950265,
                0.551
            ],
            "start_quat": [
                0.76779035080959,
                0.0,
                0.0,
                0.6407011606074134
            ]
        }
    ]
}