{
    "objects": [
        {
            "goal_pos": [
                -1.004339761213644,
                -0.08795040886851324,
                0.1
            ],
            "goal_quat": [
                0.6447362539121505,
                -0.0,
                -0.0,
                -0.7644051039150164
            ],
            "shape": [
                0.05,
                0.08,
                0.1
            ],
            "start_pos": [
                0.3728501600397685,
                -0.03448254806607354,
                0.1
            ],
            "start_quat": [
                0.3719294517405426,
                0.0,
                0.0,
                0.9282609993573895
            ]
        }
    ]
}