{
    "objects": [
        {
            "goal_pos": [
                1.057382493744548,
                -0.640056037451041,
                0.11
            ],
            "goal_quat": [
                0.2131939730837002,
                0.0,
                0.0,
                0.977009892396585
            ],
            "shape": [
                0.16,
                0.08,
                0.12
            ],
            "start_pos": [
                0.023990349943507794,
                0.632435656648778,
                0.11
            ],
            "start_quat": [
                0.9166074780503761,
                -0.0,
                -0.0,
                -0.3997883579872345
            ]
        },
        {
            "goal_pos": [
                1.0779265285649517,
                -0.05270953803062345,
                0.115
            ],
            "goal_quat": [
                0.22355027162514474,
                -0.0,
                -0.0,
                -0.9746924007379579
            ],
            "shape": [
                0.12,
                0.18,
                0.13
            ],
            "start_pos": [
                0.4642558003454546,
                0.9751547720576885,
                0.115
            ],
            "start_quat": [
                0.7563946465532616,
                0.0,
                0.0,
                0.6541155392326087
            ]
        },
        {
            "goal_pos": [
                1.2665096466501646,
                0.43644527422015683,
                0.10500000000000001
            ],
            "goal_quat": [
                0.8551007795777901,
                -0.0,
                -0.0,
                -0.5184618180401096
            ],
            "shape": [
                0.11,
                0.13,
                0.11
            ],
            "start_pos": [
                0.057447019097983665,
                0.130108922358672,
                0.10500000000000001
            ],
            "start_quat": [
                0.0982018141656497,
                -0.0,
                -0.0,
                -0.9951665205856632
            ]
        }
    ]
}