{
    "objects": [
        {
            "goal_pos": [
                -0.5002563999867434,
                -0.9298307285216387,
                0.07500000000000001
            ],
            "goal_quat": [
                0.5922622485930666,
                0.0,
                0.0,
                0.8057452630276424
            ],
            "shape": [
                0.03,
                0.3,
                0.05
            ],
            "start_pos": [
                0.40264522902512573,
                0.30695794573231017,
                0.15100000000000002
            ],
            "start_quat": [
                0.33039488848512116,
                -0.0,
                -0.0,
                -0.9438427928754366
            ]
        },
        {
            "goal_pos": [
                0.5485171538631544,
                -0.9747591895499448,
                0.07500000000000001
            ],
            "goal_quat": [
                0.6864578502117293,
                0.0,
                0.0,
                0.72716959499328
            ],
            "shape": [
                0.03,
                0.3,
                0.05
            ],
            "start_pos": [
                -0.389533504747578,
                0.311154770124328,
                0.551
            ],
            "start_quat": [
                0.061772400429734246,
                0.0,
                0.0,
                0.9980902617224299
            ]
        }
    ]
}