{
    "objects": [
        {
            "goal_pos": [
                -0.6876187928800016,
                -0.8015169196891347,
                0.07500000000000001
            ],
            "goal_quat": [
                0.4125175767181361,
                0.0,
                0.0,
                0.9109496412527954
            ],
            "shape": [
                0.03,
                0.3,
                0.05
            ],
            "start_pos": [
                0.4068727783141811,
                0.2552902951735898,
                0.15100000000000002
            ],
            "start_quat": [
                0.8936379150261291,
                -0.0,
                -0.0,
                -0.4487886772499423
            ]
        },
        {
            "goal_pos": [
                0.20289812832693518,
                -0.8530806482743825,
                0.07500000000000001
            ],
            "goal_quat": [
                0.4500249342723144,
                -0.0,
                -0.0,
                -0.893015990076997
            ],
            "shape": [
                0.03,
                0.3,
                0.05
            ],
            "start_pos": [
                -0.39465533761270427,
                0.2975009744512531,
                0.551
            ],
            "start_quat": [
                0.7871984635546196,
                0.0,
                0.0,
                0.6166997478329679
            ]
        }
    ]
}