{
    "objects": [
        {
            "goal_pos": [
                -0.10071790876663389,
                -0.7473815160831003,
                0.07500000000000001
            ],
            "goal_quat": [
                0.9999946892325167,
                0.0,
                0.0,
                0.003259065320372344
            ],
            "shape": [
                0.03,
                0.3,
                0.05
            ],
            "start_pos": [
                0.3867668977751386,
                0.27648451042691047,
                0.15100000000000002
            ],
            "start_quat": [
                0.9590427872198334,
                0.0,
                0.0,
                0.2832612438750021
            ]
        },
        {
            "goal_pos": [
                0.7957472954985725,
                -0.7087312948990678,
                0.07500000000000001
            ],
            "goal_quat": [
                0.17059780275999556,
                -0.0,
                -0.0,
                -0.9853407480123115
            ],
            "shape": [
                0.03,
                0.3,
                0.05
            ],
            "start_pos": [
                -0.3929917652391493,
                0.259635396196329,
                0.551
            ],
            "start_quat": [
                0.8275089773354329,
                0.0,
                0.0,
                0.5614524845695011
            ]
        },
        {
            "goal_pos": [
                0.3387513255203854,
                -0.8612684167646214,
                0.07500000000000001
            ],
            "goal_quat": [
                0.9961461034514726,
                -0.0,
                -0.0,
                -0.08770940986261488
            ],
            "shape": [
                0.03,
                0.3,
                0.05
            ],
            "start_pos": [
                -0.005058464896453663,
                0.3163167127053753,
                0.15100000000000002
            ],
            "start_quat": [
                0.011459364649132586,
                0.0,
                0.0,
                0.999934339325257
            ]
        },
        {
            "goal_pos": [
                0.9884068298679833,
                -0.43018679956064737,
                0.07500000000000001
            ],
            "goal_quat": [
                0.9458180613925429,
                -0.0,
                -0.0,
                -0.32469708151391213
            ],
            "shape": [
                0.03,
                0.3,
                0.05
            ],
            "start_pos": [
                0.010870537636947862,
                0.3084806205197227,
                0.551
            ],
            "start_quat": [
                0.35951824148258554,
                -0.0,
                -0.0,
                -0.9331380573319628
            ]
        }
    ]
}