{
    "objects": [
        {
            "goal_pos": [
                0.7071939773790739,
                -0.8596028675387835,
                0.07500000000000001
            ],
            "goal_quat": [
                0.28147352851211155,
                -0.0,
                -0.0,
                -0.9595689932188001
            ],
            "shape": [
                0.03,
                0.3,
                0.05
            ],
            "start_pos": [
                0.4225856641761556,
                0.30430127451543226,
                0.15100000000000002
            ],
            "start_quat": [
                0.8642150322472513,
                -0.0,
                -0.0,
                -0.503122627237021
            ]
        },
        {
            "goal_pos": [
                0.936713343739834,
                -0.616008549512372,
                0.07500000000000001
            ],
            "goal_quat": [
                0.3363862536521556,
                -0.0,
                -0.0,
                -0.941724104158892
            ],
            "shape": [
                0.03,
                0.3,
                0.05
            ],
            "start_pos": [
                -0.3758558476181529,
                0.30547093426005517,
                0.551
            ],
            "start_quat": [
                0.8471669219396222,
                -0.0,
                -0.0,
                -0.5313268357342268
            ]
        }
    ]
}