{
    "objects": [
        {
            "goal_pos": [
                -0.2943718430223189,
                -0.6855399610438785,
                0.21500000000000002
            ],
            "goal_quat": [
                0.14876595789137662,
                -0.0,
                -0.0,
                -0.9888724335184297
            ],
            "shape": [
                0.26,
                0.21,
                0.33
            ],
            "start_pos": [
                0.06351811949816744,
                1.2180984222497928,
                0.21500000000000002
            ],
            "start_quat": [
                0.7520705604491084,
                -0.0,
                -0.0,
                -0.659082598849161
            ]
        }
    ]
}