{
    "objects": [
        {
            "goal_pos": [
                1.0322993748599187,
                0.7305934145502989,
                0.1
            ],
            "goal_quat": [
                0.9982435434860769,
                -0.0,
                -0.0,
                -0.059243800421317376
            ],
            "shape": [
                0.05,
                0.16,
                0.1
            ],
            "start_pos": [
                0.16518249893628867,
                -0.03618389296508612,
                0.1
            ],
            "start_quat": [
                0.9858762774415106,
                -0.0,
                -0.0,
                -0.1674752685564932
            ]
        },
        {
            "goal_pos": [
                1.3015858047312554,
                0.42546571554459517,
                0.09
            ],
            "goal_quat": [
                0.17411364658184791,
                0.0,
                0.0,
                0.9847255648524473
            ],
            "shape": [
                0.1,
                0.19,
                0.08
            ],
            "start_pos": [
                0.039946101673949075,
                0.1951868259531015,
                0.09
            ],
            "start_quat": [
                0.6560885402570092,
                0.0,
                0.0,
                0.754683925457159
            ]
        }
    ]
}